Watching for file changes with StatReloader
Internal Server Error: /login/
Traceback (most recent call last):
  File "/mnt/aaa22500-1d14-4161-b361-89d4e7d74008/Apps/advisor-crm/venv/lib/python3.13/site-packages/django/core/handlers/exception.py", line 55, in inner
    response = get_response(request)
  File "/mnt/aaa22500-1d14-4161-b361-89d4e7d74008/Apps/advisor-crm/venv/lib/python3.13/site-packages/django/core/handlers/base.py", line 220, in _get_response
    response = response.render()
  File "/mnt/aaa22500-1d14-4161-b361-89d4e7d74008/Apps/advisor-crm/venv/lib/python3.13/site-packages/django/template/response.py", line 114, in render
    self.content = self.rendered_content
                   ^^^^^^^^^^^^^^^^^^^^^
  File "/mnt/aaa22500-1d14-4161-b361-89d4e7d74008/Apps/advisor-crm/venv/lib/python3.13/site-packages/django/template/response.py", line 90, in rendered_content
    template = self.resolve_template(self.template_name)
  File "/mnt/aaa22500-1d14-4161-b361-89d4e7d74008/Apps/advisor-crm/venv/lib/python3.13/site-packages/django/template/response.py", line 72, in resolve_template
    return select_template(template, using=self.using)
  File "/mnt/aaa22500-1d14-4161-b361-89d4e7d74008/Apps/advisor-crm/venv/lib/python3.13/site-packages/django/template/loader.py", line 47, in select_template
    raise TemplateDoesNotExist(", ".join(template_name_list), chain=chain)
django.template.exceptions.TemplateDoesNotExist: crm/login.html
/mnt/aaa22500-1d14-4161-b361-89d4e7d74008/Apps/advisor-crm/advisor_crm/advisor_crm/settings.py changed, reloading.
Watching for file changes with StatReloader
Internal Server Error: /login/
Traceback (most recent call last):
  File "/mnt/aaa22500-1d14-4161-b361-89d4e7d74008/Apps/advisor-crm/venv/lib/python3.13/site-packages/django/core/handlers/exception.py", line 55, in inner
    response = get_response(request)
  File "/mnt/aaa22500-1d14-4161-b361-89d4e7d74008/Apps/advisor-crm/venv/lib/python3.13/site-packages/django/core/handlers/base.py", line 220, in _get_response
    response = response.render()
  File "/mnt/aaa22500-1d14-4161-b361-89d4e7d74008/Apps/advisor-crm/venv/lib/python3.13/site-packages/django/template/response.py", line 114, in render
    self.content = self.rendered_content
                   ^^^^^^^^^^^^^^^^^^^^^
  File "/mnt/aaa22500-1d14-4161-b361-89d4e7d74008/Apps/advisor-crm/venv/lib/python3.13/site-packages/django/template/response.py", line 90, in rendered_content
    template = self.resolve_template(self.template_name)
  File "/mnt/aaa22500-1d14-4161-b361-89d4e7d74008/Apps/advisor-crm/venv/lib/python3.13/site-packages/django/template/response.py", line 72, in resolve_template
    return select_template(template, using=self.using)
  File "/mnt/aaa22500-1d14-4161-b361-89d4e7d74008/Apps/advisor-crm/venv/lib/python3.13/site-packages/django/template/loader.py", line 47, in select_template
    raise TemplateDoesNotExist(", ".join(template_name_list), chain=chain)
django.template.exceptions.TemplateDoesNotExist: crm/login.html
Watching for file changes with StatReloader
Internal Server Error: /login/
Traceback (most recent call last):
  File "/mnt/aaa22500-1d14-4161-b361-89d4e7d74008/Apps/advisor-crm/venv/lib/python3.13/site-packages/django/core/handlers/exception.py", line 55, in inner
    response = get_response(request)
  File "/mnt/aaa22500-1d14-4161-b361-89d4e7d74008/Apps/advisor-crm/venv/lib/python3.13/site-packages/django/core/handlers/base.py", line 220, in _get_response
    response = response.render()
  File "/mnt/aaa22500-1d14-4161-b361-89d4e7d74008/Apps/advisor-crm/venv/lib/python3.13/site-packages/django/template/response.py", line 114, in render
    self.content = self.rendered_content
                   ^^^^^^^^^^^^^^^^^^^^^
  File "/mnt/aaa22500-1d14-4161-b361-89d4e7d74008/Apps/advisor-crm/venv/lib/python3.13/site-packages/django/template/response.py", line 90, in rendered_content
    template = self.resolve_template(self.template_name)
  File "/mnt/aaa22500-1d14-4161-b361-89d4e7d74008/Apps/advisor-crm/venv/lib/python3.13/site-packages/django/template/response.py", line 72, in resolve_template
    return select_template(template, using=self.using)
  File "/mnt/aaa22500-1d14-4161-b361-89d4e7d74008/Apps/advisor-crm/venv/lib/python3.13/site-packages/django/template/loader.py", line 47, in select_template
    raise TemplateDoesNotExist(", ".join(template_name_list), chain=chain)
django.template.exceptions.TemplateDoesNotExist: crm/login.html
Internal Server Error: /login/
Traceback (most recent call last):
  File "/mnt/aaa22500-1d14-4161-b361-89d4e7d74008/Apps/advisor-crm/venv/lib/python3.13/site-packages/django/core/handlers/exception.py", line 55, in inner
    response = get_response(request)
  File "/mnt/aaa22500-1d14-4161-b361-89d4e7d74008/Apps/advisor-crm/venv/lib/python3.13/site-packages/django/core/handlers/base.py", line 220, in _get_response
    response = response.render()
  File "/mnt/aaa22500-1d14-4161-b361-89d4e7d74008/Apps/advisor-crm/venv/lib/python3.13/site-packages/django/template/response.py", line 114, in render
    self.content = self.rendered_content
                   ^^^^^^^^^^^^^^^^^^^^^
  File "/mnt/aaa22500-1d14-4161-b361-89d4e7d74008/Apps/advisor-crm/venv/lib/python3.13/site-packages/django/template/response.py", line 90, in rendered_content
    template = self.resolve_template(self.template_name)
  File "/mnt/aaa22500-1d14-4161-b361-89d4e7d74008/Apps/advisor-crm/venv/lib/python3.13/site-packages/django/template/response.py", line 72, in resolve_template
    return select_template(template, using=self.using)
  File "/mnt/aaa22500-1d14-4161-b361-89d4e7d74008/Apps/advisor-crm/venv/lib/python3.13/site-packages/django/template/loader.py", line 47, in select_template
    raise TemplateDoesNotExist(", ".join(template_name_list), chain=chain)
django.template.exceptions.TemplateDoesNotExist: crm/login.html
Internal Server Error: /login/
Traceback (most recent call last):
  File "/mnt/aaa22500-1d14-4161-b361-89d4e7d74008/Apps/advisor-crm/venv/lib/python3.13/site-packages/django/core/handlers/exception.py", line 55, in inner
    response = get_response(request)
  File "/mnt/aaa22500-1d14-4161-b361-89d4e7d74008/Apps/advisor-crm/venv/lib/python3.13/site-packages/django/core/handlers/base.py", line 220, in _get_response
    response = response.render()
  File "/mnt/aaa22500-1d14-4161-b361-89d4e7d74008/Apps/advisor-crm/venv/lib/python3.13/site-packages/django/template/response.py", line 114, in render
    self.content = self.rendered_content
                   ^^^^^^^^^^^^^^^^^^^^^
  File "/mnt/aaa22500-1d14-4161-b361-89d4e7d74008/Apps/advisor-crm/venv/lib/python3.13/site-packages/django/template/response.py", line 90, in rendered_content
    template = self.resolve_template(self.template_name)
  File "/mnt/aaa22500-1d14-4161-b361-89d4e7d74008/Apps/advisor-crm/venv/lib/python3.13/site-packages/django/template/response.py", line 72, in resolve_template
    return select_template(template, using=self.using)
  File "/mnt/aaa22500-1d14-4161-b361-89d4e7d74008/Apps/advisor-crm/venv/lib/python3.13/site-packages/django/template/loader.py", line 47, in select_template
    raise TemplateDoesNotExist(", ".join(template_name_list), chain=chain)
django.template.exceptions.TemplateDoesNotExist: crm/login.html
Watching for file changes with StatReloader
Internal Server Error: /login/
Traceback (most recent call last):
  File "/mnt/aaa22500-1d14-4161-b361-89d4e7d74008/Apps/advisor-crm/venv/lib/python3.13/site-packages/django/core/handlers/exception.py", line 55, in inner
    response = get_response(request)
  File "/mnt/aaa22500-1d14-4161-b361-89d4e7d74008/Apps/advisor-crm/venv/lib/python3.13/site-packages/django/core/handlers/base.py", line 220, in _get_response
    response = response.render()
  File "/mnt/aaa22500-1d14-4161-b361-89d4e7d74008/Apps/advisor-crm/venv/lib/python3.13/site-packages/django/template/response.py", line 114, in render
    self.content = self.rendered_content
                   ^^^^^^^^^^^^^^^^^^^^^
  File "/mnt/aaa22500-1d14-4161-b361-89d4e7d74008/Apps/advisor-crm/venv/lib/python3.13/site-packages/django/template/response.py", line 90, in rendered_content
    template = self.resolve_template(self.template_name)
  File "/mnt/aaa22500-1d14-4161-b361-89d4e7d74008/Apps/advisor-crm/venv/lib/python3.13/site-packages/django/template/response.py", line 72, in resolve_template
    return select_template(template, using=self.using)
  File "/mnt/aaa22500-1d14-4161-b361-89d4e7d74008/Apps/advisor-crm/venv/lib/python3.13/site-packages/django/template/loader.py", line 47, in select_template
    raise TemplateDoesNotExist(", ".join(template_name_list), chain=chain)
django.template.exceptions.TemplateDoesNotExist: crm/login.html
Watching for file changes with StatReloader
Internal Server Error: /login/
Traceback (most recent call last):
  File "/mnt/aaa22500-1d14-4161-b361-89d4e7d74008/Apps/advisor-crm/venv/lib/python3.13/site-packages/django/core/handlers/exception.py", line 55, in inner
    response = get_response(request)
  File "/mnt/aaa22500-1d14-4161-b361-89d4e7d74008/Apps/advisor-crm/venv/lib/python3.13/site-packages/django/core/handlers/base.py", line 220, in _get_response
    response = response.render()
  File "/mnt/aaa22500-1d14-4161-b361-89d4e7d74008/Apps/advisor-crm/venv/lib/python3.13/site-packages/django/template/response.py", line 114, in render
    self.content = self.rendered_content
                   ^^^^^^^^^^^^^^^^^^^^^
  File "/mnt/aaa22500-1d14-4161-b361-89d4e7d74008/Apps/advisor-crm/venv/lib/python3.13/site-packages/django/template/response.py", line 90, in rendered_content
    template = self.resolve_template(self.template_name)
  File "/mnt/aaa22500-1d14-4161-b361-89d4e7d74008/Apps/advisor-crm/venv/lib/python3.13/site-packages/django/template/response.py", line 72, in resolve_template
    return select_template(template, using=self.using)
  File "/mnt/aaa22500-1d14-4161-b361-89d4e7d74008/Apps/advisor-crm/venv/lib/python3.13/site-packages/django/template/loader.py", line 47, in select_template
    raise TemplateDoesNotExist(", ".join(template_name_list), chain=chain)
django.template.exceptions.TemplateDoesNotExist: crm/login.html
Internal Server Error: /login/
Traceback (most recent call last):
  File "/mnt/aaa22500-1d14-4161-b361-89d4e7d74008/Apps/advisor-crm/venv/lib/python3.13/site-packages/django/core/handlers/exception.py", line 55, in inner
    response = get_response(request)
  File "/mnt/aaa22500-1d14-4161-b361-89d4e7d74008/Apps/advisor-crm/venv/lib/python3.13/site-packages/django/core/handlers/base.py", line 220, in _get_response
    response = response.render()
  File "/mnt/aaa22500-1d14-4161-b361-89d4e7d74008/Apps/advisor-crm/venv/lib/python3.13/site-packages/django/template/response.py", line 114, in render
    self.content = self.rendered_content
                   ^^^^^^^^^^^^^^^^^^^^^
  File "/mnt/aaa22500-1d14-4161-b361-89d4e7d74008/Apps/advisor-crm/venv/lib/python3.13/site-packages/django/template/response.py", line 90, in rendered_content
    template = self.resolve_template(self.template_name)
  File "/mnt/aaa22500-1d14-4161-b361-89d4e7d74008/Apps/advisor-crm/venv/lib/python3.13/site-packages/django/template/response.py", line 72, in resolve_template
    return select_template(template, using=self.using)
  File "/mnt/aaa22500-1d14-4161-b361-89d4e7d74008/Apps/advisor-crm/venv/lib/python3.13/site-packages/django/template/loader.py", line 47, in select_template
    raise TemplateDoesNotExist(", ".join(template_name_list), chain=chain)
django.template.exceptions.TemplateDoesNotExist: crm/login.html
/mnt/aaa22500-1d14-4161-b361-89d4e7d74008/Apps/advisor-crm/advisor_crm/crm/urls.py changed, reloading.
Watching for file changes with StatReloader
Watching for file changes with StatReloader
Internal Server Error: /login/
Traceback (most recent call last):
  File "/mnt/aaa22500-1d14-4161-b361-89d4e7d74008/Apps/advisor-crm/venv/lib/python3.13/site-packages/django/core/handlers/exception.py", line 55, in inner
    response = get_response(request)
  File "/mnt/aaa22500-1d14-4161-b361-89d4e7d74008/Apps/advisor-crm/venv/lib/python3.13/site-packages/django/core/handlers/base.py", line 220, in _get_response
    response = response.render()
  File "/mnt/aaa22500-1d14-4161-b361-89d4e7d74008/Apps/advisor-crm/venv/lib/python3.13/site-packages/django/template/response.py", line 114, in render
    self.content = self.rendered_content
                   ^^^^^^^^^^^^^^^^^^^^^
  File "/mnt/aaa22500-1d14-4161-b361-89d4e7d74008/Apps/advisor-crm/venv/lib/python3.13/site-packages/django/template/response.py", line 90, in rendered_content
    template = self.resolve_template(self.template_name)
  File "/mnt/aaa22500-1d14-4161-b361-89d4e7d74008/Apps/advisor-crm/venv/lib/python3.13/site-packages/django/template/response.py", line 72, in resolve_template
    return select_template(template, using=self.using)
  File "/mnt/aaa22500-1d14-4161-b361-89d4e7d74008/Apps/advisor-crm/venv/lib/python3.13/site-packages/django/template/loader.py", line 47, in select_template
    raise TemplateDoesNotExist(", ".join(template_name_list), chain=chain)
django.template.exceptions.TemplateDoesNotExist: crm/templates/login.html
/mnt/aaa22500-1d14-4161-b361-89d4e7d74008/Apps/advisor-crm/advisor_crm/crm/urls.py changed, reloading.
Watching for file changes with StatReloader
Watching for file changes with StatReloader
Not Found: /login/
Not Found: /login/
/mnt/aaa22500-1d14-4161-b361-89d4e7d74008/Apps/advisor-crm/advisor_crm/crm/urls.py changed, reloading.
Watching for file changes with StatReloader
Watching for file changes with StatReloader
Internal Server Error: /login/
Traceback (most recent call last):
  File "/mnt/aaa22500-1d14-4161-b361-89d4e7d74008/Apps/advisor-crm/venv/lib/python3.13/site-packages/django/core/handlers/exception.py", line 55, in inner
    response = get_response(request)
  File "/mnt/aaa22500-1d14-4161-b361-89d4e7d74008/Apps/advisor-crm/venv/lib/python3.13/site-packages/django/core/handlers/base.py", line 220, in _get_response
    response = response.render()
  File "/mnt/aaa22500-1d14-4161-b361-89d4e7d74008/Apps/advisor-crm/venv/lib/python3.13/site-packages/django/template/response.py", line 114, in render
    self.content = self.rendered_content
                   ^^^^^^^^^^^^^^^^^^^^^
  File "/mnt/aaa22500-1d14-4161-b361-89d4e7d74008/Apps/advisor-crm/venv/lib/python3.13/site-packages/django/template/response.py", line 90, in rendered_content
    template = self.resolve_template(self.template_name)
  File "/mnt/aaa22500-1d14-4161-b361-89d4e7d74008/Apps/advisor-crm/venv/lib/python3.13/site-packages/django/template/response.py", line 72, in resolve_template
    return select_template(template, using=self.using)
  File "/mnt/aaa22500-1d14-4161-b361-89d4e7d74008/Apps/advisor-crm/venv/lib/python3.13/site-packages/django/template/loader.py", line 47, in select_template
    raise TemplateDoesNotExist(", ".join(template_name_list), chain=chain)
django.template.exceptions.TemplateDoesNotExist: crm/templates/crm/login.html
Internal Server Error: /login/
Traceback (most recent call last):
  File "/mnt/aaa22500-1d14-4161-b361-89d4e7d74008/Apps/advisor-crm/venv/lib/python3.13/site-packages/django/core/handlers/exception.py", line 55, in inner
    response = get_response(request)
  File "/mnt/aaa22500-1d14-4161-b361-89d4e7d74008/Apps/advisor-crm/venv/lib/python3.13/site-packages/django/core/handlers/base.py", line 220, in _get_response
    response = response.render()
  File "/mnt/aaa22500-1d14-4161-b361-89d4e7d74008/Apps/advisor-crm/venv/lib/python3.13/site-packages/django/template/response.py", line 114, in render
    self.content = self.rendered_content
                   ^^^^^^^^^^^^^^^^^^^^^
  File "/mnt/aaa22500-1d14-4161-b361-89d4e7d74008/Apps/advisor-crm/venv/lib/python3.13/site-packages/django/template/response.py", line 90, in rendered_content
    template = self.resolve_template(self.template_name)
  File "/mnt/aaa22500-1d14-4161-b361-89d4e7d74008/Apps/advisor-crm/venv/lib/python3.13/site-packages/django/template/response.py", line 72, in resolve_template
    return select_template(template, using=self.using)
  File "/mnt/aaa22500-1d14-4161-b361-89d4e7d74008/Apps/advisor-crm/venv/lib/python3.13/site-packages/django/template/loader.py", line 47, in select_template
    raise TemplateDoesNotExist(", ".join(template_name_list), chain=chain)
django.template.exceptions.TemplateDoesNotExist: crm/templates/crm/login.html
Internal Server Error: /login/
Traceback (most recent call last):
  File "/mnt/aaa22500-1d14-4161-b361-89d4e7d74008/Apps/advisor-crm/venv/lib/python3.13/site-packages/django/core/handlers/exception.py", line 55, in inner
    response = get_response(request)
  File "/mnt/aaa22500-1d14-4161-b361-89d4e7d74008/Apps/advisor-crm/venv/lib/python3.13/site-packages/django/core/handlers/base.py", line 220, in _get_response
    response = response.render()
  File "/mnt/aaa22500-1d14-4161-b361-89d4e7d74008/Apps/advisor-crm/venv/lib/python3.13/site-packages/django/template/response.py", line 114, in render
    self.content = self.rendered_content
                   ^^^^^^^^^^^^^^^^^^^^^
  File "/mnt/aaa22500-1d14-4161-b361-89d4e7d74008/Apps/advisor-crm/venv/lib/python3.13/site-packages/django/template/response.py", line 90, in rendered_content
    template = self.resolve_template(self.template_name)
  File "/mnt/aaa22500-1d14-4161-b361-89d4e7d74008/Apps/advisor-crm/venv/lib/python3.13/site-packages/django/template/response.py", line 72, in resolve_template
    return select_template(template, using=self.using)
  File "/mnt/aaa22500-1d14-4161-b361-89d4e7d74008/Apps/advisor-crm/venv/lib/python3.13/site-packages/django/template/loader.py", line 47, in select_template
    raise TemplateDoesNotExist(", ".join(template_name_list), chain=chain)
django.template.exceptions.TemplateDoesNotExist: crm/templates/crm/login.html
Watching for file changes with StatReloader
Internal Server Error: /login/
Traceback (most recent call last):
  File "/mnt/aaa22500-1d14-4161-b361-89d4e7d74008/Apps/advisor-crm/venv/lib/python3.13/site-packages/django/core/handlers/exception.py", line 55, in inner
    response = get_response(request)
  File "/mnt/aaa22500-1d14-4161-b361-89d4e7d74008/Apps/advisor-crm/venv/lib/python3.13/site-packages/django/core/handlers/base.py", line 220, in _get_response
    response = response.render()
  File "/mnt/aaa22500-1d14-4161-b361-89d4e7d74008/Apps/advisor-crm/venv/lib/python3.13/site-packages/django/template/response.py", line 114, in render
    self.content = self.rendered_content
                   ^^^^^^^^^^^^^^^^^^^^^
  File "/mnt/aaa22500-1d14-4161-b361-89d4e7d74008/Apps/advisor-crm/venv/lib/python3.13/site-packages/django/template/response.py", line 90, in rendered_content
    template = self.resolve_template(self.template_name)
  File "/mnt/aaa22500-1d14-4161-b361-89d4e7d74008/Apps/advisor-crm/venv/lib/python3.13/site-packages/django/template/response.py", line 72, in resolve_template
    return select_template(template, using=self.using)
  File "/mnt/aaa22500-1d14-4161-b361-89d4e7d74008/Apps/advisor-crm/venv/lib/python3.13/site-packages/django/template/loader.py", line 47, in select_template
    raise TemplateDoesNotExist(", ".join(template_name_list), chain=chain)
django.template.exceptions.TemplateDoesNotExist: templates/crm/login.html
Internal Server Error: /login/
Traceback (most recent call last):
  File "/mnt/aaa22500-1d14-4161-b361-89d4e7d74008/Apps/advisor-crm/venv/lib/python3.13/site-packages/django/core/handlers/exception.py", line 55, in inner
    response = get_response(request)
  File "/mnt/aaa22500-1d14-4161-b361-89d4e7d74008/Apps/advisor-crm/venv/lib/python3.13/site-packages/django/core/handlers/base.py", line 220, in _get_response
    response = response.render()
  File "/mnt/aaa22500-1d14-4161-b361-89d4e7d74008/Apps/advisor-crm/venv/lib/python3.13/site-packages/django/template/response.py", line 114, in render
    self.content = self.rendered_content
                   ^^^^^^^^^^^^^^^^^^^^^
  File "/mnt/aaa22500-1d14-4161-b361-89d4e7d74008/Apps/advisor-crm/venv/lib/python3.13/site-packages/django/template/response.py", line 90, in rendered_content
    template = self.resolve_template(self.template_name)
  File "/mnt/aaa22500-1d14-4161-b361-89d4e7d74008/Apps/advisor-crm/venv/lib/python3.13/site-packages/django/template/response.py", line 72, in resolve_template
    return select_template(template, using=self.using)
  File "/mnt/aaa22500-1d14-4161-b361-89d4e7d74008/Apps/advisor-crm/venv/lib/python3.13/site-packages/django/template/loader.py", line 47, in select_template
    raise TemplateDoesNotExist(", ".join(template_name_list), chain=chain)
django.template.exceptions.TemplateDoesNotExist: templates/crm/login.html
Watching for file changes with StatReloader
Internal Server Error: /login/
Traceback (most recent call last):
  File "/mnt/aaa22500-1d14-4161-b361-89d4e7d74008/Apps/advisor-crm/venv/lib/python3.13/site-packages/django/core/handlers/exception.py", line 55, in inner
    response = get_response(request)
  File "/mnt/aaa22500-1d14-4161-b361-89d4e7d74008/Apps/advisor-crm/venv/lib/python3.13/site-packages/django/core/handlers/base.py", line 220, in _get_response
    response = response.render()
  File "/mnt/aaa22500-1d14-4161-b361-89d4e7d74008/Apps/advisor-crm/venv/lib/python3.13/site-packages/django/template/response.py", line 114, in render
    self.content = self.rendered_content
                   ^^^^^^^^^^^^^^^^^^^^^
  File "/mnt/aaa22500-1d14-4161-b361-89d4e7d74008/Apps/advisor-crm/venv/lib/python3.13/site-packages/django/template/response.py", line 90, in rendered_content
    template = self.resolve_template(self.template_name)
  File "/mnt/aaa22500-1d14-4161-b361-89d4e7d74008/Apps/advisor-crm/venv/lib/python3.13/site-packages/django/template/response.py", line 72, in resolve_template
    return select_template(template, using=self.using)
  File "/mnt/aaa22500-1d14-4161-b361-89d4e7d74008/Apps/advisor-crm/venv/lib/python3.13/site-packages/django/template/loader.py", line 47, in select_template
    raise TemplateDoesNotExist(", ".join(template_name_list), chain=chain)
django.template.exceptions.TemplateDoesNotExist: templates/crm/login.html
Internal Server Error: /login/
Traceback (most recent call last):
  File "/mnt/aaa22500-1d14-4161-b361-89d4e7d74008/Apps/advisor-crm/venv/lib/python3.13/site-packages/django/core/handlers/exception.py", line 55, in inner
    response = get_response(request)
  File "/mnt/aaa22500-1d14-4161-b361-89d4e7d74008/Apps/advisor-crm/venv/lib/python3.13/site-packages/django/core/handlers/base.py", line 220, in _get_response
    response = response.render()
  File "/mnt/aaa22500-1d14-4161-b361-89d4e7d74008/Apps/advisor-crm/venv/lib/python3.13/site-packages/django/template/response.py", line 114, in render
    self.content = self.rendered_content
                   ^^^^^^^^^^^^^^^^^^^^^
  File "/mnt/aaa22500-1d14-4161-b361-89d4e7d74008/Apps/advisor-crm/venv/lib/python3.13/site-packages/django/template/response.py", line 90, in rendered_content
    template = self.resolve_template(self.template_name)
  File "/mnt/aaa22500-1d14-4161-b361-89d4e7d74008/Apps/advisor-crm/venv/lib/python3.13/site-packages/django/template/response.py", line 72, in resolve_template
    return select_template(template, using=self.using)
  File "/mnt/aaa22500-1d14-4161-b361-89d4e7d74008/Apps/advisor-crm/venv/lib/python3.13/site-packages/django/template/loader.py", line 47, in select_template
    raise TemplateDoesNotExist(", ".join(template_name_list), chain=chain)
django.template.exceptions.TemplateDoesNotExist: templates/crm/login.html
/mnt/aaa22500-1d14-4161-b361-89d4e7d74008/Apps/advisor-crm/advisor_crm/crm/urls.py changed, reloading.
Watching for file changes with StatReloader
Watching for file changes with StatReloader
Internal Server Error: /
Traceback (most recent call last):
  File "/mnt/aaa22500-1d14-4161-b361-89d4e7d74008/Apps/advisor-crm/venv/lib/python3.13/site-packages/django/core/handlers/exception.py", line 55, in inner
    response = get_response(request)
  File "/mnt/aaa22500-1d14-4161-b361-89d4e7d74008/Apps/advisor-crm/venv/lib/python3.13/site-packages/django/core/handlers/base.py", line 197, in _get_response
    response = wrapped_callback(request, *callback_args, **callback_kwargs)
  File "/mnt/aaa22500-1d14-4161-b361-89d4e7d74008/Apps/advisor-crm/venv/lib/python3.13/site-packages/django/contrib/auth/decorators.py", line 59, in _view_wrapper
    return view_func(request, *args, **kwargs)
  File "/mnt/aaa22500-1d14-4161-b361-89d4e7d74008/Apps/advisor-crm/advisor_crm/crm/views.py", line 80, in dashboard
    return render(request, 'crm/dashboard.html', context)
  File "/mnt/aaa22500-1d14-4161-b361-89d4e7d74008/Apps/advisor-crm/venv/lib/python3.13/site-packages/django/shortcuts.py", line 25, in render
    content = loader.render_to_string(template_name, context, request, using=using)
  File "/mnt/aaa22500-1d14-4161-b361-89d4e7d74008/Apps/advisor-crm/venv/lib/python3.13/site-packages/django/template/loader.py", line 61, in render_to_string
    template = get_template(template_name, using=using)
  File "/mnt/aaa22500-1d14-4161-b361-89d4e7d74008/Apps/advisor-crm/venv/lib/python3.13/site-packages/django/template/loader.py", line 19, in get_template
    raise TemplateDoesNotExist(template_name, chain=chain)
django.template.exceptions.TemplateDoesNotExist: crm/dashboard.html
Watching for file changes with StatReloader
Internal Server Error: /applications/
Traceback (most recent call last):
  File "/mnt/aaa22500-1d14-4161-b361-89d4e7d74008/Apps/advisor-crm/venv/lib/python3.13/site-packages/django/core/handlers/exception.py", line 55, in inner
    response = get_response(request)
  File "/mnt/aaa22500-1d14-4161-b361-89d4e7d74008/Apps/advisor-crm/venv/lib/python3.13/site-packages/django/core/handlers/base.py", line 220, in _get_response
    response = response.render()
  File "/mnt/aaa22500-1d14-4161-b361-89d4e7d74008/Apps/advisor-crm/venv/lib/python3.13/site-packages/django/template/response.py", line 114, in render
    self.content = self.rendered_content
                   ^^^^^^^^^^^^^^^^^^^^^
  File "/mnt/aaa22500-1d14-4161-b361-89d4e7d74008/Apps/advisor-crm/venv/lib/python3.13/site-packages/django/template/response.py", line 90, in rendered_content
    template = self.resolve_template(self.template_name)
  File "/mnt/aaa22500-1d14-4161-b361-89d4e7d74008/Apps/advisor-crm/venv/lib/python3.13/site-packages/django/template/response.py", line 72, in resolve_template
    return select_template(template, using=self.using)
  File "/mnt/aaa22500-1d14-4161-b361-89d4e7d74008/Apps/advisor-crm/venv/lib/python3.13/site-packages/django/template/loader.py", line 47, in select_template
    raise TemplateDoesNotExist(", ".join(template_name_list), chain=chain)
django.template.exceptions.TemplateDoesNotExist: crm/application_list.html, crm/application_list.html
Internal Server Error: /mortgages/
Traceback (most recent call last):
  File "/mnt/aaa22500-1d14-4161-b361-89d4e7d74008/Apps/advisor-crm/venv/lib/python3.13/site-packages/django/core/handlers/exception.py", line 55, in inner
    response = get_response(request)
  File "/mnt/aaa22500-1d14-4161-b361-89d4e7d74008/Apps/advisor-crm/venv/lib/python3.13/site-packages/django/core/handlers/base.py", line 220, in _get_response
    response = response.render()
  File "/mnt/aaa22500-1d14-4161-b361-89d4e7d74008/Apps/advisor-crm/venv/lib/python3.13/site-packages/django/template/response.py", line 114, in render
    self.content = self.rendered_content
                   ^^^^^^^^^^^^^^^^^^^^^
  File "/mnt/aaa22500-1d14-4161-b361-89d4e7d74008/Apps/advisor-crm/venv/lib/python3.13/site-packages/django/template/response.py", line 90, in rendered_content
    template = self.resolve_template(self.template_name)
  File "/mnt/aaa22500-1d14-4161-b361-89d4e7d74008/Apps/advisor-crm/venv/lib/python3.13/site-packages/django/template/response.py", line 72, in resolve_template
    return select_template(template, using=self.using)
  File "/mnt/aaa22500-1d14-4161-b361-89d4e7d74008/Apps/advisor-crm/venv/lib/python3.13/site-packages/django/template/loader.py", line 47, in select_template
    raise TemplateDoesNotExist(", ".join(template_name_list), chain=chain)
django.template.exceptions.TemplateDoesNotExist: crm/mortgage_list.html, crm/mortgage_list.html
Internal Server Error: /insurance/
Traceback (most recent call last):
  File "/mnt/aaa22500-1d14-4161-b361-89d4e7d74008/Apps/advisor-crm/venv/lib/python3.13/site-packages/django/core/handlers/exception.py", line 55, in inner
    response = get_response(request)
  File "/mnt/aaa22500-1d14-4161-b361-89d4e7d74008/Apps/advisor-crm/venv/lib/python3.13/site-packages/django/core/handlers/base.py", line 220, in _get_response
    response = response.render()
  File "/mnt/aaa22500-1d14-4161-b361-89d4e7d74008/Apps/advisor-crm/venv/lib/python3.13/site-packages/django/template/response.py", line 114, in render
    self.content = self.rendered_content
                   ^^^^^^^^^^^^^^^^^^^^^
  File "/mnt/aaa22500-1d14-4161-b361-89d4e7d74008/Apps/advisor-crm/venv/lib/python3.13/site-packages/django/template/response.py", line 90, in rendered_content
    template = self.resolve_template(self.template_name)
  File "/mnt/aaa22500-1d14-4161-b361-89d4e7d74008/Apps/advisor-crm/venv/lib/python3.13/site-packages/django/template/response.py", line 72, in resolve_template
    return select_template(template, using=self.using)
  File "/mnt/aaa22500-1d14-4161-b361-89d4e7d74008/Apps/advisor-crm/venv/lib/python3.13/site-packages/django/template/loader.py", line 47, in select_template
    raise TemplateDoesNotExist(", ".join(template_name_list), chain=chain)
django.template.exceptions.TemplateDoesNotExist: crm/insurance_list.html, crm/insurancepolicy_list.html
Internal Server Error: /renewals/
Traceback (most recent call last):
  File "/mnt/aaa22500-1d14-4161-b361-89d4e7d74008/Apps/advisor-crm/venv/lib/python3.13/site-packages/django/core/handlers/exception.py", line 55, in inner
    response = get_response(request)
  File "/mnt/aaa22500-1d14-4161-b361-89d4e7d74008/Apps/advisor-crm/venv/lib/python3.13/site-packages/django/core/handlers/base.py", line 197, in _get_response
    response = wrapped_callback(request, *callback_args, **callback_kwargs)
  File "/mnt/aaa22500-1d14-4161-b361-89d4e7d74008/Apps/advisor-crm/venv/lib/python3.13/site-packages/django/contrib/auth/decorators.py", line 59, in _view_wrapper
    return view_func(request, *args, **kwargs)
  File "/mnt/aaa22500-1d14-4161-b361-89d4e7d74008/Apps/advisor-crm/advisor_crm/crm/views.py", line 283, in renewal_alerts
    return render(request, 'crm/renewal_alerts.html', context)
  File "/mnt/aaa22500-1d14-4161-b361-89d4e7d74008/Apps/advisor-crm/venv/lib/python3.13/site-packages/django/shortcuts.py", line 25, in render
    content = loader.render_to_string(template_name, context, request, using=using)
  File "/mnt/aaa22500-1d14-4161-b361-89d4e7d74008/Apps/advisor-crm/venv/lib/python3.13/site-packages/django/template/loader.py", line 61, in render_to_string
    template = get_template(template_name, using=using)
  File "/mnt/aaa22500-1d14-4161-b361-89d4e7d74008/Apps/advisor-crm/venv/lib/python3.13/site-packages/django/template/loader.py", line 19, in get_template
    raise TemplateDoesNotExist(template_name, chain=chain)
django.template.exceptions.TemplateDoesNotExist: crm/renewal_alerts.html
Internal Server Error: /reports/
Traceback (most recent call last):
  File "/mnt/aaa22500-1d14-4161-b361-89d4e7d74008/Apps/advisor-crm/venv/lib/python3.13/site-packages/django/core/handlers/exception.py", line 55, in inner
    response = get_response(request)
  File "/mnt/aaa22500-1d14-4161-b361-89d4e7d74008/Apps/advisor-crm/venv/lib/python3.13/site-packages/django/core/handlers/base.py", line 197, in _get_response
    response = wrapped_callback(request, *callback_args, **callback_kwargs)
  File "/mnt/aaa22500-1d14-4161-b361-89d4e7d74008/Apps/advisor-crm/venv/lib/python3.13/site-packages/django/contrib/auth/decorators.py", line 59, in _view_wrapper
    return view_func(request, *args, **kwargs)
  File "/mnt/aaa22500-1d14-4161-b361-89d4e7d74008/Apps/advisor-crm/advisor_crm/crm/views.py", line 353, in reports_view
    return render(request, 'crm/reports.html', context)
  File "/mnt/aaa22500-1d14-4161-b361-89d4e7d74008/Apps/advisor-crm/venv/lib/python3.13/site-packages/django/shortcuts.py", line 25, in render
    content = loader.render_to_string(template_name, context, request, using=using)
  File "/mnt/aaa22500-1d14-4161-b361-89d4e7d74008/Apps/advisor-crm/venv/lib/python3.13/site-packages/django/template/loader.py", line 61, in render_to_string
    template = get_template(template_name, using=using)
  File "/mnt/aaa22500-1d14-4161-b361-89d4e7d74008/Apps/advisor-crm/venv/lib/python3.13/site-packages/django/template/loader.py", line 19, in get_template
    raise TemplateDoesNotExist(template_name, chain=chain)
django.template.exceptions.TemplateDoesNotExist: crm/reports.html
Internal Server Error: /applications/
Traceback (most recent call last):
  File "/mnt/aaa22500-1d14-4161-b361-89d4e7d74008/Apps/advisor-crm/venv/lib/python3.13/site-packages/django/core/handlers/exception.py", line 55, in inner
    response = get_response(request)
  File "/mnt/aaa22500-1d14-4161-b361-89d4e7d74008/Apps/advisor-crm/venv/lib/python3.13/site-packages/django/core/handlers/base.py", line 220, in _get_response
    response = response.render()
  File "/mnt/aaa22500-1d14-4161-b361-89d4e7d74008/Apps/advisor-crm/venv/lib/python3.13/site-packages/django/template/response.py", line 114, in render
    self.content = self.rendered_content
                   ^^^^^^^^^^^^^^^^^^^^^
  File "/mnt/aaa22500-1d14-4161-b361-89d4e7d74008/Apps/advisor-crm/venv/lib/python3.13/site-packages/django/template/response.py", line 90, in rendered_content
    template = self.resolve_template(self.template_name)
  File "/mnt/aaa22500-1d14-4161-b361-89d4e7d74008/Apps/advisor-crm/venv/lib/python3.13/site-packages/django/template/response.py", line 72, in resolve_template
    return select_template(template, using=self.using)
  File "/mnt/aaa22500-1d14-4161-b361-89d4e7d74008/Apps/advisor-crm/venv/lib/python3.13/site-packages/django/template/loader.py", line 47, in select_template
    raise TemplateDoesNotExist(", ".join(template_name_list), chain=chain)
django.template.exceptions.TemplateDoesNotExist: crm/application_list.html, crm/application_list.html
Internal Server Error: /applications/
Traceback (most recent call last):
  File "/mnt/aaa22500-1d14-4161-b361-89d4e7d74008/Apps/advisor-crm/venv/lib/python3.13/site-packages/django/core/handlers/exception.py", line 55, in inner
    response = get_response(request)
  File "/mnt/aaa22500-1d14-4161-b361-89d4e7d74008/Apps/advisor-crm/venv/lib/python3.13/site-packages/django/core/handlers/base.py", line 220, in _get_response
    response = response.render()
  File "/mnt/aaa22500-1d14-4161-b361-89d4e7d74008/Apps/advisor-crm/venv/lib/python3.13/site-packages/django/template/response.py", line 114, in render
    self.content = self.rendered_content
                   ^^^^^^^^^^^^^^^^^^^^^
  File "/mnt/aaa22500-1d14-4161-b361-89d4e7d74008/Apps/advisor-crm/venv/lib/python3.13/site-packages/django/template/response.py", line 90, in rendered_content
    template = self.resolve_template(self.template_name)
  File "/mnt/aaa22500-1d14-4161-b361-89d4e7d74008/Apps/advisor-crm/venv/lib/python3.13/site-packages/django/template/response.py", line 72, in resolve_template
    return select_template(template, using=self.using)
  File "/mnt/aaa22500-1d14-4161-b361-89d4e7d74008/Apps/advisor-crm/venv/lib/python3.13/site-packages/django/template/loader.py", line 47, in select_template
    raise TemplateDoesNotExist(", ".join(template_name_list), chain=chain)
django.template.exceptions.TemplateDoesNotExist: crm/application_list.html, crm/application_list.html
Internal Server Error: /mortgages/
Traceback (most recent call last):
  File "/mnt/aaa22500-1d14-4161-b361-89d4e7d74008/Apps/advisor-crm/venv/lib/python3.13/site-packages/django/core/handlers/exception.py", line 55, in inner
    response = get_response(request)
  File "/mnt/aaa22500-1d14-4161-b361-89d4e7d74008/Apps/advisor-crm/venv/lib/python3.13/site-packages/django/core/handlers/base.py", line 220, in _get_response
    response = response.render()
  File "/mnt/aaa22500-1d14-4161-b361-89d4e7d74008/Apps/advisor-crm/venv/lib/python3.13/site-packages/django/template/response.py", line 114, in render
    self.content = self.rendered_content
                   ^^^^^^^^^^^^^^^^^^^^^
  File "/mnt/aaa22500-1d14-4161-b361-89d4e7d74008/Apps/advisor-crm/venv/lib/python3.13/site-packages/django/template/response.py", line 90, in rendered_content
    template = self.resolve_template(self.template_name)
  File "/mnt/aaa22500-1d14-4161-b361-89d4e7d74008/Apps/advisor-crm/venv/lib/python3.13/site-packages/django/template/response.py", line 72, in resolve_template
    return select_template(template, using=self.using)
  File "/mnt/aaa22500-1d14-4161-b361-89d4e7d74008/Apps/advisor-crm/venv/lib/python3.13/site-packages/django/template/loader.py", line 47, in select_template
    raise TemplateDoesNotExist(", ".join(template_name_list), chain=chain)
django.template.exceptions.TemplateDoesNotExist: crm/mortgage_list.html, crm/mortgage_list.html
Internal Server Error: /insurance/
Traceback (most recent call last):
  File "/mnt/aaa22500-1d14-4161-b361-89d4e7d74008/Apps/advisor-crm/venv/lib/python3.13/site-packages/django/core/handlers/exception.py", line 55, in inner
    response = get_response(request)
  File "/mnt/aaa22500-1d14-4161-b361-89d4e7d74008/Apps/advisor-crm/venv/lib/python3.13/site-packages/django/core/handlers/base.py", line 220, in _get_response
    response = response.render()
  File "/mnt/aaa22500-1d14-4161-b361-89d4e7d74008/Apps/advisor-crm/venv/lib/python3.13/site-packages/django/template/response.py", line 114, in render
    self.content = self.rendered_content
                   ^^^^^^^^^^^^^^^^^^^^^
  File "/mnt/aaa22500-1d14-4161-b361-89d4e7d74008/Apps/advisor-crm/venv/lib/python3.13/site-packages/django/template/response.py", line 90, in rendered_content
    template = self.resolve_template(self.template_name)
  File "/mnt/aaa22500-1d14-4161-b361-89d4e7d74008/Apps/advisor-crm/venv/lib/python3.13/site-packages/django/template/response.py", line 72, in resolve_template
    return select_template(template, using=self.using)
  File "/mnt/aaa22500-1d14-4161-b361-89d4e7d74008/Apps/advisor-crm/venv/lib/python3.13/site-packages/django/template/loader.py", line 47, in select_template
    raise TemplateDoesNotExist(", ".join(template_name_list), chain=chain)
django.template.exceptions.TemplateDoesNotExist: crm/insurance_list.html, crm/insurancepolicy_list.html
Internal Server Error: /renewals/
Traceback (most recent call last):
  File "/mnt/aaa22500-1d14-4161-b361-89d4e7d74008/Apps/advisor-crm/venv/lib/python3.13/site-packages/django/core/handlers/exception.py", line 55, in inner
    response = get_response(request)
  File "/mnt/aaa22500-1d14-4161-b361-89d4e7d74008/Apps/advisor-crm/venv/lib/python3.13/site-packages/django/core/handlers/base.py", line 197, in _get_response
    response = wrapped_callback(request, *callback_args, **callback_kwargs)
  File "/mnt/aaa22500-1d14-4161-b361-89d4e7d74008/Apps/advisor-crm/venv/lib/python3.13/site-packages/django/contrib/auth/decorators.py", line 59, in _view_wrapper
    return view_func(request, *args, **kwargs)
  File "/mnt/aaa22500-1d14-4161-b361-89d4e7d74008/Apps/advisor-crm/advisor_crm/crm/views.py", line 283, in renewal_alerts
    return render(request, 'crm/renewal_alerts.html', context)
  File "/mnt/aaa22500-1d14-4161-b361-89d4e7d74008/Apps/advisor-crm/venv/lib/python3.13/site-packages/django/shortcuts.py", line 25, in render
    content = loader.render_to_string(template_name, context, request, using=using)
  File "/mnt/aaa22500-1d14-4161-b361-89d4e7d74008/Apps/advisor-crm/venv/lib/python3.13/site-packages/django/template/loader.py", line 61, in render_to_string
    template = get_template(template_name, using=using)
  File "/mnt/aaa22500-1d14-4161-b361-89d4e7d74008/Apps/advisor-crm/venv/lib/python3.13/site-packages/django/template/loader.py", line 19, in get_template
    raise TemplateDoesNotExist(template_name, chain=chain)
django.template.exceptions.TemplateDoesNotExist: crm/renewal_alerts.html
Internal Server Error: /reports/
Traceback (most recent call last):
  File "/mnt/aaa22500-1d14-4161-b361-89d4e7d74008/Apps/advisor-crm/venv/lib/python3.13/site-packages/django/core/handlers/exception.py", line 55, in inner
    response = get_response(request)
  File "/mnt/aaa22500-1d14-4161-b361-89d4e7d74008/Apps/advisor-crm/venv/lib/python3.13/site-packages/django/core/handlers/base.py", line 197, in _get_response
    response = wrapped_callback(request, *callback_args, **callback_kwargs)
  File "/mnt/aaa22500-1d14-4161-b361-89d4e7d74008/Apps/advisor-crm/venv/lib/python3.13/site-packages/django/contrib/auth/decorators.py", line 59, in _view_wrapper
    return view_func(request, *args, **kwargs)
  File "/mnt/aaa22500-1d14-4161-b361-89d4e7d74008/Apps/advisor-crm/advisor_crm/crm/views.py", line 353, in reports_view
    return render(request, 'crm/reports.html', context)
  File "/mnt/aaa22500-1d14-4161-b361-89d4e7d74008/Apps/advisor-crm/venv/lib/python3.13/site-packages/django/shortcuts.py", line 25, in render
    content = loader.render_to_string(template_name, context, request, using=using)
  File "/mnt/aaa22500-1d14-4161-b361-89d4e7d74008/Apps/advisor-crm/venv/lib/python3.13/site-packages/django/template/loader.py", line 61, in render_to_string
    template = get_template(template_name, using=using)
  File "/mnt/aaa22500-1d14-4161-b361-89d4e7d74008/Apps/advisor-crm/venv/lib/python3.13/site-packages/django/template/loader.py", line 19, in get_template
    raise TemplateDoesNotExist(template_name, chain=chain)
django.template.exceptions.TemplateDoesNotExist: crm/reports.html
Internal Server Error: /customers/add/
Traceback (most recent call last):
  File "/mnt/aaa22500-1d14-4161-b361-89d4e7d74008/Apps/advisor-crm/venv/lib/python3.13/site-packages/django/core/handlers/exception.py", line 55, in inner
    response = get_response(request)
  File "/mnt/aaa22500-1d14-4161-b361-89d4e7d74008/Apps/advisor-crm/venv/lib/python3.13/site-packages/django/core/handlers/base.py", line 220, in _get_response
    response = response.render()
  File "/mnt/aaa22500-1d14-4161-b361-89d4e7d74008/Apps/advisor-crm/venv/lib/python3.13/site-packages/django/template/response.py", line 114, in render
    self.content = self.rendered_content
                   ^^^^^^^^^^^^^^^^^^^^^
  File "/mnt/aaa22500-1d14-4161-b361-89d4e7d74008/Apps/advisor-crm/venv/lib/python3.13/site-packages/django/template/response.py", line 90, in rendered_content
    template = self.resolve_template(self.template_name)
  File "/mnt/aaa22500-1d14-4161-b361-89d4e7d74008/Apps/advisor-crm/venv/lib/python3.13/site-packages/django/template/response.py", line 72, in resolve_template
    return select_template(template, using=self.using)
  File "/mnt/aaa22500-1d14-4161-b361-89d4e7d74008/Apps/advisor-crm/venv/lib/python3.13/site-packages/django/template/loader.py", line 47, in select_template
    raise TemplateDoesNotExist(", ".join(template_name_list), chain=chain)
django.template.exceptions.TemplateDoesNotExist: crm/customer_form.html
Watching for file changes with StatReloader
Internal Server Error: /mortgages/add/
Traceback (most recent call last):
  File "/mnt/aaa22500-1d14-4161-b361-89d4e7d74008/Apps/advisor-crm/venv/lib/python3.13/site-packages/django/core/handlers/exception.py", line 55, in inner
    response = get_response(request)
  File "/mnt/aaa22500-1d14-4161-b361-89d4e7d74008/Apps/advisor-crm/venv/lib/python3.13/site-packages/django/core/handlers/base.py", line 220, in _get_response
    response = response.render()
  File "/mnt/aaa22500-1d14-4161-b361-89d4e7d74008/Apps/advisor-crm/venv/lib/python3.13/site-packages/django/template/response.py", line 114, in render
    self.content = self.rendered_content
                   ^^^^^^^^^^^^^^^^^^^^^
  File "/mnt/aaa22500-1d14-4161-b361-89d4e7d74008/Apps/advisor-crm/venv/lib/python3.13/site-packages/django/template/response.py", line 90, in rendered_content
    template = self.resolve_template(self.template_name)
  File "/mnt/aaa22500-1d14-4161-b361-89d4e7d74008/Apps/advisor-crm/venv/lib/python3.13/site-packages/django/template/response.py", line 72, in resolve_template
    return select_template(template, using=self.using)
  File "/mnt/aaa22500-1d14-4161-b361-89d4e7d74008/Apps/advisor-crm/venv/lib/python3.13/site-packages/django/template/loader.py", line 47, in select_template
    raise TemplateDoesNotExist(", ".join(template_name_list), chain=chain)
django.template.exceptions.TemplateDoesNotExist: crm/mortgage_form.html
Internal Server Error: /mortgages/add/
Traceback (most recent call last):
  File "/mnt/aaa22500-1d14-4161-b361-89d4e7d74008/Apps/advisor-crm/venv/lib/python3.13/site-packages/django/core/handlers/exception.py", line 55, in inner
    response = get_response(request)
  File "/mnt/aaa22500-1d14-4161-b361-89d4e7d74008/Apps/advisor-crm/venv/lib/python3.13/site-packages/django/core/handlers/base.py", line 220, in _get_response
    response = response.render()
  File "/mnt/aaa22500-1d14-4161-b361-89d4e7d74008/Apps/advisor-crm/venv/lib/python3.13/site-packages/django/template/response.py", line 114, in render
    self.content = self.rendered_content
                   ^^^^^^^^^^^^^^^^^^^^^
  File "/mnt/aaa22500-1d14-4161-b361-89d4e7d74008/Apps/advisor-crm/venv/lib/python3.13/site-packages/django/template/response.py", line 90, in rendered_content
    template = self.resolve_template(self.template_name)
  File "/mnt/aaa22500-1d14-4161-b361-89d4e7d74008/Apps/advisor-crm/venv/lib/python3.13/site-packages/django/template/response.py", line 72, in resolve_template
    return select_template(template, using=self.using)
  File "/mnt/aaa22500-1d14-4161-b361-89d4e7d74008/Apps/advisor-crm/venv/lib/python3.13/site-packages/django/template/loader.py", line 47, in select_template
    raise TemplateDoesNotExist(", ".join(template_name_list), chain=chain)
django.template.exceptions.TemplateDoesNotExist: crm/mortgage_form.html
Internal Server Error: /reports/
Traceback (most recent call last):
  File "/mnt/aaa22500-1d14-4161-b361-89d4e7d74008/Apps/advisor-crm/venv/lib/python3.13/site-packages/django/core/handlers/exception.py", line 55, in inner
    response = get_response(request)
  File "/mnt/aaa22500-1d14-4161-b361-89d4e7d74008/Apps/advisor-crm/venv/lib/python3.13/site-packages/django/core/handlers/base.py", line 197, in _get_response
    response = wrapped_callback(request, *callback_args, **callback_kwargs)
  File "/mnt/aaa22500-1d14-4161-b361-89d4e7d74008/Apps/advisor-crm/venv/lib/python3.13/site-packages/django/contrib/auth/decorators.py", line 59, in _view_wrapper
    return view_func(request, *args, **kwargs)
  File "/mnt/aaa22500-1d14-4161-b361-89d4e7d74008/Apps/advisor-crm/advisor_crm/crm/views.py", line 353, in reports_view
    return render(request, 'crm/reports.html', context)
  File "/mnt/aaa22500-1d14-4161-b361-89d4e7d74008/Apps/advisor-crm/venv/lib/python3.13/site-packages/django/shortcuts.py", line 25, in render
    content = loader.render_to_string(template_name, context, request, using=using)
  File "/mnt/aaa22500-1d14-4161-b361-89d4e7d74008/Apps/advisor-crm/venv/lib/python3.13/site-packages/django/template/loader.py", line 61, in render_to_string
    template = get_template(template_name, using=using)
  File "/mnt/aaa22500-1d14-4161-b361-89d4e7d74008/Apps/advisor-crm/venv/lib/python3.13/site-packages/django/template/loader.py", line 19, in get_template
    raise TemplateDoesNotExist(template_name, chain=chain)
django.template.exceptions.TemplateDoesNotExist: crm/reports.html
Internal Server Error: /customers/add/
Traceback (most recent call last):
  File "/mnt/aaa22500-1d14-4161-b361-89d4e7d74008/Apps/advisor-crm/venv/lib/python3.13/site-packages/django/core/handlers/exception.py", line 55, in inner
    response = get_response(request)
  File "/mnt/aaa22500-1d14-4161-b361-89d4e7d74008/Apps/advisor-crm/venv/lib/python3.13/site-packages/django/core/handlers/base.py", line 220, in _get_response
    response = response.render()
  File "/mnt/aaa22500-1d14-4161-b361-89d4e7d74008/Apps/advisor-crm/venv/lib/python3.13/site-packages/django/template/response.py", line 114, in render
    self.content = self.rendered_content
                   ^^^^^^^^^^^^^^^^^^^^^
  File "/mnt/aaa22500-1d14-4161-b361-89d4e7d74008/Apps/advisor-crm/venv/lib/python3.13/site-packages/django/template/response.py", line 90, in rendered_content
    template = self.resolve_template(self.template_name)
  File "/mnt/aaa22500-1d14-4161-b361-89d4e7d74008/Apps/advisor-crm/venv/lib/python3.13/site-packages/django/template/response.py", line 72, in resolve_template
    return select_template(template, using=self.using)
  File "/mnt/aaa22500-1d14-4161-b361-89d4e7d74008/Apps/advisor-crm/venv/lib/python3.13/site-packages/django/template/loader.py", line 47, in select_template
    raise TemplateDoesNotExist(", ".join(template_name_list), chain=chain)
django.template.exceptions.TemplateDoesNotExist: crm/customer_form.html
Watching for file changes with StatReloader
Watching for file changes with StatReloader
Watching for file changes with StatReloader
Watching for file changes with StatReloader
Watching for file changes with StatReloader
Watching for file changes with StatReloader
Watching for file changes with StatReloader
Internal Server Error: /applications/
Traceback (most recent call last):
  File "/mnt/aaa22500-1d14-4161-b361-89d4e7d74008/Apps/advisor-crm/venv/lib/python3.13/site-packages/django/core/handlers/exception.py", line 55, in inner
    response = get_response(request)
  File "/mnt/aaa22500-1d14-4161-b361-89d4e7d74008/Apps/advisor-crm/venv/lib/python3.13/site-packages/django/core/handlers/base.py", line 220, in _get_response
    response = response.render()
  File "/mnt/aaa22500-1d14-4161-b361-89d4e7d74008/Apps/advisor-crm/venv/lib/python3.13/site-packages/django/template/response.py", line 114, in render
    self.content = self.rendered_content
                   ^^^^^^^^^^^^^^^^^^^^^
  File "/mnt/aaa22500-1d14-4161-b361-89d4e7d74008/Apps/advisor-crm/venv/lib/python3.13/site-packages/django/template/response.py", line 90, in rendered_content
    template = self.resolve_template(self.template_name)
  File "/mnt/aaa22500-1d14-4161-b361-89d4e7d74008/Apps/advisor-crm/venv/lib/python3.13/site-packages/django/template/response.py", line 72, in resolve_template
    return select_template(template, using=self.using)
  File "/mnt/aaa22500-1d14-4161-b361-89d4e7d74008/Apps/advisor-crm/venv/lib/python3.13/site-packages/django/template/loader.py", line 42, in select_template
    return engine.get_template(template_name)
           ~~~~~~~~~~~~~~~~~~~^^^^^^^^^^^^^^^
  File "/mnt/aaa22500-1d14-4161-b361-89d4e7d74008/Apps/advisor-crm/venv/lib/python3.13/site-packages/django/template/backends/django.py", line 79, in get_template
    return Template(self.engine.get_template(template_name), self)
                    ~~~~~~~~~~~~~~~~~~~~~~~~^^^^^^^^^^^^^^^
  File "/mnt/aaa22500-1d14-4161-b361-89d4e7d74008/Apps/advisor-crm/venv/lib/python3.13/site-packages/django/template/engine.py", line 177, in get_template
    template, origin = self.find_template(template_name)
                       ~~~~~~~~~~~~~~~~~~^^^^^^^^^^^^^^^
  File "/mnt/aaa22500-1d14-4161-b361-89d4e7d74008/Apps/advisor-crm/venv/lib/python3.13/site-packages/django/template/engine.py", line 159, in find_template
    template = loader.get_template(name, skip=skip)
  File "/mnt/aaa22500-1d14-4161-b361-89d4e7d74008/Apps/advisor-crm/venv/lib/python3.13/site-packages/django/template/loaders/cached.py", line 57, in get_template
    template = super().get_template(template_name, skip)
  File "/mnt/aaa22500-1d14-4161-b361-89d4e7d74008/Apps/advisor-crm/venv/lib/python3.13/site-packages/django/template/loaders/base.py", line 28, in get_template
    return Template(
        contents,
    ...<2 lines>...
        self.engine,
    )
  File "/mnt/aaa22500-1d14-4161-b361-89d4e7d74008/Apps/advisor-crm/venv/lib/python3.13/site-packages/django/template/base.py", line 154, in __init__
    self.nodelist = self.compile_nodelist()
                    ~~~~~~~~~~~~~~~~~~~~~^^
  File "/mnt/aaa22500-1d14-4161-b361-89d4e7d74008/Apps/advisor-crm/venv/lib/python3.13/site-packages/django/template/base.py", line 196, in compile_nodelist
    nodelist = parser.parse()
  File "/mnt/aaa22500-1d14-4161-b361-89d4e7d74008/Apps/advisor-crm/venv/lib/python3.13/site-packages/django/template/base.py", line 518, in parse
    raise self.error(token, e)
  File "/mnt/aaa22500-1d14-4161-b361-89d4e7d74008/Apps/advisor-crm/venv/lib/python3.13/site-packages/django/template/base.py", line 516, in parse
    compiled_result = compile_func(self, token)
  File "/mnt/aaa22500-1d14-4161-b361-89d4e7d74008/Apps/advisor-crm/venv/lib/python3.13/site-packages/django/template/loader_tags.py", line 299, in do_extends
    nodelist = parser.parse()
  File "/mnt/aaa22500-1d14-4161-b361-89d4e7d74008/Apps/advisor-crm/venv/lib/python3.13/site-packages/django/template/base.py", line 518, in parse
    raise self.error(token, e)
  File "/mnt/aaa22500-1d14-4161-b361-89d4e7d74008/Apps/advisor-crm/venv/lib/python3.13/site-packages/django/template/base.py", line 516, in parse
    compiled_result = compile_func(self, token)
  File "/mnt/aaa22500-1d14-4161-b361-89d4e7d74008/Apps/advisor-crm/venv/lib/python3.13/site-packages/django/template/loader_tags.py", line 234, in do_block
    nodelist = parser.parse(("endblock",))
  File "/mnt/aaa22500-1d14-4161-b361-89d4e7d74008/Apps/advisor-crm/venv/lib/python3.13/site-packages/django/template/base.py", line 523, in parse
    self.unclosed_block_tag(parse_until)
    ~~~~~~~~~~~~~~~~~~~~~~~^^^^^^^^^^^^^
  File "/mnt/aaa22500-1d14-4161-b361-89d4e7d74008/Apps/advisor-crm/venv/lib/python3.13/site-packages/django/template/base.py", line 590, in unclosed_block_tag
    raise self.error(token, msg)
django.template.exceptions.TemplateSyntaxError: Unclosed tag on line 12: 'block'. Looking for one of: endblock.
Internal Server Error: /insurance/
Traceback (most recent call last):
  File "/mnt/aaa22500-1d14-4161-b361-89d4e7d74008/Apps/advisor-crm/venv/lib/python3.13/site-packages/django/core/handlers/exception.py", line 55, in inner
    response = get_response(request)
  File "/mnt/aaa22500-1d14-4161-b361-89d4e7d74008/Apps/advisor-crm/venv/lib/python3.13/site-packages/django/core/handlers/base.py", line 220, in _get_response
    response = response.render()
  File "/mnt/aaa22500-1d14-4161-b361-89d4e7d74008/Apps/advisor-crm/venv/lib/python3.13/site-packages/django/template/response.py", line 114, in render
    self.content = self.rendered_content
                   ^^^^^^^^^^^^^^^^^^^^^
  File "/mnt/aaa22500-1d14-4161-b361-89d4e7d74008/Apps/advisor-crm/venv/lib/python3.13/site-packages/django/template/response.py", line 90, in rendered_content
    template = self.resolve_template(self.template_name)
  File "/mnt/aaa22500-1d14-4161-b361-89d4e7d74008/Apps/advisor-crm/venv/lib/python3.13/site-packages/django/template/response.py", line 72, in resolve_template
    return select_template(template, using=self.using)
  File "/mnt/aaa22500-1d14-4161-b361-89d4e7d74008/Apps/advisor-crm/venv/lib/python3.13/site-packages/django/template/loader.py", line 47, in select_template
    raise TemplateDoesNotExist(", ".join(template_name_list), chain=chain)
django.template.exceptions.TemplateDoesNotExist: crm/insurance_list.html, crm/insurancepolicy_list.html
Internal Server Error: /renewals/
Traceback (most recent call last):
  File "/mnt/aaa22500-1d14-4161-b361-89d4e7d74008/Apps/advisor-crm/venv/lib/python3.13/site-packages/django/core/handlers/exception.py", line 55, in inner
    response = get_response(request)
  File "/mnt/aaa22500-1d14-4161-b361-89d4e7d74008/Apps/advisor-crm/venv/lib/python3.13/site-packages/django/core/handlers/base.py", line 197, in _get_response
    response = wrapped_callback(request, *callback_args, **callback_kwargs)
  File "/mnt/aaa22500-1d14-4161-b361-89d4e7d74008/Apps/advisor-crm/venv/lib/python3.13/site-packages/django/contrib/auth/decorators.py", line 59, in _view_wrapper
    return view_func(request, *args, **kwargs)
  File "/mnt/aaa22500-1d14-4161-b361-89d4e7d74008/Apps/advisor-crm/advisor_crm/crm/views.py", line 283, in renewal_alerts
    return render(request, 'crm/renewal_alerts.html', context)
  File "/mnt/aaa22500-1d14-4161-b361-89d4e7d74008/Apps/advisor-crm/venv/lib/python3.13/site-packages/django/shortcuts.py", line 25, in render
    content = loader.render_to_string(template_name, context, request, using=using)
  File "/mnt/aaa22500-1d14-4161-b361-89d4e7d74008/Apps/advisor-crm/venv/lib/python3.13/site-packages/django/template/loader.py", line 61, in render_to_string
    template = get_template(template_name, using=using)
  File "/mnt/aaa22500-1d14-4161-b361-89d4e7d74008/Apps/advisor-crm/venv/lib/python3.13/site-packages/django/template/loader.py", line 19, in get_template
    raise TemplateDoesNotExist(template_name, chain=chain)
django.template.exceptions.TemplateDoesNotExist: crm/renewal_alerts.html
Internal Server Error: /reports/
Traceback (most recent call last):
  File "/mnt/aaa22500-1d14-4161-b361-89d4e7d74008/Apps/advisor-crm/venv/lib/python3.13/site-packages/django/core/handlers/exception.py", line 55, in inner
    response = get_response(request)
  File "/mnt/aaa22500-1d14-4161-b361-89d4e7d74008/Apps/advisor-crm/venv/lib/python3.13/site-packages/django/core/handlers/base.py", line 197, in _get_response
    response = wrapped_callback(request, *callback_args, **callback_kwargs)
  File "/mnt/aaa22500-1d14-4161-b361-89d4e7d74008/Apps/advisor-crm/venv/lib/python3.13/site-packages/django/contrib/auth/decorators.py", line 59, in _view_wrapper
    return view_func(request, *args, **kwargs)
  File "/mnt/aaa22500-1d14-4161-b361-89d4e7d74008/Apps/advisor-crm/advisor_crm/crm/views.py", line 353, in reports_view
    return render(request, 'crm/reports.html', context)
  File "/mnt/aaa22500-1d14-4161-b361-89d4e7d74008/Apps/advisor-crm/venv/lib/python3.13/site-packages/django/shortcuts.py", line 25, in render
    content = loader.render_to_string(template_name, context, request, using=using)
  File "/mnt/aaa22500-1d14-4161-b361-89d4e7d74008/Apps/advisor-crm/venv/lib/python3.13/site-packages/django/template/loader.py", line 61, in render_to_string
    template = get_template(template_name, using=using)
  File "/mnt/aaa22500-1d14-4161-b361-89d4e7d74008/Apps/advisor-crm/venv/lib/python3.13/site-packages/django/template/loader.py", line 19, in get_template
    raise TemplateDoesNotExist(template_name, chain=chain)
django.template.exceptions.TemplateDoesNotExist: crm/reports.html
Watching for file changes with StatReloader
Watching for file changes with StatReloader
Watching for file changes with StatReloader
Internal Server Error: /customers/
Traceback (most recent call last):
  File "/mnt/aaa22500-1d14-4161-b361-89d4e7d74008/Apps/advisor-crm/venv/lib/python3.13/site-packages/django/core/handlers/exception.py", line 55, in inner
    response = get_response(request)
  File "/mnt/aaa22500-1d14-4161-b361-89d4e7d74008/Apps/advisor-crm/venv/lib/python3.13/site-packages/django/core/handlers/base.py", line 220, in _get_response
    response = response.render()
  File "/mnt/aaa22500-1d14-4161-b361-89d4e7d74008/Apps/advisor-crm/venv/lib/python3.13/site-packages/django/template/response.py", line 114, in render
    self.content = self.rendered_content
                   ^^^^^^^^^^^^^^^^^^^^^
  File "/mnt/aaa22500-1d14-4161-b361-89d4e7d74008/Apps/advisor-crm/venv/lib/python3.13/site-packages/django/template/response.py", line 90, in rendered_content
    template = self.resolve_template(self.template_name)
  File "/mnt/aaa22500-1d14-4161-b361-89d4e7d74008/Apps/advisor-crm/venv/lib/python3.13/site-packages/django/template/response.py", line 72, in resolve_template
    return select_template(template, using=self.using)
  File "/mnt/aaa22500-1d14-4161-b361-89d4e7d74008/Apps/advisor-crm/venv/lib/python3.13/site-packages/django/template/loader.py", line 47, in select_template
    raise TemplateDoesNotExist(", ".join(template_name_list), chain=chain)
django.template.exceptions.TemplateDoesNotExist: crm/customer_list.html, crm/customer_list.html
Internal Server Error: /applications/
Traceback (most recent call last):
  File "/mnt/aaa22500-1d14-4161-b361-89d4e7d74008/Apps/advisor-crm/venv/lib/python3.13/site-packages/django/core/handlers/exception.py", line 55, in inner
    response = get_response(request)
  File "/mnt/aaa22500-1d14-4161-b361-89d4e7d74008/Apps/advisor-crm/venv/lib/python3.13/site-packages/django/core/handlers/base.py", line 220, in _get_response
    response = response.render()
  File "/mnt/aaa22500-1d14-4161-b361-89d4e7d74008/Apps/advisor-crm/venv/lib/python3.13/site-packages/django/template/response.py", line 114, in render
    self.content = self.rendered_content
                   ^^^^^^^^^^^^^^^^^^^^^
  File "/mnt/aaa22500-1d14-4161-b361-89d4e7d74008/Apps/advisor-crm/venv/lib/python3.13/site-packages/django/template/response.py", line 90, in rendered_content
    template = self.resolve_template(self.template_name)
  File "/mnt/aaa22500-1d14-4161-b361-89d4e7d74008/Apps/advisor-crm/venv/lib/python3.13/site-packages/django/template/response.py", line 72, in resolve_template
    return select_template(template, using=self.using)
  File "/mnt/aaa22500-1d14-4161-b361-89d4e7d74008/Apps/advisor-crm/venv/lib/python3.13/site-packages/django/template/loader.py", line 47, in select_template
    raise TemplateDoesNotExist(", ".join(template_name_list), chain=chain)
django.template.exceptions.TemplateDoesNotExist: crm/application_list.html, crm/application_list.html
Internal Server Error: /customers/
Traceback (most recent call last):
  File "/mnt/aaa22500-1d14-4161-b361-89d4e7d74008/Apps/advisor-crm/venv/lib/python3.13/site-packages/django/core/handlers/exception.py", line 55, in inner
    response = get_response(request)
  File "/mnt/aaa22500-1d14-4161-b361-89d4e7d74008/Apps/advisor-crm/venv/lib/python3.13/site-packages/django/core/handlers/base.py", line 220, in _get_response
    response = response.render()
  File "/mnt/aaa22500-1d14-4161-b361-89d4e7d74008/Apps/advisor-crm/venv/lib/python3.13/site-packages/django/template/response.py", line 114, in render
    self.content = self.rendered_content
                   ^^^^^^^^^^^^^^^^^^^^^
  File "/mnt/aaa22500-1d14-4161-b361-89d4e7d74008/Apps/advisor-crm/venv/lib/python3.13/site-packages/django/template/response.py", line 90, in rendered_content
    template = self.resolve_template(self.template_name)
  File "/mnt/aaa22500-1d14-4161-b361-89d4e7d74008/Apps/advisor-crm/venv/lib/python3.13/site-packages/django/template/response.py", line 72, in resolve_template
    return select_template(template, using=self.using)
  File "/mnt/aaa22500-1d14-4161-b361-89d4e7d74008/Apps/advisor-crm/venv/lib/python3.13/site-packages/django/template/loader.py", line 47, in select_template
    raise TemplateDoesNotExist(", ".join(template_name_list), chain=chain)
django.template.exceptions.TemplateDoesNotExist: crm/customer_list.html, crm/customer_list.html
Internal Server Error: /applications/
Traceback (most recent call last):
  File "/mnt/aaa22500-1d14-4161-b361-89d4e7d74008/Apps/advisor-crm/venv/lib/python3.13/site-packages/django/core/handlers/exception.py", line 55, in inner
    response = get_response(request)
  File "/mnt/aaa22500-1d14-4161-b361-89d4e7d74008/Apps/advisor-crm/venv/lib/python3.13/site-packages/django/core/handlers/base.py", line 220, in _get_response
    response = response.render()
  File "/mnt/aaa22500-1d14-4161-b361-89d4e7d74008/Apps/advisor-crm/venv/lib/python3.13/site-packages/django/template/response.py", line 114, in render
    self.content = self.rendered_content
                   ^^^^^^^^^^^^^^^^^^^^^
  File "/mnt/aaa22500-1d14-4161-b361-89d4e7d74008/Apps/advisor-crm/venv/lib/python3.13/site-packages/django/template/response.py", line 90, in rendered_content
    template = self.resolve_template(self.template_name)
  File "/mnt/aaa22500-1d14-4161-b361-89d4e7d74008/Apps/advisor-crm/venv/lib/python3.13/site-packages/django/template/response.py", line 72, in resolve_template
    return select_template(template, using=self.using)
  File "/mnt/aaa22500-1d14-4161-b361-89d4e7d74008/Apps/advisor-crm/venv/lib/python3.13/site-packages/django/template/loader.py", line 47, in select_template
    raise TemplateDoesNotExist(", ".join(template_name_list), chain=chain)
django.template.exceptions.TemplateDoesNotExist: crm/application_list.html, crm/application_list.html
Internal Server Error: /mortgages/
Traceback (most recent call last):
  File "/mnt/aaa22500-1d14-4161-b361-89d4e7d74008/Apps/advisor-crm/venv/lib/python3.13/site-packages/django/template/base.py", line 510, in parse
    compile_func = self.tags[command]
                   ~~~~~~~~~^^^^^^^^^
KeyError: 'empty'

During handling of the above exception, another exception occurred:

Traceback (most recent call last):
  File "/mnt/aaa22500-1d14-4161-b361-89d4e7d74008/Apps/advisor-crm/venv/lib/python3.13/site-packages/django/core/handlers/exception.py", line 55, in inner
    response = get_response(request)
  File "/mnt/aaa22500-1d14-4161-b361-89d4e7d74008/Apps/advisor-crm/venv/lib/python3.13/site-packages/django/core/handlers/base.py", line 220, in _get_response
    response = response.render()
  File "/mnt/aaa22500-1d14-4161-b361-89d4e7d74008/Apps/advisor-crm/venv/lib/python3.13/site-packages/django/template/response.py", line 114, in render
    self.content = self.rendered_content
                   ^^^^^^^^^^^^^^^^^^^^^
  File "/mnt/aaa22500-1d14-4161-b361-89d4e7d74008/Apps/advisor-crm/venv/lib/python3.13/site-packages/django/template/response.py", line 90, in rendered_content
    template = self.resolve_template(self.template_name)
  File "/mnt/aaa22500-1d14-4161-b361-89d4e7d74008/Apps/advisor-crm/venv/lib/python3.13/site-packages/django/template/response.py", line 72, in resolve_template
    return select_template(template, using=self.using)
  File "/mnt/aaa22500-1d14-4161-b361-89d4e7d74008/Apps/advisor-crm/venv/lib/python3.13/site-packages/django/template/loader.py", line 42, in select_template
    return engine.get_template(template_name)
           ~~~~~~~~~~~~~~~~~~~^^^^^^^^^^^^^^^
  File "/mnt/aaa22500-1d14-4161-b361-89d4e7d74008/Apps/advisor-crm/venv/lib/python3.13/site-packages/django/template/backends/django.py", line 79, in get_template
    return Template(self.engine.get_template(template_name), self)
                    ~~~~~~~~~~~~~~~~~~~~~~~~^^^^^^^^^^^^^^^
  File "/mnt/aaa22500-1d14-4161-b361-89d4e7d74008/Apps/advisor-crm/venv/lib/python3.13/site-packages/django/template/engine.py", line 177, in get_template
    template, origin = self.find_template(template_name)
                       ~~~~~~~~~~~~~~~~~~^^^^^^^^^^^^^^^
  File "/mnt/aaa22500-1d14-4161-b361-89d4e7d74008/Apps/advisor-crm/venv/lib/python3.13/site-packages/django/template/engine.py", line 159, in find_template
    template = loader.get_template(name, skip=skip)
  File "/mnt/aaa22500-1d14-4161-b361-89d4e7d74008/Apps/advisor-crm/venv/lib/python3.13/site-packages/django/template/loaders/cached.py", line 57, in get_template
    template = super().get_template(template_name, skip)
  File "/mnt/aaa22500-1d14-4161-b361-89d4e7d74008/Apps/advisor-crm/venv/lib/python3.13/site-packages/django/template/loaders/base.py", line 28, in get_template
    return Template(
        contents,
    ...<2 lines>...
        self.engine,
    )
  File "/mnt/aaa22500-1d14-4161-b361-89d4e7d74008/Apps/advisor-crm/venv/lib/python3.13/site-packages/django/template/base.py", line 154, in __init__
    self.nodelist = self.compile_nodelist()
                    ~~~~~~~~~~~~~~~~~~~~~^^
  File "/mnt/aaa22500-1d14-4161-b361-89d4e7d74008/Apps/advisor-crm/venv/lib/python3.13/site-packages/django/template/base.py", line 196, in compile_nodelist
    nodelist = parser.parse()
  File "/mnt/aaa22500-1d14-4161-b361-89d4e7d74008/Apps/advisor-crm/venv/lib/python3.13/site-packages/django/template/base.py", line 518, in parse
    raise self.error(token, e)
  File "/mnt/aaa22500-1d14-4161-b361-89d4e7d74008/Apps/advisor-crm/venv/lib/python3.13/site-packages/django/template/base.py", line 516, in parse
    compiled_result = compile_func(self, token)
  File "/mnt/aaa22500-1d14-4161-b361-89d4e7d74008/Apps/advisor-crm/venv/lib/python3.13/site-packages/django/template/loader_tags.py", line 299, in do_extends
    nodelist = parser.parse()
  File "/mnt/aaa22500-1d14-4161-b361-89d4e7d74008/Apps/advisor-crm/venv/lib/python3.13/site-packages/django/template/base.py", line 518, in parse
    raise self.error(token, e)
  File "/mnt/aaa22500-1d14-4161-b361-89d4e7d74008/Apps/advisor-crm/venv/lib/python3.13/site-packages/django/template/base.py", line 516, in parse
    compiled_result = compile_func(self, token)
  File "/mnt/aaa22500-1d14-4161-b361-89d4e7d74008/Apps/advisor-crm/venv/lib/python3.13/site-packages/django/template/loader_tags.py", line 234, in do_block
    nodelist = parser.parse(("endblock",))
  File "/mnt/aaa22500-1d14-4161-b361-89d4e7d74008/Apps/advisor-crm/venv/lib/python3.13/site-packages/django/template/base.py", line 512, in parse
    self.invalid_block_tag(token, command, parse_until)
    ~~~~~~~~~~~~~~~~~~~~~~^^^^^^^^^^^^^^^^^^^^^^^^^^^^^
  File "/mnt/aaa22500-1d14-4161-b361-89d4e7d74008/Apps/advisor-crm/venv/lib/python3.13/site-packages/django/template/base.py", line 567, in invalid_block_tag
    raise self.error(
    ...<8 lines>...
    )
django.template.exceptions.TemplateSyntaxError: Invalid block tag on line 294: 'empty', expected 'endblock'. Did you forget to register or load this tag?
Internal Server Error: /insurance/
Traceback (most recent call last):
  File "/mnt/aaa22500-1d14-4161-b361-89d4e7d74008/Apps/advisor-crm/venv/lib/python3.13/site-packages/django/core/handlers/exception.py", line 55, in inner
    response = get_response(request)
  File "/mnt/aaa22500-1d14-4161-b361-89d4e7d74008/Apps/advisor-crm/venv/lib/python3.13/site-packages/django/core/handlers/base.py", line 220, in _get_response
    response = response.render()
  File "/mnt/aaa22500-1d14-4161-b361-89d4e7d74008/Apps/advisor-crm/venv/lib/python3.13/site-packages/django/template/response.py", line 114, in render
    self.content = self.rendered_content
                   ^^^^^^^^^^^^^^^^^^^^^
  File "/mnt/aaa22500-1d14-4161-b361-89d4e7d74008/Apps/advisor-crm/venv/lib/python3.13/site-packages/django/template/response.py", line 92, in rendered_content
    return template.render(context, self._request)
           ~~~~~~~~~~~~~~~^^^^^^^^^^^^^^^^^^^^^^^^
  File "/mnt/aaa22500-1d14-4161-b361-89d4e7d74008/Apps/advisor-crm/venv/lib/python3.13/site-packages/django/template/backends/django.py", line 107, in render
    return self.template.render(context)
           ~~~~~~~~~~~~~~~~~~~~^^^^^^^^^
  File "/mnt/aaa22500-1d14-4161-b361-89d4e7d74008/Apps/advisor-crm/venv/lib/python3.13/site-packages/django/template/base.py", line 171, in render
    return self._render(context)
           ~~~~~~~~~~~~^^^^^^^^^
  File "/mnt/aaa22500-1d14-4161-b361-89d4e7d74008/Apps/advisor-crm/venv/lib/python3.13/site-packages/django/template/base.py", line 163, in _render
    return self.nodelist.render(context)
           ~~~~~~~~~~~~~~~~~~~~^^^^^^^^^
  File "/mnt/aaa22500-1d14-4161-b361-89d4e7d74008/Apps/advisor-crm/venv/lib/python3.13/site-packages/django/template/base.py", line 1016, in render
    return SafeString("".join([node.render_annotated(context) for node in self]))
                               ~~~~~~~~~~~~~~~~~~~~~^^^^^^^^^
  File "/mnt/aaa22500-1d14-4161-b361-89d4e7d74008/Apps/advisor-crm/venv/lib/python3.13/site-packages/django/template/base.py", line 977, in render_annotated
    return self.render(context)
           ~~~~~~~~~~~^^^^^^^^^
  File "/mnt/aaa22500-1d14-4161-b361-89d4e7d74008/Apps/advisor-crm/venv/lib/python3.13/site-packages/django/template/loader_tags.py", line 159, in render
    return compiled_parent._render(context)
           ~~~~~~~~~~~~~~~~~~~~~~~^^^^^^^^^
  File "/mnt/aaa22500-1d14-4161-b361-89d4e7d74008/Apps/advisor-crm/venv/lib/python3.13/site-packages/django/template/base.py", line 163, in _render
    return self.nodelist.render(context)
           ~~~~~~~~~~~~~~~~~~~~^^^^^^^^^
  File "/mnt/aaa22500-1d14-4161-b361-89d4e7d74008/Apps/advisor-crm/venv/lib/python3.13/site-packages/django/template/base.py", line 1016, in render
    return SafeString("".join([node.render_annotated(context) for node in self]))
                               ~~~~~~~~~~~~~~~~~~~~~^^^^^^^^^
  File "/mnt/aaa22500-1d14-4161-b361-89d4e7d74008/Apps/advisor-crm/venv/lib/python3.13/site-packages/django/template/base.py", line 977, in render_annotated
    return self.render(context)
           ~~~~~~~~~~~^^^^^^^^^
  File "/mnt/aaa22500-1d14-4161-b361-89d4e7d74008/Apps/advisor-crm/venv/lib/python3.13/site-packages/django/template/loader_tags.py", line 65, in render
    result = block.nodelist.render(context)
  File "/mnt/aaa22500-1d14-4161-b361-89d4e7d74008/Apps/advisor-crm/venv/lib/python3.13/site-packages/django/template/base.py", line 1016, in render
    return SafeString("".join([node.render_annotated(context) for node in self]))
                               ~~~~~~~~~~~~~~~~~~~~~^^^^^^^^^
  File "/mnt/aaa22500-1d14-4161-b361-89d4e7d74008/Apps/advisor-crm/venv/lib/python3.13/site-packages/django/template/base.py", line 977, in render_annotated
    return self.render(context)
           ~~~~~~~~~~~^^^^^^^^^
  File "/mnt/aaa22500-1d14-4161-b361-89d4e7d74008/Apps/advisor-crm/venv/lib/python3.13/site-packages/django/template/defaulttags.py", line 243, in render
    nodelist.append(node.render_annotated(context))
                    ~~~~~~~~~~~~~~~~~~~~~^^^^^^^^^
  File "/mnt/aaa22500-1d14-4161-b361-89d4e7d74008/Apps/advisor-crm/venv/lib/python3.13/site-packages/django/template/base.py", line 977, in render_annotated
    return self.render(context)
           ~~~~~~~~~~~^^^^^^^^^
  File "/mnt/aaa22500-1d14-4161-b361-89d4e7d74008/Apps/advisor-crm/venv/lib/python3.13/site-packages/django/template/defaulttags.py", line 480, in render
    url = reverse(view_name, args=args, kwargs=kwargs, current_app=current_app)
  File "/mnt/aaa22500-1d14-4161-b361-89d4e7d74008/Apps/advisor-crm/venv/lib/python3.13/site-packages/django/urls/base.py", line 98, in reverse
    resolved_url = resolver._reverse_with_prefix(view, prefix, *args, **kwargs)
  File "/mnt/aaa22500-1d14-4161-b361-89d4e7d74008/Apps/advisor-crm/venv/lib/python3.13/site-packages/django/urls/resolvers.py", line 831, in _reverse_with_prefix
    raise NoReverseMatch(msg)
django.urls.exceptions.NoReverseMatch: Reverse for 'insurance_detail' not found. 'insurance_detail' is not a valid view function or pattern name.
Method Not Allowed (GET): /logout/
Internal Server Error: /applications/
Traceback (most recent call last):
  File "/mnt/aaa22500-1d14-4161-b361-89d4e7d74008/Apps/advisor-crm/venv/lib/python3.13/site-packages/django/core/handlers/exception.py", line 55, in inner
    response = get_response(request)
  File "/mnt/aaa22500-1d14-4161-b361-89d4e7d74008/Apps/advisor-crm/venv/lib/python3.13/site-packages/django/core/handlers/base.py", line 220, in _get_response
    response = response.render()
  File "/mnt/aaa22500-1d14-4161-b361-89d4e7d74008/Apps/advisor-crm/venv/lib/python3.13/site-packages/django/template/response.py", line 114, in render
    self.content = self.rendered_content
                   ^^^^^^^^^^^^^^^^^^^^^
  File "/mnt/aaa22500-1d14-4161-b361-89d4e7d74008/Apps/advisor-crm/venv/lib/python3.13/site-packages/django/template/response.py", line 90, in rendered_content
    template = self.resolve_template(self.template_name)
  File "/mnt/aaa22500-1d14-4161-b361-89d4e7d74008/Apps/advisor-crm/venv/lib/python3.13/site-packages/django/template/response.py", line 72, in resolve_template
    return select_template(template, using=self.using)
  File "/mnt/aaa22500-1d14-4161-b361-89d4e7d74008/Apps/advisor-crm/venv/lib/python3.13/site-packages/django/template/loader.py", line 42, in select_template
    return engine.get_template(template_name)
           ~~~~~~~~~~~~~~~~~~~^^^^^^^^^^^^^^^
  File "/mnt/aaa22500-1d14-4161-b361-89d4e7d74008/Apps/advisor-crm/venv/lib/python3.13/site-packages/django/template/backends/django.py", line 79, in get_template
    return Template(self.engine.get_template(template_name), self)
                    ~~~~~~~~~~~~~~~~~~~~~~~~^^^^^^^^^^^^^^^
  File "/mnt/aaa22500-1d14-4161-b361-89d4e7d74008/Apps/advisor-crm/venv/lib/python3.13/site-packages/django/template/engine.py", line 177, in get_template
    template, origin = self.find_template(template_name)
                       ~~~~~~~~~~~~~~~~~~^^^^^^^^^^^^^^^
  File "/mnt/aaa22500-1d14-4161-b361-89d4e7d74008/Apps/advisor-crm/venv/lib/python3.13/site-packages/django/template/engine.py", line 159, in find_template
    template = loader.get_template(name, skip=skip)
  File "/mnt/aaa22500-1d14-4161-b361-89d4e7d74008/Apps/advisor-crm/venv/lib/python3.13/site-packages/django/template/loaders/cached.py", line 57, in get_template
    template = super().get_template(template_name, skip)
  File "/mnt/aaa22500-1d14-4161-b361-89d4e7d74008/Apps/advisor-crm/venv/lib/python3.13/site-packages/django/template/loaders/base.py", line 28, in get_template
    return Template(
        contents,
    ...<2 lines>...
        self.engine,
    )
  File "/mnt/aaa22500-1d14-4161-b361-89d4e7d74008/Apps/advisor-crm/venv/lib/python3.13/site-packages/django/template/base.py", line 154, in __init__
    self.nodelist = self.compile_nodelist()
                    ~~~~~~~~~~~~~~~~~~~~~^^
  File "/mnt/aaa22500-1d14-4161-b361-89d4e7d74008/Apps/advisor-crm/venv/lib/python3.13/site-packages/django/template/base.py", line 196, in compile_nodelist
    nodelist = parser.parse()
  File "/mnt/aaa22500-1d14-4161-b361-89d4e7d74008/Apps/advisor-crm/venv/lib/python3.13/site-packages/django/template/base.py", line 518, in parse
    raise self.error(token, e)
  File "/mnt/aaa22500-1d14-4161-b361-89d4e7d74008/Apps/advisor-crm/venv/lib/python3.13/site-packages/django/template/base.py", line 516, in parse
    compiled_result = compile_func(self, token)
  File "/mnt/aaa22500-1d14-4161-b361-89d4e7d74008/Apps/advisor-crm/venv/lib/python3.13/site-packages/django/template/loader_tags.py", line 299, in do_extends
    nodelist = parser.parse()
  File "/mnt/aaa22500-1d14-4161-b361-89d4e7d74008/Apps/advisor-crm/venv/lib/python3.13/site-packages/django/template/base.py", line 518, in parse
    raise self.error(token, e)
  File "/mnt/aaa22500-1d14-4161-b361-89d4e7d74008/Apps/advisor-crm/venv/lib/python3.13/site-packages/django/template/base.py", line 516, in parse
    compiled_result = compile_func(self, token)
  File "/mnt/aaa22500-1d14-4161-b361-89d4e7d74008/Apps/advisor-crm/venv/lib/python3.13/site-packages/django/template/loader_tags.py", line 234, in do_block
    nodelist = parser.parse(("endblock",))
  File "/mnt/aaa22500-1d14-4161-b361-89d4e7d74008/Apps/advisor-crm/venv/lib/python3.13/site-packages/django/template/base.py", line 523, in parse
    self.unclosed_block_tag(parse_until)
    ~~~~~~~~~~~~~~~~~~~~~~~^^^^^^^^^^^^^
  File "/mnt/aaa22500-1d14-4161-b361-89d4e7d74008/Apps/advisor-crm/venv/lib/python3.13/site-packages/django/template/base.py", line 590, in unclosed_block_tag
    raise self.error(token, msg)
django.template.exceptions.TemplateSyntaxError: Unclosed tag on line 131: 'block'. Looking for one of: endblock.
Internal Server Error: /customers/
Traceback (most recent call last):
  File "/mnt/aaa22500-1d14-4161-b361-89d4e7d74008/Apps/advisor-crm/venv/lib/python3.13/site-packages/django/core/handlers/exception.py", line 55, in inner
    response = get_response(request)
  File "/mnt/aaa22500-1d14-4161-b361-89d4e7d74008/Apps/advisor-crm/venv/lib/python3.13/site-packages/django/core/handlers/base.py", line 220, in _get_response
    response = response.render()
  File "/mnt/aaa22500-1d14-4161-b361-89d4e7d74008/Apps/advisor-crm/venv/lib/python3.13/site-packages/django/template/response.py", line 114, in render
    self.content = self.rendered_content
                   ^^^^^^^^^^^^^^^^^^^^^
  File "/mnt/aaa22500-1d14-4161-b361-89d4e7d74008/Apps/advisor-crm/venv/lib/python3.13/site-packages/django/template/response.py", line 92, in rendered_content
    return template.render(context, self._request)
           ~~~~~~~~~~~~~~~^^^^^^^^^^^^^^^^^^^^^^^^
  File "/mnt/aaa22500-1d14-4161-b361-89d4e7d74008/Apps/advisor-crm/venv/lib/python3.13/site-packages/django/template/backends/django.py", line 107, in render
    return self.template.render(context)
           ~~~~~~~~~~~~~~~~~~~~^^^^^^^^^
  File "/mnt/aaa22500-1d14-4161-b361-89d4e7d74008/Apps/advisor-crm/venv/lib/python3.13/site-packages/django/template/base.py", line 171, in render
    return self._render(context)
           ~~~~~~~~~~~~^^^^^^^^^
  File "/mnt/aaa22500-1d14-4161-b361-89d4e7d74008/Apps/advisor-crm/venv/lib/python3.13/site-packages/django/template/base.py", line 163, in _render
    return self.nodelist.render(context)
           ~~~~~~~~~~~~~~~~~~~~^^^^^^^^^
  File "/mnt/aaa22500-1d14-4161-b361-89d4e7d74008/Apps/advisor-crm/venv/lib/python3.13/site-packages/django/template/base.py", line 1016, in render
    return SafeString("".join([node.render_annotated(context) for node in self]))
                               ~~~~~~~~~~~~~~~~~~~~~^^^^^^^^^
  File "/mnt/aaa22500-1d14-4161-b361-89d4e7d74008/Apps/advisor-crm/venv/lib/python3.13/site-packages/django/template/base.py", line 977, in render_annotated
    return self.render(context)
           ~~~~~~~~~~~^^^^^^^^^
  File "/mnt/aaa22500-1d14-4161-b361-89d4e7d74008/Apps/advisor-crm/venv/lib/python3.13/site-packages/django/template/loader_tags.py", line 159, in render
    return compiled_parent._render(context)
           ~~~~~~~~~~~~~~~~~~~~~~~^^^^^^^^^
  File "/mnt/aaa22500-1d14-4161-b361-89d4e7d74008/Apps/advisor-crm/venv/lib/python3.13/site-packages/django/template/base.py", line 163, in _render
    return self.nodelist.render(context)
           ~~~~~~~~~~~~~~~~~~~~^^^^^^^^^
  File "/mnt/aaa22500-1d14-4161-b361-89d4e7d74008/Apps/advisor-crm/venv/lib/python3.13/site-packages/django/template/base.py", line 1016, in render
    return SafeString("".join([node.render_annotated(context) for node in self]))
                               ~~~~~~~~~~~~~~~~~~~~~^^^^^^^^^
  File "/mnt/aaa22500-1d14-4161-b361-89d4e7d74008/Apps/advisor-crm/venv/lib/python3.13/site-packages/django/template/base.py", line 977, in render_annotated
    return self.render(context)
           ~~~~~~~~~~~^^^^^^^^^
  File "/mnt/aaa22500-1d14-4161-b361-89d4e7d74008/Apps/advisor-crm/venv/lib/python3.13/site-packages/django/template/loader_tags.py", line 65, in render
    result = block.nodelist.render(context)
  File "/mnt/aaa22500-1d14-4161-b361-89d4e7d74008/Apps/advisor-crm/venv/lib/python3.13/site-packages/django/template/base.py", line 1016, in render
    return SafeString("".join([node.render_annotated(context) for node in self]))
                               ~~~~~~~~~~~~~~~~~~~~~^^^^^^^^^
  File "/mnt/aaa22500-1d14-4161-b361-89d4e7d74008/Apps/advisor-crm/venv/lib/python3.13/site-packages/django/template/base.py", line 977, in render_annotated
    return self.render(context)
           ~~~~~~~~~~~^^^^^^^^^
  File "/mnt/aaa22500-1d14-4161-b361-89d4e7d74008/Apps/advisor-crm/venv/lib/python3.13/site-packages/django/template/defaulttags.py", line 243, in render
    nodelist.append(node.render_annotated(context))
                    ~~~~~~~~~~~~~~~~~~~~~^^^^^^^^^
  File "/mnt/aaa22500-1d14-4161-b361-89d4e7d74008/Apps/advisor-crm/venv/lib/python3.13/site-packages/django/template/base.py", line 977, in render_annotated
    return self.render(context)
           ~~~~~~~~~~~^^^^^^^^^
  File "/mnt/aaa22500-1d14-4161-b361-89d4e7d74008/Apps/advisor-crm/venv/lib/python3.13/site-packages/django/template/base.py", line 1075, in render
    output = self.filter_expression.resolve(context)
  File "/mnt/aaa22500-1d14-4161-b361-89d4e7d74008/Apps/advisor-crm/venv/lib/python3.13/site-packages/django/template/base.py", line 749, in resolve
    new_obj = func(obj, *arg_vals)
  File "/mnt/aaa22500-1d14-4161-b361-89d4e7d74008/Apps/advisor-crm/venv/lib/python3.13/site-packages/django/template/defaultfilters.py", line 814, in timesince_filter
    return timesince(value)
  File "/mnt/aaa22500-1d14-4161-b361-89d4e7d74008/Apps/advisor-crm/venv/lib/python3.13/site-packages/django/utils/timesince.py", line 62, in timesince
    d = datetime.datetime(d.year, d.month, d.day)
                          ^^^^^^
AttributeError: 'SafeString' object has no attribute 'year'
Watching for file changes with StatReloader
Internal Server Error: /customers/
Traceback (most recent call last):
  File "/mnt/aaa22500-1d14-4161-b361-89d4e7d74008/Apps/advisor-crm/venv/lib/python3.13/site-packages/django/core/handlers/exception.py", line 55, in inner
    response = get_response(request)
  File "/mnt/aaa22500-1d14-4161-b361-89d4e7d74008/Apps/advisor-crm/venv/lib/python3.13/site-packages/django/core/handlers/base.py", line 220, in _get_response
    response = response.render()
  File "/mnt/aaa22500-1d14-4161-b361-89d4e7d74008/Apps/advisor-crm/venv/lib/python3.13/site-packages/django/template/response.py", line 114, in render
    self.content = self.rendered_content
                   ^^^^^^^^^^^^^^^^^^^^^
  File "/mnt/aaa22500-1d14-4161-b361-89d4e7d74008/Apps/advisor-crm/venv/lib/python3.13/site-packages/django/template/response.py", line 92, in rendered_content
    return template.render(context, self._request)
           ~~~~~~~~~~~~~~~^^^^^^^^^^^^^^^^^^^^^^^^
  File "/mnt/aaa22500-1d14-4161-b361-89d4e7d74008/Apps/advisor-crm/venv/lib/python3.13/site-packages/django/template/backends/django.py", line 107, in render
    return self.template.render(context)
           ~~~~~~~~~~~~~~~~~~~~^^^^^^^^^
  File "/mnt/aaa22500-1d14-4161-b361-89d4e7d74008/Apps/advisor-crm/venv/lib/python3.13/site-packages/django/template/base.py", line 171, in render
    return self._render(context)
           ~~~~~~~~~~~~^^^^^^^^^
  File "/mnt/aaa22500-1d14-4161-b361-89d4e7d74008/Apps/advisor-crm/venv/lib/python3.13/site-packages/django/template/base.py", line 163, in _render
    return self.nodelist.render(context)
           ~~~~~~~~~~~~~~~~~~~~^^^^^^^^^
  File "/mnt/aaa22500-1d14-4161-b361-89d4e7d74008/Apps/advisor-crm/venv/lib/python3.13/site-packages/django/template/base.py", line 1016, in render
    return SafeString("".join([node.render_annotated(context) for node in self]))
                               ~~~~~~~~~~~~~~~~~~~~~^^^^^^^^^
  File "/mnt/aaa22500-1d14-4161-b361-89d4e7d74008/Apps/advisor-crm/venv/lib/python3.13/site-packages/django/template/base.py", line 977, in render_annotated
    return self.render(context)
           ~~~~~~~~~~~^^^^^^^^^
  File "/mnt/aaa22500-1d14-4161-b361-89d4e7d74008/Apps/advisor-crm/venv/lib/python3.13/site-packages/django/template/loader_tags.py", line 159, in render
    return compiled_parent._render(context)
           ~~~~~~~~~~~~~~~~~~~~~~~^^^^^^^^^
  File "/mnt/aaa22500-1d14-4161-b361-89d4e7d74008/Apps/advisor-crm/venv/lib/python3.13/site-packages/django/template/base.py", line 163, in _render
    return self.nodelist.render(context)
           ~~~~~~~~~~~~~~~~~~~~^^^^^^^^^
  File "/mnt/aaa22500-1d14-4161-b361-89d4e7d74008/Apps/advisor-crm/venv/lib/python3.13/site-packages/django/template/base.py", line 1016, in render
    return SafeString("".join([node.render_annotated(context) for node in self]))
                               ~~~~~~~~~~~~~~~~~~~~~^^^^^^^^^
  File "/mnt/aaa22500-1d14-4161-b361-89d4e7d74008/Apps/advisor-crm/venv/lib/python3.13/site-packages/django/template/base.py", line 977, in render_annotated
    return self.render(context)
           ~~~~~~~~~~~^^^^^^^^^
  File "/mnt/aaa22500-1d14-4161-b361-89d4e7d74008/Apps/advisor-crm/venv/lib/python3.13/site-packages/django/template/loader_tags.py", line 65, in render
    result = block.nodelist.render(context)
  File "/mnt/aaa22500-1d14-4161-b361-89d4e7d74008/Apps/advisor-crm/venv/lib/python3.13/site-packages/django/template/base.py", line 1016, in render
    return SafeString("".join([node.render_annotated(context) for node in self]))
                               ~~~~~~~~~~~~~~~~~~~~~^^^^^^^^^
  File "/mnt/aaa22500-1d14-4161-b361-89d4e7d74008/Apps/advisor-crm/venv/lib/python3.13/site-packages/django/template/base.py", line 977, in render_annotated
    return self.render(context)
           ~~~~~~~~~~~^^^^^^^^^
  File "/mnt/aaa22500-1d14-4161-b361-89d4e7d74008/Apps/advisor-crm/venv/lib/python3.13/site-packages/django/template/defaulttags.py", line 243, in render
    nodelist.append(node.render_annotated(context))
                    ~~~~~~~~~~~~~~~~~~~~~^^^^^^^^^
  File "/mnt/aaa22500-1d14-4161-b361-89d4e7d74008/Apps/advisor-crm/venv/lib/python3.13/site-packages/django/template/base.py", line 977, in render_annotated
    return self.render(context)
           ~~~~~~~~~~~^^^^^^^^^
  File "/mnt/aaa22500-1d14-4161-b361-89d4e7d74008/Apps/advisor-crm/venv/lib/python3.13/site-packages/django/template/base.py", line 1075, in render
    output = self.filter_expression.resolve(context)
  File "/mnt/aaa22500-1d14-4161-b361-89d4e7d74008/Apps/advisor-crm/venv/lib/python3.13/site-packages/django/template/base.py", line 749, in resolve
    new_obj = func(obj, *arg_vals)
  File "/mnt/aaa22500-1d14-4161-b361-89d4e7d74008/Apps/advisor-crm/venv/lib/python3.13/site-packages/django/template/defaultfilters.py", line 814, in timesince_filter
    return timesince(value)
  File "/mnt/aaa22500-1d14-4161-b361-89d4e7d74008/Apps/advisor-crm/venv/lib/python3.13/site-packages/django/utils/timesince.py", line 62, in timesince
    d = datetime.datetime(d.year, d.month, d.day)
                          ^^^^^^
AttributeError: 'SafeString' object has no attribute 'year'
Internal Server Error: /customers/
Traceback (most recent call last):
  File "/mnt/aaa22500-1d14-4161-b361-89d4e7d74008/Apps/advisor-crm/venv/lib/python3.13/site-packages/django/core/handlers/exception.py", line 55, in inner
    response = get_response(request)
  File "/mnt/aaa22500-1d14-4161-b361-89d4e7d74008/Apps/advisor-crm/venv/lib/python3.13/site-packages/django/core/handlers/base.py", line 220, in _get_response
    response = response.render()
  File "/mnt/aaa22500-1d14-4161-b361-89d4e7d74008/Apps/advisor-crm/venv/lib/python3.13/site-packages/django/template/response.py", line 114, in render
    self.content = self.rendered_content
                   ^^^^^^^^^^^^^^^^^^^^^
  File "/mnt/aaa22500-1d14-4161-b361-89d4e7d74008/Apps/advisor-crm/venv/lib/python3.13/site-packages/django/template/response.py", line 92, in rendered_content
    return template.render(context, self._request)
           ~~~~~~~~~~~~~~~^^^^^^^^^^^^^^^^^^^^^^^^
  File "/mnt/aaa22500-1d14-4161-b361-89d4e7d74008/Apps/advisor-crm/venv/lib/python3.13/site-packages/django/template/backends/django.py", line 107, in render
    return self.template.render(context)
           ~~~~~~~~~~~~~~~~~~~~^^^^^^^^^
  File "/mnt/aaa22500-1d14-4161-b361-89d4e7d74008/Apps/advisor-crm/venv/lib/python3.13/site-packages/django/template/base.py", line 171, in render
    return self._render(context)
           ~~~~~~~~~~~~^^^^^^^^^
  File "/mnt/aaa22500-1d14-4161-b361-89d4e7d74008/Apps/advisor-crm/venv/lib/python3.13/site-packages/django/template/base.py", line 163, in _render
    return self.nodelist.render(context)
           ~~~~~~~~~~~~~~~~~~~~^^^^^^^^^
  File "/mnt/aaa22500-1d14-4161-b361-89d4e7d74008/Apps/advisor-crm/venv/lib/python3.13/site-packages/django/template/base.py", line 1016, in render
    return SafeString("".join([node.render_annotated(context) for node in self]))
                               ~~~~~~~~~~~~~~~~~~~~~^^^^^^^^^
  File "/mnt/aaa22500-1d14-4161-b361-89d4e7d74008/Apps/advisor-crm/venv/lib/python3.13/site-packages/django/template/base.py", line 977, in render_annotated
    return self.render(context)
           ~~~~~~~~~~~^^^^^^^^^
  File "/mnt/aaa22500-1d14-4161-b361-89d4e7d74008/Apps/advisor-crm/venv/lib/python3.13/site-packages/django/template/loader_tags.py", line 159, in render
    return compiled_parent._render(context)
           ~~~~~~~~~~~~~~~~~~~~~~~^^^^^^^^^
  File "/mnt/aaa22500-1d14-4161-b361-89d4e7d74008/Apps/advisor-crm/venv/lib/python3.13/site-packages/django/template/base.py", line 163, in _render
    return self.nodelist.render(context)
           ~~~~~~~~~~~~~~~~~~~~^^^^^^^^^
  File "/mnt/aaa22500-1d14-4161-b361-89d4e7d74008/Apps/advisor-crm/venv/lib/python3.13/site-packages/django/template/base.py", line 1016, in render
    return SafeString("".join([node.render_annotated(context) for node in self]))
                               ~~~~~~~~~~~~~~~~~~~~~^^^^^^^^^
  File "/mnt/aaa22500-1d14-4161-b361-89d4e7d74008/Apps/advisor-crm/venv/lib/python3.13/site-packages/django/template/base.py", line 977, in render_annotated
    return self.render(context)
           ~~~~~~~~~~~^^^^^^^^^
  File "/mnt/aaa22500-1d14-4161-b361-89d4e7d74008/Apps/advisor-crm/venv/lib/python3.13/site-packages/django/template/loader_tags.py", line 65, in render
    result = block.nodelist.render(context)
  File "/mnt/aaa22500-1d14-4161-b361-89d4e7d74008/Apps/advisor-crm/venv/lib/python3.13/site-packages/django/template/base.py", line 1016, in render
    return SafeString("".join([node.render_annotated(context) for node in self]))
                               ~~~~~~~~~~~~~~~~~~~~~^^^^^^^^^
  File "/mnt/aaa22500-1d14-4161-b361-89d4e7d74008/Apps/advisor-crm/venv/lib/python3.13/site-packages/django/template/base.py", line 977, in render_annotated
    return self.render(context)
           ~~~~~~~~~~~^^^^^^^^^
  File "/mnt/aaa22500-1d14-4161-b361-89d4e7d74008/Apps/advisor-crm/venv/lib/python3.13/site-packages/django/template/defaulttags.py", line 243, in render
    nodelist.append(node.render_annotated(context))
                    ~~~~~~~~~~~~~~~~~~~~~^^^^^^^^^
  File "/mnt/aaa22500-1d14-4161-b361-89d4e7d74008/Apps/advisor-crm/venv/lib/python3.13/site-packages/django/template/base.py", line 977, in render_annotated
    return self.render(context)
           ~~~~~~~~~~~^^^^^^^^^
  File "/mnt/aaa22500-1d14-4161-b361-89d4e7d74008/Apps/advisor-crm/venv/lib/python3.13/site-packages/django/template/base.py", line 1075, in render
    output = self.filter_expression.resolve(context)
  File "/mnt/aaa22500-1d14-4161-b361-89d4e7d74008/Apps/advisor-crm/venv/lib/python3.13/site-packages/django/template/base.py", line 749, in resolve
    new_obj = func(obj, *arg_vals)
  File "/mnt/aaa22500-1d14-4161-b361-89d4e7d74008/Apps/advisor-crm/venv/lib/python3.13/site-packages/django/template/defaultfilters.py", line 814, in timesince_filter
    return timesince(value)
  File "/mnt/aaa22500-1d14-4161-b361-89d4e7d74008/Apps/advisor-crm/venv/lib/python3.13/site-packages/django/utils/timesince.py", line 62, in timesince
    d = datetime.datetime(d.year, d.month, d.day)
                          ^^^^^^
AttributeError: 'SafeString' object has no attribute 'year'
Internal Server Error: /customers/
Traceback (most recent call last):
  File "/mnt/aaa22500-1d14-4161-b361-89d4e7d74008/Apps/advisor-crm/venv/lib/python3.13/site-packages/django/core/handlers/exception.py", line 55, in inner
    response = get_response(request)
  File "/mnt/aaa22500-1d14-4161-b361-89d4e7d74008/Apps/advisor-crm/venv/lib/python3.13/site-packages/django/core/handlers/base.py", line 220, in _get_response
    response = response.render()
  File "/mnt/aaa22500-1d14-4161-b361-89d4e7d74008/Apps/advisor-crm/venv/lib/python3.13/site-packages/django/template/response.py", line 114, in render
    self.content = self.rendered_content
                   ^^^^^^^^^^^^^^^^^^^^^
  File "/mnt/aaa22500-1d14-4161-b361-89d4e7d74008/Apps/advisor-crm/venv/lib/python3.13/site-packages/django/template/response.py", line 92, in rendered_content
    return template.render(context, self._request)
           ~~~~~~~~~~~~~~~^^^^^^^^^^^^^^^^^^^^^^^^
  File "/mnt/aaa22500-1d14-4161-b361-89d4e7d74008/Apps/advisor-crm/venv/lib/python3.13/site-packages/django/template/backends/django.py", line 107, in render
    return self.template.render(context)
           ~~~~~~~~~~~~~~~~~~~~^^^^^^^^^
  File "/mnt/aaa22500-1d14-4161-b361-89d4e7d74008/Apps/advisor-crm/venv/lib/python3.13/site-packages/django/template/base.py", line 171, in render
    return self._render(context)
           ~~~~~~~~~~~~^^^^^^^^^
  File "/mnt/aaa22500-1d14-4161-b361-89d4e7d74008/Apps/advisor-crm/venv/lib/python3.13/site-packages/django/template/base.py", line 163, in _render
    return self.nodelist.render(context)
           ~~~~~~~~~~~~~~~~~~~~^^^^^^^^^
  File "/mnt/aaa22500-1d14-4161-b361-89d4e7d74008/Apps/advisor-crm/venv/lib/python3.13/site-packages/django/template/base.py", line 1016, in render
    return SafeString("".join([node.render_annotated(context) for node in self]))
                               ~~~~~~~~~~~~~~~~~~~~~^^^^^^^^^
  File "/mnt/aaa22500-1d14-4161-b361-89d4e7d74008/Apps/advisor-crm/venv/lib/python3.13/site-packages/django/template/base.py", line 977, in render_annotated
    return self.render(context)
           ~~~~~~~~~~~^^^^^^^^^
  File "/mnt/aaa22500-1d14-4161-b361-89d4e7d74008/Apps/advisor-crm/venv/lib/python3.13/site-packages/django/template/loader_tags.py", line 159, in render
    return compiled_parent._render(context)
           ~~~~~~~~~~~~~~~~~~~~~~~^^^^^^^^^
  File "/mnt/aaa22500-1d14-4161-b361-89d4e7d74008/Apps/advisor-crm/venv/lib/python3.13/site-packages/django/template/base.py", line 163, in _render
    return self.nodelist.render(context)
           ~~~~~~~~~~~~~~~~~~~~^^^^^^^^^
  File "/mnt/aaa22500-1d14-4161-b361-89d4e7d74008/Apps/advisor-crm/venv/lib/python3.13/site-packages/django/template/base.py", line 1016, in render
    return SafeString("".join([node.render_annotated(context) for node in self]))
                               ~~~~~~~~~~~~~~~~~~~~~^^^^^^^^^
  File "/mnt/aaa22500-1d14-4161-b361-89d4e7d74008/Apps/advisor-crm/venv/lib/python3.13/site-packages/django/template/base.py", line 977, in render_annotated
    return self.render(context)
           ~~~~~~~~~~~^^^^^^^^^
  File "/mnt/aaa22500-1d14-4161-b361-89d4e7d74008/Apps/advisor-crm/venv/lib/python3.13/site-packages/django/template/loader_tags.py", line 65, in render
    result = block.nodelist.render(context)
  File "/mnt/aaa22500-1d14-4161-b361-89d4e7d74008/Apps/advisor-crm/venv/lib/python3.13/site-packages/django/template/base.py", line 1016, in render
    return SafeString("".join([node.render_annotated(context) for node in self]))
                               ~~~~~~~~~~~~~~~~~~~~~^^^^^^^^^
  File "/mnt/aaa22500-1d14-4161-b361-89d4e7d74008/Apps/advisor-crm/venv/lib/python3.13/site-packages/django/template/base.py", line 977, in render_annotated
    return self.render(context)
           ~~~~~~~~~~~^^^^^^^^^
  File "/mnt/aaa22500-1d14-4161-b361-89d4e7d74008/Apps/advisor-crm/venv/lib/python3.13/site-packages/django/template/defaulttags.py", line 243, in render
    nodelist.append(node.render_annotated(context))
                    ~~~~~~~~~~~~~~~~~~~~~^^^^^^^^^
  File "/mnt/aaa22500-1d14-4161-b361-89d4e7d74008/Apps/advisor-crm/venv/lib/python3.13/site-packages/django/template/base.py", line 977, in render_annotated
    return self.render(context)
           ~~~~~~~~~~~^^^^^^^^^
  File "/mnt/aaa22500-1d14-4161-b361-89d4e7d74008/Apps/advisor-crm/venv/lib/python3.13/site-packages/django/template/base.py", line 1075, in render
    output = self.filter_expression.resolve(context)
  File "/mnt/aaa22500-1d14-4161-b361-89d4e7d74008/Apps/advisor-crm/venv/lib/python3.13/site-packages/django/template/base.py", line 749, in resolve
    new_obj = func(obj, *arg_vals)
  File "/mnt/aaa22500-1d14-4161-b361-89d4e7d74008/Apps/advisor-crm/venv/lib/python3.13/site-packages/django/template/defaultfilters.py", line 814, in timesince_filter
    return timesince(value)
  File "/mnt/aaa22500-1d14-4161-b361-89d4e7d74008/Apps/advisor-crm/venv/lib/python3.13/site-packages/django/utils/timesince.py", line 62, in timesince
    d = datetime.datetime(d.year, d.month, d.day)
                          ^^^^^^
AttributeError: 'SafeString' object has no attribute 'year'
Internal Server Error: /applications/
Traceback (most recent call last):
  File "/mnt/aaa22500-1d14-4161-b361-89d4e7d74008/Apps/advisor-crm/venv/lib/python3.13/site-packages/django/core/handlers/exception.py", line 55, in inner
    response = get_response(request)
  File "/mnt/aaa22500-1d14-4161-b361-89d4e7d74008/Apps/advisor-crm/venv/lib/python3.13/site-packages/django/core/handlers/base.py", line 220, in _get_response
    response = response.render()
  File "/mnt/aaa22500-1d14-4161-b361-89d4e7d74008/Apps/advisor-crm/venv/lib/python3.13/site-packages/django/template/response.py", line 114, in render
    self.content = self.rendered_content
                   ^^^^^^^^^^^^^^^^^^^^^
  File "/mnt/aaa22500-1d14-4161-b361-89d4e7d74008/Apps/advisor-crm/venv/lib/python3.13/site-packages/django/template/response.py", line 90, in rendered_content
    template = self.resolve_template(self.template_name)
  File "/mnt/aaa22500-1d14-4161-b361-89d4e7d74008/Apps/advisor-crm/venv/lib/python3.13/site-packages/django/template/response.py", line 72, in resolve_template
    return select_template(template, using=self.using)
  File "/mnt/aaa22500-1d14-4161-b361-89d4e7d74008/Apps/advisor-crm/venv/lib/python3.13/site-packages/django/template/loader.py", line 42, in select_template
    return engine.get_template(template_name)
           ~~~~~~~~~~~~~~~~~~~^^^^^^^^^^^^^^^
  File "/mnt/aaa22500-1d14-4161-b361-89d4e7d74008/Apps/advisor-crm/venv/lib/python3.13/site-packages/django/template/backends/django.py", line 79, in get_template
    return Template(self.engine.get_template(template_name), self)
                    ~~~~~~~~~~~~~~~~~~~~~~~~^^^^^^^^^^^^^^^
  File "/mnt/aaa22500-1d14-4161-b361-89d4e7d74008/Apps/advisor-crm/venv/lib/python3.13/site-packages/django/template/engine.py", line 177, in get_template
    template, origin = self.find_template(template_name)
                       ~~~~~~~~~~~~~~~~~~^^^^^^^^^^^^^^^
  File "/mnt/aaa22500-1d14-4161-b361-89d4e7d74008/Apps/advisor-crm/venv/lib/python3.13/site-packages/django/template/engine.py", line 159, in find_template
    template = loader.get_template(name, skip=skip)
  File "/mnt/aaa22500-1d14-4161-b361-89d4e7d74008/Apps/advisor-crm/venv/lib/python3.13/site-packages/django/template/loaders/cached.py", line 57, in get_template
    template = super().get_template(template_name, skip)
  File "/mnt/aaa22500-1d14-4161-b361-89d4e7d74008/Apps/advisor-crm/venv/lib/python3.13/site-packages/django/template/loaders/base.py", line 28, in get_template
    return Template(
        contents,
    ...<2 lines>...
        self.engine,
    )
  File "/mnt/aaa22500-1d14-4161-b361-89d4e7d74008/Apps/advisor-crm/venv/lib/python3.13/site-packages/django/template/base.py", line 154, in __init__
    self.nodelist = self.compile_nodelist()
                    ~~~~~~~~~~~~~~~~~~~~~^^
  File "/mnt/aaa22500-1d14-4161-b361-89d4e7d74008/Apps/advisor-crm/venv/lib/python3.13/site-packages/django/template/base.py", line 196, in compile_nodelist
    nodelist = parser.parse()
  File "/mnt/aaa22500-1d14-4161-b361-89d4e7d74008/Apps/advisor-crm/venv/lib/python3.13/site-packages/django/template/base.py", line 518, in parse
    raise self.error(token, e)
  File "/mnt/aaa22500-1d14-4161-b361-89d4e7d74008/Apps/advisor-crm/venv/lib/python3.13/site-packages/django/template/base.py", line 516, in parse
    compiled_result = compile_func(self, token)
  File "/mnt/aaa22500-1d14-4161-b361-89d4e7d74008/Apps/advisor-crm/venv/lib/python3.13/site-packages/django/template/loader_tags.py", line 299, in do_extends
    nodelist = parser.parse()
  File "/mnt/aaa22500-1d14-4161-b361-89d4e7d74008/Apps/advisor-crm/venv/lib/python3.13/site-packages/django/template/base.py", line 518, in parse
    raise self.error(token, e)
  File "/mnt/aaa22500-1d14-4161-b361-89d4e7d74008/Apps/advisor-crm/venv/lib/python3.13/site-packages/django/template/base.py", line 516, in parse
    compiled_result = compile_func(self, token)
  File "/mnt/aaa22500-1d14-4161-b361-89d4e7d74008/Apps/advisor-crm/venv/lib/python3.13/site-packages/django/template/loader_tags.py", line 234, in do_block
    nodelist = parser.parse(("endblock",))
  File "/mnt/aaa22500-1d14-4161-b361-89d4e7d74008/Apps/advisor-crm/venv/lib/python3.13/site-packages/django/template/base.py", line 523, in parse
    self.unclosed_block_tag(parse_until)
    ~~~~~~~~~~~~~~~~~~~~~~~^^^^^^^^^^^^^
  File "/mnt/aaa22500-1d14-4161-b361-89d4e7d74008/Apps/advisor-crm/venv/lib/python3.13/site-packages/django/template/base.py", line 590, in unclosed_block_tag
    raise self.error(token, msg)
django.template.exceptions.TemplateSyntaxError: Unclosed tag on line 131: 'block'. Looking for one of: endblock.
Internal Server Error: /insurance/
Traceback (most recent call last):
  File "/mnt/aaa22500-1d14-4161-b361-89d4e7d74008/Apps/advisor-crm/venv/lib/python3.13/site-packages/django/core/handlers/exception.py", line 55, in inner
    response = get_response(request)
  File "/mnt/aaa22500-1d14-4161-b361-89d4e7d74008/Apps/advisor-crm/venv/lib/python3.13/site-packages/django/core/handlers/base.py", line 220, in _get_response
    response = response.render()
  File "/mnt/aaa22500-1d14-4161-b361-89d4e7d74008/Apps/advisor-crm/venv/lib/python3.13/site-packages/django/template/response.py", line 114, in render
    self.content = self.rendered_content
                   ^^^^^^^^^^^^^^^^^^^^^
  File "/mnt/aaa22500-1d14-4161-b361-89d4e7d74008/Apps/advisor-crm/venv/lib/python3.13/site-packages/django/template/response.py", line 92, in rendered_content
    return template.render(context, self._request)
           ~~~~~~~~~~~~~~~^^^^^^^^^^^^^^^^^^^^^^^^
  File "/mnt/aaa22500-1d14-4161-b361-89d4e7d74008/Apps/advisor-crm/venv/lib/python3.13/site-packages/django/template/backends/django.py", line 107, in render
    return self.template.render(context)
           ~~~~~~~~~~~~~~~~~~~~^^^^^^^^^
  File "/mnt/aaa22500-1d14-4161-b361-89d4e7d74008/Apps/advisor-crm/venv/lib/python3.13/site-packages/django/template/base.py", line 171, in render
    return self._render(context)
           ~~~~~~~~~~~~^^^^^^^^^
  File "/mnt/aaa22500-1d14-4161-b361-89d4e7d74008/Apps/advisor-crm/venv/lib/python3.13/site-packages/django/template/base.py", line 163, in _render
    return self.nodelist.render(context)
           ~~~~~~~~~~~~~~~~~~~~^^^^^^^^^
  File "/mnt/aaa22500-1d14-4161-b361-89d4e7d74008/Apps/advisor-crm/venv/lib/python3.13/site-packages/django/template/base.py", line 1016, in render
    return SafeString("".join([node.render_annotated(context) for node in self]))
                               ~~~~~~~~~~~~~~~~~~~~~^^^^^^^^^
  File "/mnt/aaa22500-1d14-4161-b361-89d4e7d74008/Apps/advisor-crm/venv/lib/python3.13/site-packages/django/template/base.py", line 977, in render_annotated
    return self.render(context)
           ~~~~~~~~~~~^^^^^^^^^
  File "/mnt/aaa22500-1d14-4161-b361-89d4e7d74008/Apps/advisor-crm/venv/lib/python3.13/site-packages/django/template/loader_tags.py", line 159, in render
    return compiled_parent._render(context)
           ~~~~~~~~~~~~~~~~~~~~~~~^^^^^^^^^
  File "/mnt/aaa22500-1d14-4161-b361-89d4e7d74008/Apps/advisor-crm/venv/lib/python3.13/site-packages/django/template/base.py", line 163, in _render
    return self.nodelist.render(context)
           ~~~~~~~~~~~~~~~~~~~~^^^^^^^^^
  File "/mnt/aaa22500-1d14-4161-b361-89d4e7d74008/Apps/advisor-crm/venv/lib/python3.13/site-packages/django/template/base.py", line 1016, in render
    return SafeString("".join([node.render_annotated(context) for node in self]))
                               ~~~~~~~~~~~~~~~~~~~~~^^^^^^^^^
  File "/mnt/aaa22500-1d14-4161-b361-89d4e7d74008/Apps/advisor-crm/venv/lib/python3.13/site-packages/django/template/base.py", line 977, in render_annotated
    return self.render(context)
           ~~~~~~~~~~~^^^^^^^^^
  File "/mnt/aaa22500-1d14-4161-b361-89d4e7d74008/Apps/advisor-crm/venv/lib/python3.13/site-packages/django/template/loader_tags.py", line 65, in render
    result = block.nodelist.render(context)
  File "/mnt/aaa22500-1d14-4161-b361-89d4e7d74008/Apps/advisor-crm/venv/lib/python3.13/site-packages/django/template/base.py", line 1016, in render
    return SafeString("".join([node.render_annotated(context) for node in self]))
                               ~~~~~~~~~~~~~~~~~~~~~^^^^^^^^^
  File "/mnt/aaa22500-1d14-4161-b361-89d4e7d74008/Apps/advisor-crm/venv/lib/python3.13/site-packages/django/template/base.py", line 977, in render_annotated
    return self.render(context)
           ~~~~~~~~~~~^^^^^^^^^
  File "/mnt/aaa22500-1d14-4161-b361-89d4e7d74008/Apps/advisor-crm/venv/lib/python3.13/site-packages/django/template/defaulttags.py", line 243, in render
    nodelist.append(node.render_annotated(context))
                    ~~~~~~~~~~~~~~~~~~~~~^^^^^^^^^
  File "/mnt/aaa22500-1d14-4161-b361-89d4e7d74008/Apps/advisor-crm/venv/lib/python3.13/site-packages/django/template/base.py", line 977, in render_annotated
    return self.render(context)
           ~~~~~~~~~~~^^^^^^^^^
  File "/mnt/aaa22500-1d14-4161-b361-89d4e7d74008/Apps/advisor-crm/venv/lib/python3.13/site-packages/django/template/defaulttags.py", line 480, in render
    url = reverse(view_name, args=args, kwargs=kwargs, current_app=current_app)
  File "/mnt/aaa22500-1d14-4161-b361-89d4e7d74008/Apps/advisor-crm/venv/lib/python3.13/site-packages/django/urls/base.py", line 98, in reverse
    resolved_url = resolver._reverse_with_prefix(view, prefix, *args, **kwargs)
  File "/mnt/aaa22500-1d14-4161-b361-89d4e7d74008/Apps/advisor-crm/venv/lib/python3.13/site-packages/django/urls/resolvers.py", line 831, in _reverse_with_prefix
    raise NoReverseMatch(msg)
django.urls.exceptions.NoReverseMatch: Reverse for 'insurance_detail' not found. 'insurance_detail' is not a valid view function or pattern name.
Internal Server Error: /customers/
Traceback (most recent call last):
  File "/mnt/aaa22500-1d14-4161-b361-89d4e7d74008/Apps/advisor-crm/venv/lib/python3.13/site-packages/django/core/handlers/exception.py", line 55, in inner
    response = get_response(request)
  File "/mnt/aaa22500-1d14-4161-b361-89d4e7d74008/Apps/advisor-crm/venv/lib/python3.13/site-packages/django/core/handlers/base.py", line 220, in _get_response
    response = response.render()
  File "/mnt/aaa22500-1d14-4161-b361-89d4e7d74008/Apps/advisor-crm/venv/lib/python3.13/site-packages/django/template/response.py", line 114, in render
    self.content = self.rendered_content
                   ^^^^^^^^^^^^^^^^^^^^^
  File "/mnt/aaa22500-1d14-4161-b361-89d4e7d74008/Apps/advisor-crm/venv/lib/python3.13/site-packages/django/template/response.py", line 92, in rendered_content
    return template.render(context, self._request)
           ~~~~~~~~~~~~~~~^^^^^^^^^^^^^^^^^^^^^^^^
  File "/mnt/aaa22500-1d14-4161-b361-89d4e7d74008/Apps/advisor-crm/venv/lib/python3.13/site-packages/django/template/backends/django.py", line 107, in render
    return self.template.render(context)
           ~~~~~~~~~~~~~~~~~~~~^^^^^^^^^
  File "/mnt/aaa22500-1d14-4161-b361-89d4e7d74008/Apps/advisor-crm/venv/lib/python3.13/site-packages/django/template/base.py", line 171, in render
    return self._render(context)
           ~~~~~~~~~~~~^^^^^^^^^
  File "/mnt/aaa22500-1d14-4161-b361-89d4e7d74008/Apps/advisor-crm/venv/lib/python3.13/site-packages/django/template/base.py", line 163, in _render
    return self.nodelist.render(context)
           ~~~~~~~~~~~~~~~~~~~~^^^^^^^^^
  File "/mnt/aaa22500-1d14-4161-b361-89d4e7d74008/Apps/advisor-crm/venv/lib/python3.13/site-packages/django/template/base.py", line 1016, in render
    return SafeString("".join([node.render_annotated(context) for node in self]))
                               ~~~~~~~~~~~~~~~~~~~~~^^^^^^^^^
  File "/mnt/aaa22500-1d14-4161-b361-89d4e7d74008/Apps/advisor-crm/venv/lib/python3.13/site-packages/django/template/base.py", line 977, in render_annotated
    return self.render(context)
           ~~~~~~~~~~~^^^^^^^^^
  File "/mnt/aaa22500-1d14-4161-b361-89d4e7d74008/Apps/advisor-crm/venv/lib/python3.13/site-packages/django/template/loader_tags.py", line 159, in render
    return compiled_parent._render(context)
           ~~~~~~~~~~~~~~~~~~~~~~~^^^^^^^^^
  File "/mnt/aaa22500-1d14-4161-b361-89d4e7d74008/Apps/advisor-crm/venv/lib/python3.13/site-packages/django/template/base.py", line 163, in _render
    return self.nodelist.render(context)
           ~~~~~~~~~~~~~~~~~~~~^^^^^^^^^
  File "/mnt/aaa22500-1d14-4161-b361-89d4e7d74008/Apps/advisor-crm/venv/lib/python3.13/site-packages/django/template/base.py", line 1016, in render
    return SafeString("".join([node.render_annotated(context) for node in self]))
                               ~~~~~~~~~~~~~~~~~~~~~^^^^^^^^^
  File "/mnt/aaa22500-1d14-4161-b361-89d4e7d74008/Apps/advisor-crm/venv/lib/python3.13/site-packages/django/template/base.py", line 977, in render_annotated
    return self.render(context)
           ~~~~~~~~~~~^^^^^^^^^
  File "/mnt/aaa22500-1d14-4161-b361-89d4e7d74008/Apps/advisor-crm/venv/lib/python3.13/site-packages/django/template/loader_tags.py", line 65, in render
    result = block.nodelist.render(context)
  File "/mnt/aaa22500-1d14-4161-b361-89d4e7d74008/Apps/advisor-crm/venv/lib/python3.13/site-packages/django/template/base.py", line 1016, in render
    return SafeString("".join([node.render_annotated(context) for node in self]))
                               ~~~~~~~~~~~~~~~~~~~~~^^^^^^^^^
  File "/mnt/aaa22500-1d14-4161-b361-89d4e7d74008/Apps/advisor-crm/venv/lib/python3.13/site-packages/django/template/base.py", line 977, in render_annotated
    return self.render(context)
           ~~~~~~~~~~~^^^^^^^^^
  File "/mnt/aaa22500-1d14-4161-b361-89d4e7d74008/Apps/advisor-crm/venv/lib/python3.13/site-packages/django/template/defaulttags.py", line 243, in render
    nodelist.append(node.render_annotated(context))
                    ~~~~~~~~~~~~~~~~~~~~~^^^^^^^^^
  File "/mnt/aaa22500-1d14-4161-b361-89d4e7d74008/Apps/advisor-crm/venv/lib/python3.13/site-packages/django/template/base.py", line 977, in render_annotated
    return self.render(context)
           ~~~~~~~~~~~^^^^^^^^^
  File "/mnt/aaa22500-1d14-4161-b361-89d4e7d74008/Apps/advisor-crm/venv/lib/python3.13/site-packages/django/template/base.py", line 1075, in render
    output = self.filter_expression.resolve(context)
  File "/mnt/aaa22500-1d14-4161-b361-89d4e7d74008/Apps/advisor-crm/venv/lib/python3.13/site-packages/django/template/base.py", line 749, in resolve
    new_obj = func(obj, *arg_vals)
  File "/mnt/aaa22500-1d14-4161-b361-89d4e7d74008/Apps/advisor-crm/venv/lib/python3.13/site-packages/django/template/defaultfilters.py", line 814, in timesince_filter
    return timesince(value)
  File "/mnt/aaa22500-1d14-4161-b361-89d4e7d74008/Apps/advisor-crm/venv/lib/python3.13/site-packages/django/utils/timesince.py", line 62, in timesince
    d = datetime.datetime(d.year, d.month, d.day)
                          ^^^^^^
AttributeError: 'SafeString' object has no attribute 'year'
Internal Server Error: /customers/
Traceback (most recent call last):
  File "/mnt/aaa22500-1d14-4161-b361-89d4e7d74008/Apps/advisor-crm/venv/lib/python3.13/site-packages/django/core/handlers/exception.py", line 55, in inner
    response = get_response(request)
  File "/mnt/aaa22500-1d14-4161-b361-89d4e7d74008/Apps/advisor-crm/venv/lib/python3.13/site-packages/django/core/handlers/base.py", line 220, in _get_response
    response = response.render()
  File "/mnt/aaa22500-1d14-4161-b361-89d4e7d74008/Apps/advisor-crm/venv/lib/python3.13/site-packages/django/template/response.py", line 114, in render
    self.content = self.rendered_content
                   ^^^^^^^^^^^^^^^^^^^^^
  File "/mnt/aaa22500-1d14-4161-b361-89d4e7d74008/Apps/advisor-crm/venv/lib/python3.13/site-packages/django/template/response.py", line 92, in rendered_content
    return template.render(context, self._request)
           ~~~~~~~~~~~~~~~^^^^^^^^^^^^^^^^^^^^^^^^
  File "/mnt/aaa22500-1d14-4161-b361-89d4e7d74008/Apps/advisor-crm/venv/lib/python3.13/site-packages/django/template/backends/django.py", line 107, in render
    return self.template.render(context)
           ~~~~~~~~~~~~~~~~~~~~^^^^^^^^^
  File "/mnt/aaa22500-1d14-4161-b361-89d4e7d74008/Apps/advisor-crm/venv/lib/python3.13/site-packages/django/template/base.py", line 171, in render
    return self._render(context)
           ~~~~~~~~~~~~^^^^^^^^^
  File "/mnt/aaa22500-1d14-4161-b361-89d4e7d74008/Apps/advisor-crm/venv/lib/python3.13/site-packages/django/template/base.py", line 163, in _render
    return self.nodelist.render(context)
           ~~~~~~~~~~~~~~~~~~~~^^^^^^^^^
  File "/mnt/aaa22500-1d14-4161-b361-89d4e7d74008/Apps/advisor-crm/venv/lib/python3.13/site-packages/django/template/base.py", line 1016, in render
    return SafeString("".join([node.render_annotated(context) for node in self]))
                               ~~~~~~~~~~~~~~~~~~~~~^^^^^^^^^
  File "/mnt/aaa22500-1d14-4161-b361-89d4e7d74008/Apps/advisor-crm/venv/lib/python3.13/site-packages/django/template/base.py", line 977, in render_annotated
    return self.render(context)
           ~~~~~~~~~~~^^^^^^^^^
  File "/mnt/aaa22500-1d14-4161-b361-89d4e7d74008/Apps/advisor-crm/venv/lib/python3.13/site-packages/django/template/loader_tags.py", line 159, in render
    return compiled_parent._render(context)
           ~~~~~~~~~~~~~~~~~~~~~~~^^^^^^^^^
  File "/mnt/aaa22500-1d14-4161-b361-89d4e7d74008/Apps/advisor-crm/venv/lib/python3.13/site-packages/django/template/base.py", line 163, in _render
    return self.nodelist.render(context)
           ~~~~~~~~~~~~~~~~~~~~^^^^^^^^^
  File "/mnt/aaa22500-1d14-4161-b361-89d4e7d74008/Apps/advisor-crm/venv/lib/python3.13/site-packages/django/template/base.py", line 1016, in render
    return SafeString("".join([node.render_annotated(context) for node in self]))
                               ~~~~~~~~~~~~~~~~~~~~~^^^^^^^^^
  File "/mnt/aaa22500-1d14-4161-b361-89d4e7d74008/Apps/advisor-crm/venv/lib/python3.13/site-packages/django/template/base.py", line 977, in render_annotated
    return self.render(context)
           ~~~~~~~~~~~^^^^^^^^^
  File "/mnt/aaa22500-1d14-4161-b361-89d4e7d74008/Apps/advisor-crm/venv/lib/python3.13/site-packages/django/template/loader_tags.py", line 65, in render
    result = block.nodelist.render(context)
  File "/mnt/aaa22500-1d14-4161-b361-89d4e7d74008/Apps/advisor-crm/venv/lib/python3.13/site-packages/django/template/base.py", line 1016, in render
    return SafeString("".join([node.render_annotated(context) for node in self]))
                               ~~~~~~~~~~~~~~~~~~~~~^^^^^^^^^
  File "/mnt/aaa22500-1d14-4161-b361-89d4e7d74008/Apps/advisor-crm/venv/lib/python3.13/site-packages/django/template/base.py", line 977, in render_annotated
    return self.render(context)
           ~~~~~~~~~~~^^^^^^^^^
  File "/mnt/aaa22500-1d14-4161-b361-89d4e7d74008/Apps/advisor-crm/venv/lib/python3.13/site-packages/django/template/defaulttags.py", line 243, in render
    nodelist.append(node.render_annotated(context))
                    ~~~~~~~~~~~~~~~~~~~~~^^^^^^^^^
  File "/mnt/aaa22500-1d14-4161-b361-89d4e7d74008/Apps/advisor-crm/venv/lib/python3.13/site-packages/django/template/base.py", line 977, in render_annotated
    return self.render(context)
           ~~~~~~~~~~~^^^^^^^^^
  File "/mnt/aaa22500-1d14-4161-b361-89d4e7d74008/Apps/advisor-crm/venv/lib/python3.13/site-packages/django/template/base.py", line 1075, in render
    output = self.filter_expression.resolve(context)
  File "/mnt/aaa22500-1d14-4161-b361-89d4e7d74008/Apps/advisor-crm/venv/lib/python3.13/site-packages/django/template/base.py", line 749, in resolve
    new_obj = func(obj, *arg_vals)
  File "/mnt/aaa22500-1d14-4161-b361-89d4e7d74008/Apps/advisor-crm/venv/lib/python3.13/site-packages/django/template/defaultfilters.py", line 814, in timesince_filter
    return timesince(value)
  File "/mnt/aaa22500-1d14-4161-b361-89d4e7d74008/Apps/advisor-crm/venv/lib/python3.13/site-packages/django/utils/timesince.py", line 62, in timesince
    d = datetime.datetime(d.year, d.month, d.day)
                          ^^^^^^
AttributeError: 'SafeString' object has no attribute 'year'
Internal Server Error: /customers/
Traceback (most recent call last):
  File "/mnt/aaa22500-1d14-4161-b361-89d4e7d74008/Apps/advisor-crm/venv/lib/python3.13/site-packages/django/core/handlers/exception.py", line 55, in inner
    response = get_response(request)
  File "/mnt/aaa22500-1d14-4161-b361-89d4e7d74008/Apps/advisor-crm/venv/lib/python3.13/site-packages/django/core/handlers/base.py", line 220, in _get_response
    response = response.render()
  File "/mnt/aaa22500-1d14-4161-b361-89d4e7d74008/Apps/advisor-crm/venv/lib/python3.13/site-packages/django/template/response.py", line 114, in render
    self.content = self.rendered_content
                   ^^^^^^^^^^^^^^^^^^^^^
  File "/mnt/aaa22500-1d14-4161-b361-89d4e7d74008/Apps/advisor-crm/venv/lib/python3.13/site-packages/django/template/response.py", line 92, in rendered_content
    return template.render(context, self._request)
           ~~~~~~~~~~~~~~~^^^^^^^^^^^^^^^^^^^^^^^^
  File "/mnt/aaa22500-1d14-4161-b361-89d4e7d74008/Apps/advisor-crm/venv/lib/python3.13/site-packages/django/template/backends/django.py", line 107, in render
    return self.template.render(context)
           ~~~~~~~~~~~~~~~~~~~~^^^^^^^^^
  File "/mnt/aaa22500-1d14-4161-b361-89d4e7d74008/Apps/advisor-crm/venv/lib/python3.13/site-packages/django/template/base.py", line 171, in render
    return self._render(context)
           ~~~~~~~~~~~~^^^^^^^^^
  File "/mnt/aaa22500-1d14-4161-b361-89d4e7d74008/Apps/advisor-crm/venv/lib/python3.13/site-packages/django/template/base.py", line 163, in _render
    return self.nodelist.render(context)
           ~~~~~~~~~~~~~~~~~~~~^^^^^^^^^
  File "/mnt/aaa22500-1d14-4161-b361-89d4e7d74008/Apps/advisor-crm/venv/lib/python3.13/site-packages/django/template/base.py", line 1016, in render
    return SafeString("".join([node.render_annotated(context) for node in self]))
                               ~~~~~~~~~~~~~~~~~~~~~^^^^^^^^^
  File "/mnt/aaa22500-1d14-4161-b361-89d4e7d74008/Apps/advisor-crm/venv/lib/python3.13/site-packages/django/template/base.py", line 977, in render_annotated
    return self.render(context)
           ~~~~~~~~~~~^^^^^^^^^
  File "/mnt/aaa22500-1d14-4161-b361-89d4e7d74008/Apps/advisor-crm/venv/lib/python3.13/site-packages/django/template/loader_tags.py", line 159, in render
    return compiled_parent._render(context)
           ~~~~~~~~~~~~~~~~~~~~~~~^^^^^^^^^
  File "/mnt/aaa22500-1d14-4161-b361-89d4e7d74008/Apps/advisor-crm/venv/lib/python3.13/site-packages/django/template/base.py", line 163, in _render
    return self.nodelist.render(context)
           ~~~~~~~~~~~~~~~~~~~~^^^^^^^^^
  File "/mnt/aaa22500-1d14-4161-b361-89d4e7d74008/Apps/advisor-crm/venv/lib/python3.13/site-packages/django/template/base.py", line 1016, in render
    return SafeString("".join([node.render_annotated(context) for node in self]))
                               ~~~~~~~~~~~~~~~~~~~~~^^^^^^^^^
  File "/mnt/aaa22500-1d14-4161-b361-89d4e7d74008/Apps/advisor-crm/venv/lib/python3.13/site-packages/django/template/base.py", line 977, in render_annotated
    return self.render(context)
           ~~~~~~~~~~~^^^^^^^^^
  File "/mnt/aaa22500-1d14-4161-b361-89d4e7d74008/Apps/advisor-crm/venv/lib/python3.13/site-packages/django/template/loader_tags.py", line 65, in render
    result = block.nodelist.render(context)
  File "/mnt/aaa22500-1d14-4161-b361-89d4e7d74008/Apps/advisor-crm/venv/lib/python3.13/site-packages/django/template/base.py", line 1016, in render
    return SafeString("".join([node.render_annotated(context) for node in self]))
                               ~~~~~~~~~~~~~~~~~~~~~^^^^^^^^^
  File "/mnt/aaa22500-1d14-4161-b361-89d4e7d74008/Apps/advisor-crm/venv/lib/python3.13/site-packages/django/template/base.py", line 977, in render_annotated
    return self.render(context)
           ~~~~~~~~~~~^^^^^^^^^
  File "/mnt/aaa22500-1d14-4161-b361-89d4e7d74008/Apps/advisor-crm/venv/lib/python3.13/site-packages/django/template/defaulttags.py", line 243, in render
    nodelist.append(node.render_annotated(context))
                    ~~~~~~~~~~~~~~~~~~~~~^^^^^^^^^
  File "/mnt/aaa22500-1d14-4161-b361-89d4e7d74008/Apps/advisor-crm/venv/lib/python3.13/site-packages/django/template/base.py", line 977, in render_annotated
    return self.render(context)
           ~~~~~~~~~~~^^^^^^^^^
  File "/mnt/aaa22500-1d14-4161-b361-89d4e7d74008/Apps/advisor-crm/venv/lib/python3.13/site-packages/django/template/base.py", line 1075, in render
    output = self.filter_expression.resolve(context)
  File "/mnt/aaa22500-1d14-4161-b361-89d4e7d74008/Apps/advisor-crm/venv/lib/python3.13/site-packages/django/template/base.py", line 749, in resolve
    new_obj = func(obj, *arg_vals)
  File "/mnt/aaa22500-1d14-4161-b361-89d4e7d74008/Apps/advisor-crm/venv/lib/python3.13/site-packages/django/template/defaultfilters.py", line 814, in timesince_filter
    return timesince(value)
  File "/mnt/aaa22500-1d14-4161-b361-89d4e7d74008/Apps/advisor-crm/venv/lib/python3.13/site-packages/django/utils/timesince.py", line 62, in timesince
    d = datetime.datetime(d.year, d.month, d.day)
                          ^^^^^^
AttributeError: 'SafeString' object has no attribute 'year'
Internal Server Error: /applications/
Traceback (most recent call last):
  File "/mnt/aaa22500-1d14-4161-b361-89d4e7d74008/Apps/advisor-crm/venv/lib/python3.13/site-packages/django/core/handlers/exception.py", line 55, in inner
    response = get_response(request)
  File "/mnt/aaa22500-1d14-4161-b361-89d4e7d74008/Apps/advisor-crm/venv/lib/python3.13/site-packages/django/core/handlers/base.py", line 220, in _get_response
    response = response.render()
  File "/mnt/aaa22500-1d14-4161-b361-89d4e7d74008/Apps/advisor-crm/venv/lib/python3.13/site-packages/django/template/response.py", line 114, in render
    self.content = self.rendered_content
                   ^^^^^^^^^^^^^^^^^^^^^
  File "/mnt/aaa22500-1d14-4161-b361-89d4e7d74008/Apps/advisor-crm/venv/lib/python3.13/site-packages/django/template/response.py", line 90, in rendered_content
    template = self.resolve_template(self.template_name)
  File "/mnt/aaa22500-1d14-4161-b361-89d4e7d74008/Apps/advisor-crm/venv/lib/python3.13/site-packages/django/template/response.py", line 72, in resolve_template
    return select_template(template, using=self.using)
  File "/mnt/aaa22500-1d14-4161-b361-89d4e7d74008/Apps/advisor-crm/venv/lib/python3.13/site-packages/django/template/loader.py", line 42, in select_template
    return engine.get_template(template_name)
           ~~~~~~~~~~~~~~~~~~~^^^^^^^^^^^^^^^
  File "/mnt/aaa22500-1d14-4161-b361-89d4e7d74008/Apps/advisor-crm/venv/lib/python3.13/site-packages/django/template/backends/django.py", line 79, in get_template
    return Template(self.engine.get_template(template_name), self)
                    ~~~~~~~~~~~~~~~~~~~~~~~~^^^^^^^^^^^^^^^
  File "/mnt/aaa22500-1d14-4161-b361-89d4e7d74008/Apps/advisor-crm/venv/lib/python3.13/site-packages/django/template/engine.py", line 177, in get_template
    template, origin = self.find_template(template_name)
                       ~~~~~~~~~~~~~~~~~~^^^^^^^^^^^^^^^
  File "/mnt/aaa22500-1d14-4161-b361-89d4e7d74008/Apps/advisor-crm/venv/lib/python3.13/site-packages/django/template/engine.py", line 159, in find_template
    template = loader.get_template(name, skip=skip)
  File "/mnt/aaa22500-1d14-4161-b361-89d4e7d74008/Apps/advisor-crm/venv/lib/python3.13/site-packages/django/template/loaders/cached.py", line 57, in get_template
    template = super().get_template(template_name, skip)
  File "/mnt/aaa22500-1d14-4161-b361-89d4e7d74008/Apps/advisor-crm/venv/lib/python3.13/site-packages/django/template/loaders/base.py", line 28, in get_template
    return Template(
        contents,
    ...<2 lines>...
        self.engine,
    )
  File "/mnt/aaa22500-1d14-4161-b361-89d4e7d74008/Apps/advisor-crm/venv/lib/python3.13/site-packages/django/template/base.py", line 154, in __init__
    self.nodelist = self.compile_nodelist()
                    ~~~~~~~~~~~~~~~~~~~~~^^
  File "/mnt/aaa22500-1d14-4161-b361-89d4e7d74008/Apps/advisor-crm/venv/lib/python3.13/site-packages/django/template/base.py", line 196, in compile_nodelist
    nodelist = parser.parse()
  File "/mnt/aaa22500-1d14-4161-b361-89d4e7d74008/Apps/advisor-crm/venv/lib/python3.13/site-packages/django/template/base.py", line 518, in parse
    raise self.error(token, e)
  File "/mnt/aaa22500-1d14-4161-b361-89d4e7d74008/Apps/advisor-crm/venv/lib/python3.13/site-packages/django/template/base.py", line 516, in parse
    compiled_result = compile_func(self, token)
  File "/mnt/aaa22500-1d14-4161-b361-89d4e7d74008/Apps/advisor-crm/venv/lib/python3.13/site-packages/django/template/loader_tags.py", line 299, in do_extends
    nodelist = parser.parse()
  File "/mnt/aaa22500-1d14-4161-b361-89d4e7d74008/Apps/advisor-crm/venv/lib/python3.13/site-packages/django/template/base.py", line 518, in parse
    raise self.error(token, e)
  File "/mnt/aaa22500-1d14-4161-b361-89d4e7d74008/Apps/advisor-crm/venv/lib/python3.13/site-packages/django/template/base.py", line 516, in parse
    compiled_result = compile_func(self, token)
  File "/mnt/aaa22500-1d14-4161-b361-89d4e7d74008/Apps/advisor-crm/venv/lib/python3.13/site-packages/django/template/loader_tags.py", line 234, in do_block
    nodelist = parser.parse(("endblock",))
  File "/mnt/aaa22500-1d14-4161-b361-89d4e7d74008/Apps/advisor-crm/venv/lib/python3.13/site-packages/django/template/base.py", line 523, in parse
    self.unclosed_block_tag(parse_until)
    ~~~~~~~~~~~~~~~~~~~~~~~^^^^^^^^^^^^^
  File "/mnt/aaa22500-1d14-4161-b361-89d4e7d74008/Apps/advisor-crm/venv/lib/python3.13/site-packages/django/template/base.py", line 590, in unclosed_block_tag
    raise self.error(token, msg)
django.template.exceptions.TemplateSyntaxError: Unclosed tag on line 131: 'block'. Looking for one of: endblock.
Internal Server Error: /mortgages/
Traceback (most recent call last):
  File "/mnt/aaa22500-1d14-4161-b361-89d4e7d74008/Apps/advisor-crm/venv/lib/python3.13/site-packages/django/template/base.py", line 510, in parse
    compile_func = self.tags[command]
                   ~~~~~~~~~^^^^^^^^^
KeyError: 'empty'

During handling of the above exception, another exception occurred:

Traceback (most recent call last):
  File "/mnt/aaa22500-1d14-4161-b361-89d4e7d74008/Apps/advisor-crm/venv/lib/python3.13/site-packages/django/core/handlers/exception.py", line 55, in inner
    response = get_response(request)
  File "/mnt/aaa22500-1d14-4161-b361-89d4e7d74008/Apps/advisor-crm/venv/lib/python3.13/site-packages/django/core/handlers/base.py", line 220, in _get_response
    response = response.render()
  File "/mnt/aaa22500-1d14-4161-b361-89d4e7d74008/Apps/advisor-crm/venv/lib/python3.13/site-packages/django/template/response.py", line 114, in render
    self.content = self.rendered_content
                   ^^^^^^^^^^^^^^^^^^^^^
  File "/mnt/aaa22500-1d14-4161-b361-89d4e7d74008/Apps/advisor-crm/venv/lib/python3.13/site-packages/django/template/response.py", line 90, in rendered_content
    template = self.resolve_template(self.template_name)
  File "/mnt/aaa22500-1d14-4161-b361-89d4e7d74008/Apps/advisor-crm/venv/lib/python3.13/site-packages/django/template/response.py", line 72, in resolve_template
    return select_template(template, using=self.using)
  File "/mnt/aaa22500-1d14-4161-b361-89d4e7d74008/Apps/advisor-crm/venv/lib/python3.13/site-packages/django/template/loader.py", line 42, in select_template
    return engine.get_template(template_name)
           ~~~~~~~~~~~~~~~~~~~^^^^^^^^^^^^^^^
  File "/mnt/aaa22500-1d14-4161-b361-89d4e7d74008/Apps/advisor-crm/venv/lib/python3.13/site-packages/django/template/backends/django.py", line 79, in get_template
    return Template(self.engine.get_template(template_name), self)
                    ~~~~~~~~~~~~~~~~~~~~~~~~^^^^^^^^^^^^^^^
  File "/mnt/aaa22500-1d14-4161-b361-89d4e7d74008/Apps/advisor-crm/venv/lib/python3.13/site-packages/django/template/engine.py", line 177, in get_template
    template, origin = self.find_template(template_name)
                       ~~~~~~~~~~~~~~~~~~^^^^^^^^^^^^^^^
  File "/mnt/aaa22500-1d14-4161-b361-89d4e7d74008/Apps/advisor-crm/venv/lib/python3.13/site-packages/django/template/engine.py", line 159, in find_template
    template = loader.get_template(name, skip=skip)
  File "/mnt/aaa22500-1d14-4161-b361-89d4e7d74008/Apps/advisor-crm/venv/lib/python3.13/site-packages/django/template/loaders/cached.py", line 57, in get_template
    template = super().get_template(template_name, skip)
  File "/mnt/aaa22500-1d14-4161-b361-89d4e7d74008/Apps/advisor-crm/venv/lib/python3.13/site-packages/django/template/loaders/base.py", line 28, in get_template
    return Template(
        contents,
    ...<2 lines>...
        self.engine,
    )
  File "/mnt/aaa22500-1d14-4161-b361-89d4e7d74008/Apps/advisor-crm/venv/lib/python3.13/site-packages/django/template/base.py", line 154, in __init__
    self.nodelist = self.compile_nodelist()
                    ~~~~~~~~~~~~~~~~~~~~~^^
  File "/mnt/aaa22500-1d14-4161-b361-89d4e7d74008/Apps/advisor-crm/venv/lib/python3.13/site-packages/django/template/base.py", line 196, in compile_nodelist
    nodelist = parser.parse()
  File "/mnt/aaa22500-1d14-4161-b361-89d4e7d74008/Apps/advisor-crm/venv/lib/python3.13/site-packages/django/template/base.py", line 518, in parse
    raise self.error(token, e)
  File "/mnt/aaa22500-1d14-4161-b361-89d4e7d74008/Apps/advisor-crm/venv/lib/python3.13/site-packages/django/template/base.py", line 516, in parse
    compiled_result = compile_func(self, token)
  File "/mnt/aaa22500-1d14-4161-b361-89d4e7d74008/Apps/advisor-crm/venv/lib/python3.13/site-packages/django/template/loader_tags.py", line 299, in do_extends
    nodelist = parser.parse()
  File "/mnt/aaa22500-1d14-4161-b361-89d4e7d74008/Apps/advisor-crm/venv/lib/python3.13/site-packages/django/template/base.py", line 518, in parse
    raise self.error(token, e)
  File "/mnt/aaa22500-1d14-4161-b361-89d4e7d74008/Apps/advisor-crm/venv/lib/python3.13/site-packages/django/template/base.py", line 516, in parse
    compiled_result = compile_func(self, token)
  File "/mnt/aaa22500-1d14-4161-b361-89d4e7d74008/Apps/advisor-crm/venv/lib/python3.13/site-packages/django/template/loader_tags.py", line 234, in do_block
    nodelist = parser.parse(("endblock",))
  File "/mnt/aaa22500-1d14-4161-b361-89d4e7d74008/Apps/advisor-crm/venv/lib/python3.13/site-packages/django/template/base.py", line 512, in parse
    self.invalid_block_tag(token, command, parse_until)
    ~~~~~~~~~~~~~~~~~~~~~~^^^^^^^^^^^^^^^^^^^^^^^^^^^^^
  File "/mnt/aaa22500-1d14-4161-b361-89d4e7d74008/Apps/advisor-crm/venv/lib/python3.13/site-packages/django/template/base.py", line 567, in invalid_block_tag
    raise self.error(
    ...<8 lines>...
    )
django.template.exceptions.TemplateSyntaxError: Invalid block tag on line 294: 'empty', expected 'endblock'. Did you forget to register or load this tag?
Internal Server Error: /applications/
Traceback (most recent call last):
  File "/mnt/aaa22500-1d14-4161-b361-89d4e7d74008/Apps/advisor-crm/venv/lib/python3.13/site-packages/django/core/handlers/exception.py", line 55, in inner
    response = get_response(request)
  File "/mnt/aaa22500-1d14-4161-b361-89d4e7d74008/Apps/advisor-crm/venv/lib/python3.13/site-packages/django/core/handlers/base.py", line 220, in _get_response
    response = response.render()
  File "/mnt/aaa22500-1d14-4161-b361-89d4e7d74008/Apps/advisor-crm/venv/lib/python3.13/site-packages/django/template/response.py", line 114, in render
    self.content = self.rendered_content
                   ^^^^^^^^^^^^^^^^^^^^^
  File "/mnt/aaa22500-1d14-4161-b361-89d4e7d74008/Apps/advisor-crm/venv/lib/python3.13/site-packages/django/template/response.py", line 90, in rendered_content
    template = self.resolve_template(self.template_name)
  File "/mnt/aaa22500-1d14-4161-b361-89d4e7d74008/Apps/advisor-crm/venv/lib/python3.13/site-packages/django/template/response.py", line 72, in resolve_template
    return select_template(template, using=self.using)
  File "/mnt/aaa22500-1d14-4161-b361-89d4e7d74008/Apps/advisor-crm/venv/lib/python3.13/site-packages/django/template/loader.py", line 42, in select_template
    return engine.get_template(template_name)
           ~~~~~~~~~~~~~~~~~~~^^^^^^^^^^^^^^^
  File "/mnt/aaa22500-1d14-4161-b361-89d4e7d74008/Apps/advisor-crm/venv/lib/python3.13/site-packages/django/template/backends/django.py", line 79, in get_template
    return Template(self.engine.get_template(template_name), self)
                    ~~~~~~~~~~~~~~~~~~~~~~~~^^^^^^^^^^^^^^^
  File "/mnt/aaa22500-1d14-4161-b361-89d4e7d74008/Apps/advisor-crm/venv/lib/python3.13/site-packages/django/template/engine.py", line 177, in get_template
    template, origin = self.find_template(template_name)
                       ~~~~~~~~~~~~~~~~~~^^^^^^^^^^^^^^^
  File "/mnt/aaa22500-1d14-4161-b361-89d4e7d74008/Apps/advisor-crm/venv/lib/python3.13/site-packages/django/template/engine.py", line 159, in find_template
    template = loader.get_template(name, skip=skip)
  File "/mnt/aaa22500-1d14-4161-b361-89d4e7d74008/Apps/advisor-crm/venv/lib/python3.13/site-packages/django/template/loaders/cached.py", line 57, in get_template
    template = super().get_template(template_name, skip)
  File "/mnt/aaa22500-1d14-4161-b361-89d4e7d74008/Apps/advisor-crm/venv/lib/python3.13/site-packages/django/template/loaders/base.py", line 28, in get_template
    return Template(
        contents,
    ...<2 lines>...
        self.engine,
    )
  File "/mnt/aaa22500-1d14-4161-b361-89d4e7d74008/Apps/advisor-crm/venv/lib/python3.13/site-packages/django/template/base.py", line 154, in __init__
    self.nodelist = self.compile_nodelist()
                    ~~~~~~~~~~~~~~~~~~~~~^^
  File "/mnt/aaa22500-1d14-4161-b361-89d4e7d74008/Apps/advisor-crm/venv/lib/python3.13/site-packages/django/template/base.py", line 196, in compile_nodelist
    nodelist = parser.parse()
  File "/mnt/aaa22500-1d14-4161-b361-89d4e7d74008/Apps/advisor-crm/venv/lib/python3.13/site-packages/django/template/base.py", line 518, in parse
    raise self.error(token, e)
  File "/mnt/aaa22500-1d14-4161-b361-89d4e7d74008/Apps/advisor-crm/venv/lib/python3.13/site-packages/django/template/base.py", line 516, in parse
    compiled_result = compile_func(self, token)
  File "/mnt/aaa22500-1d14-4161-b361-89d4e7d74008/Apps/advisor-crm/venv/lib/python3.13/site-packages/django/template/loader_tags.py", line 299, in do_extends
    nodelist = parser.parse()
  File "/mnt/aaa22500-1d14-4161-b361-89d4e7d74008/Apps/advisor-crm/venv/lib/python3.13/site-packages/django/template/base.py", line 518, in parse
    raise self.error(token, e)
  File "/mnt/aaa22500-1d14-4161-b361-89d4e7d74008/Apps/advisor-crm/venv/lib/python3.13/site-packages/django/template/base.py", line 516, in parse
    compiled_result = compile_func(self, token)
  File "/mnt/aaa22500-1d14-4161-b361-89d4e7d74008/Apps/advisor-crm/venv/lib/python3.13/site-packages/django/template/loader_tags.py", line 234, in do_block
    nodelist = parser.parse(("endblock",))
  File "/mnt/aaa22500-1d14-4161-b361-89d4e7d74008/Apps/advisor-crm/venv/lib/python3.13/site-packages/django/template/base.py", line 523, in parse
    self.unclosed_block_tag(parse_until)
    ~~~~~~~~~~~~~~~~~~~~~~~^^^^^^^^^^^^^
  File "/mnt/aaa22500-1d14-4161-b361-89d4e7d74008/Apps/advisor-crm/venv/lib/python3.13/site-packages/django/template/base.py", line 590, in unclosed_block_tag
    raise self.error(token, msg)
django.template.exceptions.TemplateSyntaxError: Unclosed tag on line 131: 'block'. Looking for one of: endblock.
Internal Server Error: /customers/
Traceback (most recent call last):
  File "/mnt/aaa22500-1d14-4161-b361-89d4e7d74008/Apps/advisor-crm/venv/lib/python3.13/site-packages/django/core/handlers/exception.py", line 55, in inner
    response = get_response(request)
  File "/mnt/aaa22500-1d14-4161-b361-89d4e7d74008/Apps/advisor-crm/venv/lib/python3.13/site-packages/django/core/handlers/base.py", line 220, in _get_response
    response = response.render()
  File "/mnt/aaa22500-1d14-4161-b361-89d4e7d74008/Apps/advisor-crm/venv/lib/python3.13/site-packages/django/template/response.py", line 114, in render
    self.content = self.rendered_content
                   ^^^^^^^^^^^^^^^^^^^^^
  File "/mnt/aaa22500-1d14-4161-b361-89d4e7d74008/Apps/advisor-crm/venv/lib/python3.13/site-packages/django/template/response.py", line 92, in rendered_content
    return template.render(context, self._request)
           ~~~~~~~~~~~~~~~^^^^^^^^^^^^^^^^^^^^^^^^
  File "/mnt/aaa22500-1d14-4161-b361-89d4e7d74008/Apps/advisor-crm/venv/lib/python3.13/site-packages/django/template/backends/django.py", line 107, in render
    return self.template.render(context)
           ~~~~~~~~~~~~~~~~~~~~^^^^^^^^^
  File "/mnt/aaa22500-1d14-4161-b361-89d4e7d74008/Apps/advisor-crm/venv/lib/python3.13/site-packages/django/template/base.py", line 171, in render
    return self._render(context)
           ~~~~~~~~~~~~^^^^^^^^^
  File "/mnt/aaa22500-1d14-4161-b361-89d4e7d74008/Apps/advisor-crm/venv/lib/python3.13/site-packages/django/template/base.py", line 163, in _render
    return self.nodelist.render(context)
           ~~~~~~~~~~~~~~~~~~~~^^^^^^^^^
  File "/mnt/aaa22500-1d14-4161-b361-89d4e7d74008/Apps/advisor-crm/venv/lib/python3.13/site-packages/django/template/base.py", line 1016, in render
    return SafeString("".join([node.render_annotated(context) for node in self]))
                               ~~~~~~~~~~~~~~~~~~~~~^^^^^^^^^
  File "/mnt/aaa22500-1d14-4161-b361-89d4e7d74008/Apps/advisor-crm/venv/lib/python3.13/site-packages/django/template/base.py", line 977, in render_annotated
    return self.render(context)
           ~~~~~~~~~~~^^^^^^^^^
  File "/mnt/aaa22500-1d14-4161-b361-89d4e7d74008/Apps/advisor-crm/venv/lib/python3.13/site-packages/django/template/loader_tags.py", line 159, in render
    return compiled_parent._render(context)
           ~~~~~~~~~~~~~~~~~~~~~~~^^^^^^^^^
  File "/mnt/aaa22500-1d14-4161-b361-89d4e7d74008/Apps/advisor-crm/venv/lib/python3.13/site-packages/django/template/base.py", line 163, in _render
    return self.nodelist.render(context)
           ~~~~~~~~~~~~~~~~~~~~^^^^^^^^^
  File "/mnt/aaa22500-1d14-4161-b361-89d4e7d74008/Apps/advisor-crm/venv/lib/python3.13/site-packages/django/template/base.py", line 1016, in render
    return SafeString("".join([node.render_annotated(context) for node in self]))
                               ~~~~~~~~~~~~~~~~~~~~~^^^^^^^^^
  File "/mnt/aaa22500-1d14-4161-b361-89d4e7d74008/Apps/advisor-crm/venv/lib/python3.13/site-packages/django/template/base.py", line 977, in render_annotated
    return self.render(context)
           ~~~~~~~~~~~^^^^^^^^^
  File "/mnt/aaa22500-1d14-4161-b361-89d4e7d74008/Apps/advisor-crm/venv/lib/python3.13/site-packages/django/template/loader_tags.py", line 65, in render
    result = block.nodelist.render(context)
  File "/mnt/aaa22500-1d14-4161-b361-89d4e7d74008/Apps/advisor-crm/venv/lib/python3.13/site-packages/django/template/base.py", line 1016, in render
    return SafeString("".join([node.render_annotated(context) for node in self]))
                               ~~~~~~~~~~~~~~~~~~~~~^^^^^^^^^
  File "/mnt/aaa22500-1d14-4161-b361-89d4e7d74008/Apps/advisor-crm/venv/lib/python3.13/site-packages/django/template/base.py", line 977, in render_annotated
    return self.render(context)
           ~~~~~~~~~~~^^^^^^^^^
  File "/mnt/aaa22500-1d14-4161-b361-89d4e7d74008/Apps/advisor-crm/venv/lib/python3.13/site-packages/django/template/defaulttags.py", line 243, in render
    nodelist.append(node.render_annotated(context))
                    ~~~~~~~~~~~~~~~~~~~~~^^^^^^^^^
  File "/mnt/aaa22500-1d14-4161-b361-89d4e7d74008/Apps/advisor-crm/venv/lib/python3.13/site-packages/django/template/base.py", line 977, in render_annotated
    return self.render(context)
           ~~~~~~~~~~~^^^^^^^^^
  File "/mnt/aaa22500-1d14-4161-b361-89d4e7d74008/Apps/advisor-crm/venv/lib/python3.13/site-packages/django/template/base.py", line 1075, in render
    output = self.filter_expression.resolve(context)
  File "/mnt/aaa22500-1d14-4161-b361-89d4e7d74008/Apps/advisor-crm/venv/lib/python3.13/site-packages/django/template/base.py", line 749, in resolve
    new_obj = func(obj, *arg_vals)
  File "/mnt/aaa22500-1d14-4161-b361-89d4e7d74008/Apps/advisor-crm/venv/lib/python3.13/site-packages/django/template/defaultfilters.py", line 814, in timesince_filter
    return timesince(value)
  File "/mnt/aaa22500-1d14-4161-b361-89d4e7d74008/Apps/advisor-crm/venv/lib/python3.13/site-packages/django/utils/timesince.py", line 62, in timesince
    d = datetime.datetime(d.year, d.month, d.day)
                          ^^^^^^
AttributeError: 'SafeString' object has no attribute 'year'
Internal Server Error: /customers/
Traceback (most recent call last):
  File "/mnt/aaa22500-1d14-4161-b361-89d4e7d74008/Apps/advisor-crm/venv/lib/python3.13/site-packages/django/core/handlers/exception.py", line 55, in inner
    response = get_response(request)
  File "/mnt/aaa22500-1d14-4161-b361-89d4e7d74008/Apps/advisor-crm/venv/lib/python3.13/site-packages/django/core/handlers/base.py", line 220, in _get_response
    response = response.render()
  File "/mnt/aaa22500-1d14-4161-b361-89d4e7d74008/Apps/advisor-crm/venv/lib/python3.13/site-packages/django/template/response.py", line 114, in render
    self.content = self.rendered_content
                   ^^^^^^^^^^^^^^^^^^^^^
  File "/mnt/aaa22500-1d14-4161-b361-89d4e7d74008/Apps/advisor-crm/venv/lib/python3.13/site-packages/django/template/response.py", line 92, in rendered_content
    return template.render(context, self._request)
           ~~~~~~~~~~~~~~~^^^^^^^^^^^^^^^^^^^^^^^^
  File "/mnt/aaa22500-1d14-4161-b361-89d4e7d74008/Apps/advisor-crm/venv/lib/python3.13/site-packages/django/template/backends/django.py", line 107, in render
    return self.template.render(context)
           ~~~~~~~~~~~~~~~~~~~~^^^^^^^^^
  File "/mnt/aaa22500-1d14-4161-b361-89d4e7d74008/Apps/advisor-crm/venv/lib/python3.13/site-packages/django/template/base.py", line 171, in render
    return self._render(context)
           ~~~~~~~~~~~~^^^^^^^^^
  File "/mnt/aaa22500-1d14-4161-b361-89d4e7d74008/Apps/advisor-crm/venv/lib/python3.13/site-packages/django/template/base.py", line 163, in _render
    return self.nodelist.render(context)
           ~~~~~~~~~~~~~~~~~~~~^^^^^^^^^
  File "/mnt/aaa22500-1d14-4161-b361-89d4e7d74008/Apps/advisor-crm/venv/lib/python3.13/site-packages/django/template/base.py", line 1016, in render
    return SafeString("".join([node.render_annotated(context) for node in self]))
                               ~~~~~~~~~~~~~~~~~~~~~^^^^^^^^^
  File "/mnt/aaa22500-1d14-4161-b361-89d4e7d74008/Apps/advisor-crm/venv/lib/python3.13/site-packages/django/template/base.py", line 977, in render_annotated
    return self.render(context)
           ~~~~~~~~~~~^^^^^^^^^
  File "/mnt/aaa22500-1d14-4161-b361-89d4e7d74008/Apps/advisor-crm/venv/lib/python3.13/site-packages/django/template/loader_tags.py", line 159, in render
    return compiled_parent._render(context)
           ~~~~~~~~~~~~~~~~~~~~~~~^^^^^^^^^
  File "/mnt/aaa22500-1d14-4161-b361-89d4e7d74008/Apps/advisor-crm/venv/lib/python3.13/site-packages/django/template/base.py", line 163, in _render
    return self.nodelist.render(context)
           ~~~~~~~~~~~~~~~~~~~~^^^^^^^^^
  File "/mnt/aaa22500-1d14-4161-b361-89d4e7d74008/Apps/advisor-crm/venv/lib/python3.13/site-packages/django/template/base.py", line 1016, in render
    return SafeString("".join([node.render_annotated(context) for node in self]))
                               ~~~~~~~~~~~~~~~~~~~~~^^^^^^^^^
  File "/mnt/aaa22500-1d14-4161-b361-89d4e7d74008/Apps/advisor-crm/venv/lib/python3.13/site-packages/django/template/base.py", line 977, in render_annotated
    return self.render(context)
           ~~~~~~~~~~~^^^^^^^^^
  File "/mnt/aaa22500-1d14-4161-b361-89d4e7d74008/Apps/advisor-crm/venv/lib/python3.13/site-packages/django/template/loader_tags.py", line 65, in render
    result = block.nodelist.render(context)
  File "/mnt/aaa22500-1d14-4161-b361-89d4e7d74008/Apps/advisor-crm/venv/lib/python3.13/site-packages/django/template/base.py", line 1016, in render
    return SafeString("".join([node.render_annotated(context) for node in self]))
                               ~~~~~~~~~~~~~~~~~~~~~^^^^^^^^^
  File "/mnt/aaa22500-1d14-4161-b361-89d4e7d74008/Apps/advisor-crm/venv/lib/python3.13/site-packages/django/template/base.py", line 977, in render_annotated
    return self.render(context)
           ~~~~~~~~~~~^^^^^^^^^
  File "/mnt/aaa22500-1d14-4161-b361-89d4e7d74008/Apps/advisor-crm/venv/lib/python3.13/site-packages/django/template/defaulttags.py", line 243, in render
    nodelist.append(node.render_annotated(context))
                    ~~~~~~~~~~~~~~~~~~~~~^^^^^^^^^
  File "/mnt/aaa22500-1d14-4161-b361-89d4e7d74008/Apps/advisor-crm/venv/lib/python3.13/site-packages/django/template/base.py", line 977, in render_annotated
    return self.render(context)
           ~~~~~~~~~~~^^^^^^^^^
  File "/mnt/aaa22500-1d14-4161-b361-89d4e7d74008/Apps/advisor-crm/venv/lib/python3.13/site-packages/django/template/base.py", line 1075, in render
    output = self.filter_expression.resolve(context)
  File "/mnt/aaa22500-1d14-4161-b361-89d4e7d74008/Apps/advisor-crm/venv/lib/python3.13/site-packages/django/template/base.py", line 749, in resolve
    new_obj = func(obj, *arg_vals)
  File "/mnt/aaa22500-1d14-4161-b361-89d4e7d74008/Apps/advisor-crm/venv/lib/python3.13/site-packages/django/template/defaultfilters.py", line 814, in timesince_filter
    return timesince(value)
  File "/mnt/aaa22500-1d14-4161-b361-89d4e7d74008/Apps/advisor-crm/venv/lib/python3.13/site-packages/django/utils/timesince.py", line 62, in timesince
    d = datetime.datetime(d.year, d.month, d.day)
                          ^^^^^^
AttributeError: 'SafeString' object has no attribute 'year'
Internal Server Error: /customers/
Traceback (most recent call last):
  File "/mnt/aaa22500-1d14-4161-b361-89d4e7d74008/Apps/advisor-crm/venv/lib/python3.13/site-packages/django/core/handlers/exception.py", line 55, in inner
    response = get_response(request)
  File "/mnt/aaa22500-1d14-4161-b361-89d4e7d74008/Apps/advisor-crm/venv/lib/python3.13/site-packages/django/core/handlers/base.py", line 220, in _get_response
    response = response.render()
  File "/mnt/aaa22500-1d14-4161-b361-89d4e7d74008/Apps/advisor-crm/venv/lib/python3.13/site-packages/django/template/response.py", line 114, in render
    self.content = self.rendered_content
                   ^^^^^^^^^^^^^^^^^^^^^
  File "/mnt/aaa22500-1d14-4161-b361-89d4e7d74008/Apps/advisor-crm/venv/lib/python3.13/site-packages/django/template/response.py", line 92, in rendered_content
    return template.render(context, self._request)
           ~~~~~~~~~~~~~~~^^^^^^^^^^^^^^^^^^^^^^^^
  File "/mnt/aaa22500-1d14-4161-b361-89d4e7d74008/Apps/advisor-crm/venv/lib/python3.13/site-packages/django/template/backends/django.py", line 107, in render
    return self.template.render(context)
           ~~~~~~~~~~~~~~~~~~~~^^^^^^^^^
  File "/mnt/aaa22500-1d14-4161-b361-89d4e7d74008/Apps/advisor-crm/venv/lib/python3.13/site-packages/django/template/base.py", line 171, in render
    return self._render(context)
           ~~~~~~~~~~~~^^^^^^^^^
  File "/mnt/aaa22500-1d14-4161-b361-89d4e7d74008/Apps/advisor-crm/venv/lib/python3.13/site-packages/django/template/base.py", line 163, in _render
    return self.nodelist.render(context)
           ~~~~~~~~~~~~~~~~~~~~^^^^^^^^^
  File "/mnt/aaa22500-1d14-4161-b361-89d4e7d74008/Apps/advisor-crm/venv/lib/python3.13/site-packages/django/template/base.py", line 1016, in render
    return SafeString("".join([node.render_annotated(context) for node in self]))
                               ~~~~~~~~~~~~~~~~~~~~~^^^^^^^^^
  File "/mnt/aaa22500-1d14-4161-b361-89d4e7d74008/Apps/advisor-crm/venv/lib/python3.13/site-packages/django/template/base.py", line 977, in render_annotated
    return self.render(context)
           ~~~~~~~~~~~^^^^^^^^^
  File "/mnt/aaa22500-1d14-4161-b361-89d4e7d74008/Apps/advisor-crm/venv/lib/python3.13/site-packages/django/template/loader_tags.py", line 159, in render
    return compiled_parent._render(context)
           ~~~~~~~~~~~~~~~~~~~~~~~^^^^^^^^^
  File "/mnt/aaa22500-1d14-4161-b361-89d4e7d74008/Apps/advisor-crm/venv/lib/python3.13/site-packages/django/template/base.py", line 163, in _render
    return self.nodelist.render(context)
           ~~~~~~~~~~~~~~~~~~~~^^^^^^^^^
  File "/mnt/aaa22500-1d14-4161-b361-89d4e7d74008/Apps/advisor-crm/venv/lib/python3.13/site-packages/django/template/base.py", line 1016, in render
    return SafeString("".join([node.render_annotated(context) for node in self]))
                               ~~~~~~~~~~~~~~~~~~~~~^^^^^^^^^
  File "/mnt/aaa22500-1d14-4161-b361-89d4e7d74008/Apps/advisor-crm/venv/lib/python3.13/site-packages/django/template/base.py", line 977, in render_annotated
    return self.render(context)
           ~~~~~~~~~~~^^^^^^^^^
  File "/mnt/aaa22500-1d14-4161-b361-89d4e7d74008/Apps/advisor-crm/venv/lib/python3.13/site-packages/django/template/loader_tags.py", line 65, in render
    result = block.nodelist.render(context)
  File "/mnt/aaa22500-1d14-4161-b361-89d4e7d74008/Apps/advisor-crm/venv/lib/python3.13/site-packages/django/template/base.py", line 1016, in render
    return SafeString("".join([node.render_annotated(context) for node in self]))
                               ~~~~~~~~~~~~~~~~~~~~~^^^^^^^^^
  File "/mnt/aaa22500-1d14-4161-b361-89d4e7d74008/Apps/advisor-crm/venv/lib/python3.13/site-packages/django/template/base.py", line 977, in render_annotated
    return self.render(context)
           ~~~~~~~~~~~^^^^^^^^^
  File "/mnt/aaa22500-1d14-4161-b361-89d4e7d74008/Apps/advisor-crm/venv/lib/python3.13/site-packages/django/template/defaulttags.py", line 243, in render
    nodelist.append(node.render_annotated(context))
                    ~~~~~~~~~~~~~~~~~~~~~^^^^^^^^^
  File "/mnt/aaa22500-1d14-4161-b361-89d4e7d74008/Apps/advisor-crm/venv/lib/python3.13/site-packages/django/template/base.py", line 977, in render_annotated
    return self.render(context)
           ~~~~~~~~~~~^^^^^^^^^
  File "/mnt/aaa22500-1d14-4161-b361-89d4e7d74008/Apps/advisor-crm/venv/lib/python3.13/site-packages/django/template/base.py", line 1075, in render
    output = self.filter_expression.resolve(context)
  File "/mnt/aaa22500-1d14-4161-b361-89d4e7d74008/Apps/advisor-crm/venv/lib/python3.13/site-packages/django/template/base.py", line 749, in resolve
    new_obj = func(obj, *arg_vals)
  File "/mnt/aaa22500-1d14-4161-b361-89d4e7d74008/Apps/advisor-crm/venv/lib/python3.13/site-packages/django/template/defaultfilters.py", line 814, in timesince_filter
    return timesince(value)
  File "/mnt/aaa22500-1d14-4161-b361-89d4e7d74008/Apps/advisor-crm/venv/lib/python3.13/site-packages/django/utils/timesince.py", line 62, in timesince
    d = datetime.datetime(d.year, d.month, d.day)
                          ^^^^^^
AttributeError: 'SafeString' object has no attribute 'year'
Internal Server Error: /customers/
Traceback (most recent call last):
  File "/mnt/aaa22500-1d14-4161-b361-89d4e7d74008/Apps/advisor-crm/venv/lib/python3.13/site-packages/django/core/handlers/exception.py", line 55, in inner
    response = get_response(request)
  File "/mnt/aaa22500-1d14-4161-b361-89d4e7d74008/Apps/advisor-crm/venv/lib/python3.13/site-packages/django/core/handlers/base.py", line 220, in _get_response
    response = response.render()
  File "/mnt/aaa22500-1d14-4161-b361-89d4e7d74008/Apps/advisor-crm/venv/lib/python3.13/site-packages/django/template/response.py", line 114, in render
    self.content = self.rendered_content
                   ^^^^^^^^^^^^^^^^^^^^^
  File "/mnt/aaa22500-1d14-4161-b361-89d4e7d74008/Apps/advisor-crm/venv/lib/python3.13/site-packages/django/template/response.py", line 92, in rendered_content
    return template.render(context, self._request)
           ~~~~~~~~~~~~~~~^^^^^^^^^^^^^^^^^^^^^^^^
  File "/mnt/aaa22500-1d14-4161-b361-89d4e7d74008/Apps/advisor-crm/venv/lib/python3.13/site-packages/django/template/backends/django.py", line 107, in render
    return self.template.render(context)
           ~~~~~~~~~~~~~~~~~~~~^^^^^^^^^
  File "/mnt/aaa22500-1d14-4161-b361-89d4e7d74008/Apps/advisor-crm/venv/lib/python3.13/site-packages/django/template/base.py", line 171, in render
    return self._render(context)
           ~~~~~~~~~~~~^^^^^^^^^
  File "/mnt/aaa22500-1d14-4161-b361-89d4e7d74008/Apps/advisor-crm/venv/lib/python3.13/site-packages/django/template/base.py", line 163, in _render
    return self.nodelist.render(context)
           ~~~~~~~~~~~~~~~~~~~~^^^^^^^^^
  File "/mnt/aaa22500-1d14-4161-b361-89d4e7d74008/Apps/advisor-crm/venv/lib/python3.13/site-packages/django/template/base.py", line 1016, in render
    return SafeString("".join([node.render_annotated(context) for node in self]))
                               ~~~~~~~~~~~~~~~~~~~~~^^^^^^^^^
  File "/mnt/aaa22500-1d14-4161-b361-89d4e7d74008/Apps/advisor-crm/venv/lib/python3.13/site-packages/django/template/base.py", line 977, in render_annotated
    return self.render(context)
           ~~~~~~~~~~~^^^^^^^^^
  File "/mnt/aaa22500-1d14-4161-b361-89d4e7d74008/Apps/advisor-crm/venv/lib/python3.13/site-packages/django/template/loader_tags.py", line 159, in render
    return compiled_parent._render(context)
           ~~~~~~~~~~~~~~~~~~~~~~~^^^^^^^^^
  File "/mnt/aaa22500-1d14-4161-b361-89d4e7d74008/Apps/advisor-crm/venv/lib/python3.13/site-packages/django/template/base.py", line 163, in _render
    return self.nodelist.render(context)
           ~~~~~~~~~~~~~~~~~~~~^^^^^^^^^
  File "/mnt/aaa22500-1d14-4161-b361-89d4e7d74008/Apps/advisor-crm/venv/lib/python3.13/site-packages/django/template/base.py", line 1016, in render
    return SafeString("".join([node.render_annotated(context) for node in self]))
                               ~~~~~~~~~~~~~~~~~~~~~^^^^^^^^^
  File "/mnt/aaa22500-1d14-4161-b361-89d4e7d74008/Apps/advisor-crm/venv/lib/python3.13/site-packages/django/template/base.py", line 977, in render_annotated
    return self.render(context)
           ~~~~~~~~~~~^^^^^^^^^
  File "/mnt/aaa22500-1d14-4161-b361-89d4e7d74008/Apps/advisor-crm/venv/lib/python3.13/site-packages/django/template/loader_tags.py", line 65, in render
    result = block.nodelist.render(context)
  File "/mnt/aaa22500-1d14-4161-b361-89d4e7d74008/Apps/advisor-crm/venv/lib/python3.13/site-packages/django/template/base.py", line 1016, in render
    return SafeString("".join([node.render_annotated(context) for node in self]))
                               ~~~~~~~~~~~~~~~~~~~~~^^^^^^^^^
  File "/mnt/aaa22500-1d14-4161-b361-89d4e7d74008/Apps/advisor-crm/venv/lib/python3.13/site-packages/django/template/base.py", line 977, in render_annotated
    return self.render(context)
           ~~~~~~~~~~~^^^^^^^^^
  File "/mnt/aaa22500-1d14-4161-b361-89d4e7d74008/Apps/advisor-crm/venv/lib/python3.13/site-packages/django/template/defaulttags.py", line 243, in render
    nodelist.append(node.render_annotated(context))
                    ~~~~~~~~~~~~~~~~~~~~~^^^^^^^^^
  File "/mnt/aaa22500-1d14-4161-b361-89d4e7d74008/Apps/advisor-crm/venv/lib/python3.13/site-packages/django/template/base.py", line 977, in render_annotated
    return self.render(context)
           ~~~~~~~~~~~^^^^^^^^^
  File "/mnt/aaa22500-1d14-4161-b361-89d4e7d74008/Apps/advisor-crm/venv/lib/python3.13/site-packages/django/template/base.py", line 1075, in render
    output = self.filter_expression.resolve(context)
  File "/mnt/aaa22500-1d14-4161-b361-89d4e7d74008/Apps/advisor-crm/venv/lib/python3.13/site-packages/django/template/base.py", line 749, in resolve
    new_obj = func(obj, *arg_vals)
  File "/mnt/aaa22500-1d14-4161-b361-89d4e7d74008/Apps/advisor-crm/venv/lib/python3.13/site-packages/django/template/defaultfilters.py", line 814, in timesince_filter
    return timesince(value)
  File "/mnt/aaa22500-1d14-4161-b361-89d4e7d74008/Apps/advisor-crm/venv/lib/python3.13/site-packages/django/utils/timesince.py", line 62, in timesince
    d = datetime.datetime(d.year, d.month, d.day)
                          ^^^^^^
AttributeError: 'SafeString' object has no attribute 'year'
/mnt/aaa22500-1d14-4161-b361-89d4e7d74008/Apps/advisor-crm/advisor_crm/advisor_crm/settings.py changed, reloading.
Watching for file changes with StatReloader
Internal Server Error: /dashboard/
Traceback (most recent call last):
  File "/mnt/aaa22500-1d14-4161-b361-89d4e7d74008/Apps/advisor-crm/venv/lib/python3.13/site-packages/django/core/handlers/exception.py", line 55, in inner
    response = get_response(request)
  File "/mnt/aaa22500-1d14-4161-b361-89d4e7d74008/Apps/advisor-crm/venv/lib/python3.13/site-packages/django/core/handlers/base.py", line 197, in _get_response
    response = wrapped_callback(request, *callback_args, **callback_kwargs)
  File "/mnt/aaa22500-1d14-4161-b361-89d4e7d74008/Apps/advisor-crm/venv/lib/python3.13/site-packages/django/contrib/auth/decorators.py", line 59, in _view_wrapper
    return view_func(request, *args, **kwargs)
  File "/mnt/aaa22500-1d14-4161-b361-89d4e7d74008/Apps/advisor-crm/advisor_crm/crm/views.py", line 80, in dashboard
    return render(request, 'crm/dashboard.html', context)
  File "/mnt/aaa22500-1d14-4161-b361-89d4e7d74008/Apps/advisor-crm/venv/lib/python3.13/site-packages/django/shortcuts.py", line 25, in render
    content = loader.render_to_string(template_name, context, request, using=using)
  File "/mnt/aaa22500-1d14-4161-b361-89d4e7d74008/Apps/advisor-crm/venv/lib/python3.13/site-packages/django/template/loader.py", line 61, in render_to_string
    template = get_template(template_name, using=using)
  File "/mnt/aaa22500-1d14-4161-b361-89d4e7d74008/Apps/advisor-crm/venv/lib/python3.13/site-packages/django/template/loader.py", line 19, in get_template
    raise TemplateDoesNotExist(template_name, chain=chain)
django.template.exceptions.TemplateDoesNotExist: crm/dashboard.html
/mnt/aaa22500-1d14-4161-b361-89d4e7d74008/Apps/advisor-crm/advisor_crm/advisor_crm/settings.py changed, reloading.
Watching for file changes with StatReloader
Watching for file changes with StatReloader
Internal Server Error: /customers/
Traceback (most recent call last):
  File "/mnt/aaa22500-1d14-4161-b361-89d4e7d74008/Apps/advisor-crm/venv/lib/python3.13/site-packages/django/core/handlers/exception.py", line 55, in inner
    response = get_response(request)
  File "/mnt/aaa22500-1d14-4161-b361-89d4e7d74008/Apps/advisor-crm/venv/lib/python3.13/site-packages/django/core/handlers/base.py", line 220, in _get_response
    response = response.render()
  File "/mnt/aaa22500-1d14-4161-b361-89d4e7d74008/Apps/advisor-crm/venv/lib/python3.13/site-packages/django/template/response.py", line 114, in render
    self.content = self.rendered_content
                   ^^^^^^^^^^^^^^^^^^^^^
  File "/mnt/aaa22500-1d14-4161-b361-89d4e7d74008/Apps/advisor-crm/venv/lib/python3.13/site-packages/django/template/response.py", line 92, in rendered_content
    return template.render(context, self._request)
           ~~~~~~~~~~~~~~~^^^^^^^^^^^^^^^^^^^^^^^^
  File "/mnt/aaa22500-1d14-4161-b361-89d4e7d74008/Apps/advisor-crm/venv/lib/python3.13/site-packages/django/template/backends/django.py", line 107, in render
    return self.template.render(context)
           ~~~~~~~~~~~~~~~~~~~~^^^^^^^^^
  File "/mnt/aaa22500-1d14-4161-b361-89d4e7d74008/Apps/advisor-crm/venv/lib/python3.13/site-packages/django/template/base.py", line 171, in render
    return self._render(context)
           ~~~~~~~~~~~~^^^^^^^^^
  File "/mnt/aaa22500-1d14-4161-b361-89d4e7d74008/Apps/advisor-crm/venv/lib/python3.13/site-packages/django/template/base.py", line 163, in _render
    return self.nodelist.render(context)
           ~~~~~~~~~~~~~~~~~~~~^^^^^^^^^
  File "/mnt/aaa22500-1d14-4161-b361-89d4e7d74008/Apps/advisor-crm/venv/lib/python3.13/site-packages/django/template/base.py", line 1016, in render
    return SafeString("".join([node.render_annotated(context) for node in self]))
                               ~~~~~~~~~~~~~~~~~~~~~^^^^^^^^^
  File "/mnt/aaa22500-1d14-4161-b361-89d4e7d74008/Apps/advisor-crm/venv/lib/python3.13/site-packages/django/template/base.py", line 977, in render_annotated
    return self.render(context)
           ~~~~~~~~~~~^^^^^^^^^
  File "/mnt/aaa22500-1d14-4161-b361-89d4e7d74008/Apps/advisor-crm/venv/lib/python3.13/site-packages/django/template/loader_tags.py", line 159, in render
    return compiled_parent._render(context)
           ~~~~~~~~~~~~~~~~~~~~~~~^^^^^^^^^
  File "/mnt/aaa22500-1d14-4161-b361-89d4e7d74008/Apps/advisor-crm/venv/lib/python3.13/site-packages/django/template/base.py", line 163, in _render
    return self.nodelist.render(context)
           ~~~~~~~~~~~~~~~~~~~~^^^^^^^^^
  File "/mnt/aaa22500-1d14-4161-b361-89d4e7d74008/Apps/advisor-crm/venv/lib/python3.13/site-packages/django/template/base.py", line 1016, in render
    return SafeString("".join([node.render_annotated(context) for node in self]))
                               ~~~~~~~~~~~~~~~~~~~~~^^^^^^^^^
  File "/mnt/aaa22500-1d14-4161-b361-89d4e7d74008/Apps/advisor-crm/venv/lib/python3.13/site-packages/django/template/base.py", line 977, in render_annotated
    return self.render(context)
           ~~~~~~~~~~~^^^^^^^^^
  File "/mnt/aaa22500-1d14-4161-b361-89d4e7d74008/Apps/advisor-crm/venv/lib/python3.13/site-packages/django/template/loader_tags.py", line 65, in render
    result = block.nodelist.render(context)
  File "/mnt/aaa22500-1d14-4161-b361-89d4e7d74008/Apps/advisor-crm/venv/lib/python3.13/site-packages/django/template/base.py", line 1016, in render
    return SafeString("".join([node.render_annotated(context) for node in self]))
                               ~~~~~~~~~~~~~~~~~~~~~^^^^^^^^^
  File "/mnt/aaa22500-1d14-4161-b361-89d4e7d74008/Apps/advisor-crm/venv/lib/python3.13/site-packages/django/template/base.py", line 977, in render_annotated
    return self.render(context)
           ~~~~~~~~~~~^^^^^^^^^
  File "/mnt/aaa22500-1d14-4161-b361-89d4e7d74008/Apps/advisor-crm/venv/lib/python3.13/site-packages/django/template/defaulttags.py", line 243, in render
    nodelist.append(node.render_annotated(context))
                    ~~~~~~~~~~~~~~~~~~~~~^^^^^^^^^
  File "/mnt/aaa22500-1d14-4161-b361-89d4e7d74008/Apps/advisor-crm/venv/lib/python3.13/site-packages/django/template/base.py", line 977, in render_annotated
    return self.render(context)
           ~~~~~~~~~~~^^^^^^^^^
  File "/mnt/aaa22500-1d14-4161-b361-89d4e7d74008/Apps/advisor-crm/venv/lib/python3.13/site-packages/django/template/base.py", line 1075, in render
    output = self.filter_expression.resolve(context)
  File "/mnt/aaa22500-1d14-4161-b361-89d4e7d74008/Apps/advisor-crm/venv/lib/python3.13/site-packages/django/template/base.py", line 749, in resolve
    new_obj = func(obj, *arg_vals)
  File "/mnt/aaa22500-1d14-4161-b361-89d4e7d74008/Apps/advisor-crm/venv/lib/python3.13/site-packages/django/template/defaultfilters.py", line 814, in timesince_filter
    return timesince(value)
  File "/mnt/aaa22500-1d14-4161-b361-89d4e7d74008/Apps/advisor-crm/venv/lib/python3.13/site-packages/django/utils/timesince.py", line 62, in timesince
    d = datetime.datetime(d.year, d.month, d.day)
                          ^^^^^^
AttributeError: 'SafeString' object has no attribute 'year'
Watching for file changes with StatReloader
Watching for file changes with StatReloader
Internal Server Error: /
Traceback (most recent call last):
  File "/mnt/aaa22500-1d14-4161-b361-89d4e7d74008/Apps/advisor-crm/venv/lib/python3.13/site-packages/django/core/handlers/exception.py", line 55, in inner
    response = get_response(request)
  File "/mnt/aaa22500-1d14-4161-b361-89d4e7d74008/Apps/advisor-crm/venv/lib/python3.13/site-packages/django/core/handlers/base.py", line 197, in _get_response
    response = wrapped_callback(request, *callback_args, **callback_kwargs)
  File "/mnt/aaa22500-1d14-4161-b361-89d4e7d74008/Apps/advisor-crm/venv/lib/python3.13/site-packages/django/contrib/auth/decorators.py", line 59, in _view_wrapper
    return view_func(request, *args, **kwargs)
  File "/mnt/aaa22500-1d14-4161-b361-89d4e7d74008/Apps/advisor-crm/advisor_crm/crm/views.py", line 80, in dashboard
    return render(request, 'crm/dashboard.html', context)
  File "/mnt/aaa22500-1d14-4161-b361-89d4e7d74008/Apps/advisor-crm/venv/lib/python3.13/site-packages/django/shortcuts.py", line 25, in render
    content = loader.render_to_string(template_name, context, request, using=using)
  File "/mnt/aaa22500-1d14-4161-b361-89d4e7d74008/Apps/advisor-crm/venv/lib/python3.13/site-packages/django/template/loader.py", line 61, in render_to_string
    template = get_template(template_name, using=using)
  File "/mnt/aaa22500-1d14-4161-b361-89d4e7d74008/Apps/advisor-crm/venv/lib/python3.13/site-packages/django/template/loader.py", line 19, in get_template
    raise TemplateDoesNotExist(template_name, chain=chain)
django.template.exceptions.TemplateDoesNotExist: crm/dashboard.html
Internal Server Error: /
Traceback (most recent call last):
  File "/mnt/aaa22500-1d14-4161-b361-89d4e7d74008/Apps/advisor-crm/venv/lib/python3.13/site-packages/django/core/handlers/exception.py", line 55, in inner
    response = get_response(request)
  File "/mnt/aaa22500-1d14-4161-b361-89d4e7d74008/Apps/advisor-crm/venv/lib/python3.13/site-packages/django/core/handlers/base.py", line 197, in _get_response
    response = wrapped_callback(request, *callback_args, **callback_kwargs)
  File "/mnt/aaa22500-1d14-4161-b361-89d4e7d74008/Apps/advisor-crm/venv/lib/python3.13/site-packages/django/contrib/auth/decorators.py", line 59, in _view_wrapper
    return view_func(request, *args, **kwargs)
  File "/mnt/aaa22500-1d14-4161-b361-89d4e7d74008/Apps/advisor-crm/advisor_crm/crm/views.py", line 80, in dashboard
    return render(request, 'crm/dashboard.html', context)
  File "/mnt/aaa22500-1d14-4161-b361-89d4e7d74008/Apps/advisor-crm/venv/lib/python3.13/site-packages/django/shortcuts.py", line 25, in render
    content = loader.render_to_string(template_name, context, request, using=using)
  File "/mnt/aaa22500-1d14-4161-b361-89d4e7d74008/Apps/advisor-crm/venv/lib/python3.13/site-packages/django/template/loader.py", line 61, in render_to_string
    template = get_template(template_name, using=using)
  File "/mnt/aaa22500-1d14-4161-b361-89d4e7d74008/Apps/advisor-crm/venv/lib/python3.13/site-packages/django/template/loader.py", line 19, in get_template
    raise TemplateDoesNotExist(template_name, chain=chain)
django.template.exceptions.TemplateDoesNotExist: crm/dashboard.html
Internal Server Error: /
Traceback (most recent call last):
  File "/mnt/aaa22500-1d14-4161-b361-89d4e7d74008/Apps/advisor-crm/venv/lib/python3.13/site-packages/django/core/handlers/exception.py", line 55, in inner
    response = get_response(request)
  File "/mnt/aaa22500-1d14-4161-b361-89d4e7d74008/Apps/advisor-crm/venv/lib/python3.13/site-packages/django/core/handlers/base.py", line 197, in _get_response
    response = wrapped_callback(request, *callback_args, **callback_kwargs)
  File "/mnt/aaa22500-1d14-4161-b361-89d4e7d74008/Apps/advisor-crm/venv/lib/python3.13/site-packages/django/contrib/auth/decorators.py", line 59, in _view_wrapper
    return view_func(request, *args, **kwargs)
  File "/mnt/aaa22500-1d14-4161-b361-89d4e7d74008/Apps/advisor-crm/advisor_crm/crm/views.py", line 80, in dashboard
    return render(request, 'crm/dashboard.html', context)
  File "/mnt/aaa22500-1d14-4161-b361-89d4e7d74008/Apps/advisor-crm/venv/lib/python3.13/site-packages/django/shortcuts.py", line 25, in render
    content = loader.render_to_string(template_name, context, request, using=using)
  File "/mnt/aaa22500-1d14-4161-b361-89d4e7d74008/Apps/advisor-crm/venv/lib/python3.13/site-packages/django/template/loader.py", line 61, in render_to_string
    template = get_template(template_name, using=using)
  File "/mnt/aaa22500-1d14-4161-b361-89d4e7d74008/Apps/advisor-crm/venv/lib/python3.13/site-packages/django/template/loader.py", line 19, in get_template
    raise TemplateDoesNotExist(template_name, chain=chain)
django.template.exceptions.TemplateDoesNotExist: crm/dashboard.html
Watching for file changes with StatReloader
Internal Server Error: /
Traceback (most recent call last):
  File "/mnt/aaa22500-1d14-4161-b361-89d4e7d74008/Apps/advisor-crm/venv/lib/python3.13/site-packages/django/core/handlers/exception.py", line 55, in inner
    response = get_response(request)
  File "/mnt/aaa22500-1d14-4161-b361-89d4e7d74008/Apps/advisor-crm/venv/lib/python3.13/site-packages/django/core/handlers/base.py", line 197, in _get_response
    response = wrapped_callback(request, *callback_args, **callback_kwargs)
  File "/mnt/aaa22500-1d14-4161-b361-89d4e7d74008/Apps/advisor-crm/venv/lib/python3.13/site-packages/django/contrib/auth/decorators.py", line 59, in _view_wrapper
    return view_func(request, *args, **kwargs)
  File "/mnt/aaa22500-1d14-4161-b361-89d4e7d74008/Apps/advisor-crm/advisor_crm/crm/views.py", line 80, in dashboard
    return render(request, 'crm/dashboard.html', context)
  File "/mnt/aaa22500-1d14-4161-b361-89d4e7d74008/Apps/advisor-crm/venv/lib/python3.13/site-packages/django/shortcuts.py", line 25, in render
    content = loader.render_to_string(template_name, context, request, using=using)
  File "/mnt/aaa22500-1d14-4161-b361-89d4e7d74008/Apps/advisor-crm/venv/lib/python3.13/site-packages/django/template/loader.py", line 62, in render_to_string
    return template.render(context, request)
           ~~~~~~~~~~~~~~~^^^^^^^^^^^^^^^^^^
  File "/mnt/aaa22500-1d14-4161-b361-89d4e7d74008/Apps/advisor-crm/venv/lib/python3.13/site-packages/django/template/backends/django.py", line 107, in render
    return self.template.render(context)
           ~~~~~~~~~~~~~~~~~~~~^^^^^^^^^
  File "/mnt/aaa22500-1d14-4161-b361-89d4e7d74008/Apps/advisor-crm/venv/lib/python3.13/site-packages/django/template/base.py", line 171, in render
    return self._render(context)
           ~~~~~~~~~~~~^^^^^^^^^
  File "/mnt/aaa22500-1d14-4161-b361-89d4e7d74008/Apps/advisor-crm/venv/lib/python3.13/site-packages/django/template/base.py", line 163, in _render
    return self.nodelist.render(context)
           ~~~~~~~~~~~~~~~~~~~~^^^^^^^^^
  File "/mnt/aaa22500-1d14-4161-b361-89d4e7d74008/Apps/advisor-crm/venv/lib/python3.13/site-packages/django/template/base.py", line 1016, in render
    return SafeString("".join([node.render_annotated(context) for node in self]))
                               ~~~~~~~~~~~~~~~~~~~~~^^^^^^^^^
  File "/mnt/aaa22500-1d14-4161-b361-89d4e7d74008/Apps/advisor-crm/venv/lib/python3.13/site-packages/django/template/base.py", line 977, in render_annotated
    return self.render(context)
           ~~~~~~~~~~~^^^^^^^^^
  File "/mnt/aaa22500-1d14-4161-b361-89d4e7d74008/Apps/advisor-crm/venv/lib/python3.13/site-packages/django/template/loader_tags.py", line 159, in render
    return compiled_parent._render(context)
           ~~~~~~~~~~~~~~~~~~~~~~~^^^^^^^^^
  File "/mnt/aaa22500-1d14-4161-b361-89d4e7d74008/Apps/advisor-crm/venv/lib/python3.13/site-packages/django/template/base.py", line 163, in _render
    return self.nodelist.render(context)
           ~~~~~~~~~~~~~~~~~~~~^^^^^^^^^
  File "/mnt/aaa22500-1d14-4161-b361-89d4e7d74008/Apps/advisor-crm/venv/lib/python3.13/site-packages/django/template/base.py", line 1016, in render
    return SafeString("".join([node.render_annotated(context) for node in self]))
                               ~~~~~~~~~~~~~~~~~~~~~^^^^^^^^^
  File "/mnt/aaa22500-1d14-4161-b361-89d4e7d74008/Apps/advisor-crm/venv/lib/python3.13/site-packages/django/template/base.py", line 977, in render_annotated
    return self.render(context)
           ~~~~~~~~~~~^^^^^^^^^
  File "/mnt/aaa22500-1d14-4161-b361-89d4e7d74008/Apps/advisor-crm/venv/lib/python3.13/site-packages/django/template/defaulttags.py", line 480, in render
    url = reverse(view_name, args=args, kwargs=kwargs, current_app=current_app)
  File "/mnt/aaa22500-1d14-4161-b361-89d4e7d74008/Apps/advisor-crm/venv/lib/python3.13/site-packages/django/urls/base.py", line 98, in reverse
    resolved_url = resolver._reverse_with_prefix(view, prefix, *args, **kwargs)
  File "/mnt/aaa22500-1d14-4161-b361-89d4e7d74008/Apps/advisor-crm/venv/lib/python3.13/site-packages/django/urls/resolvers.py", line 831, in _reverse_with_prefix
    raise NoReverseMatch(msg)
django.urls.exceptions.NoReverseMatch: Reverse for 'communication_list' not found. 'communication_list' is not a valid view function or pattern name.
Internal Server Error: /
Traceback (most recent call last):
  File "/mnt/aaa22500-1d14-4161-b361-89d4e7d74008/Apps/advisor-crm/venv/lib/python3.13/site-packages/django/core/handlers/exception.py", line 55, in inner
    response = get_response(request)
  File "/mnt/aaa22500-1d14-4161-b361-89d4e7d74008/Apps/advisor-crm/venv/lib/python3.13/site-packages/django/core/handlers/base.py", line 197, in _get_response
    response = wrapped_callback(request, *callback_args, **callback_kwargs)
  File "/mnt/aaa22500-1d14-4161-b361-89d4e7d74008/Apps/advisor-crm/venv/lib/python3.13/site-packages/django/contrib/auth/decorators.py", line 59, in _view_wrapper
    return view_func(request, *args, **kwargs)
  File "/mnt/aaa22500-1d14-4161-b361-89d4e7d74008/Apps/advisor-crm/advisor_crm/crm/views.py", line 80, in dashboard
    return render(request, 'crm/dashboard.html', context)
  File "/mnt/aaa22500-1d14-4161-b361-89d4e7d74008/Apps/advisor-crm/venv/lib/python3.13/site-packages/django/shortcuts.py", line 25, in render
    content = loader.render_to_string(template_name, context, request, using=using)
  File "/mnt/aaa22500-1d14-4161-b361-89d4e7d74008/Apps/advisor-crm/venv/lib/python3.13/site-packages/django/template/loader.py", line 62, in render_to_string
    return template.render(context, request)
           ~~~~~~~~~~~~~~~^^^^^^^^^^^^^^^^^^
  File "/mnt/aaa22500-1d14-4161-b361-89d4e7d74008/Apps/advisor-crm/venv/lib/python3.13/site-packages/django/template/backends/django.py", line 107, in render
    return self.template.render(context)
           ~~~~~~~~~~~~~~~~~~~~^^^^^^^^^
  File "/mnt/aaa22500-1d14-4161-b361-89d4e7d74008/Apps/advisor-crm/venv/lib/python3.13/site-packages/django/template/base.py", line 171, in render
    return self._render(context)
           ~~~~~~~~~~~~^^^^^^^^^
  File "/mnt/aaa22500-1d14-4161-b361-89d4e7d74008/Apps/advisor-crm/venv/lib/python3.13/site-packages/django/template/base.py", line 163, in _render
    return self.nodelist.render(context)
           ~~~~~~~~~~~~~~~~~~~~^^^^^^^^^
  File "/mnt/aaa22500-1d14-4161-b361-89d4e7d74008/Apps/advisor-crm/venv/lib/python3.13/site-packages/django/template/base.py", line 1016, in render
    return SafeString("".join([node.render_annotated(context) for node in self]))
                               ~~~~~~~~~~~~~~~~~~~~~^^^^^^^^^
  File "/mnt/aaa22500-1d14-4161-b361-89d4e7d74008/Apps/advisor-crm/venv/lib/python3.13/site-packages/django/template/base.py", line 977, in render_annotated
    return self.render(context)
           ~~~~~~~~~~~^^^^^^^^^
  File "/mnt/aaa22500-1d14-4161-b361-89d4e7d74008/Apps/advisor-crm/venv/lib/python3.13/site-packages/django/template/loader_tags.py", line 159, in render
    return compiled_parent._render(context)
           ~~~~~~~~~~~~~~~~~~~~~~~^^^^^^^^^
  File "/mnt/aaa22500-1d14-4161-b361-89d4e7d74008/Apps/advisor-crm/venv/lib/python3.13/site-packages/django/template/base.py", line 163, in _render
    return self.nodelist.render(context)
           ~~~~~~~~~~~~~~~~~~~~^^^^^^^^^
  File "/mnt/aaa22500-1d14-4161-b361-89d4e7d74008/Apps/advisor-crm/venv/lib/python3.13/site-packages/django/template/base.py", line 1016, in render
    return SafeString("".join([node.render_annotated(context) for node in self]))
                               ~~~~~~~~~~~~~~~~~~~~~^^^^^^^^^
  File "/mnt/aaa22500-1d14-4161-b361-89d4e7d74008/Apps/advisor-crm/venv/lib/python3.13/site-packages/django/template/base.py", line 977, in render_annotated
    return self.render(context)
           ~~~~~~~~~~~^^^^^^^^^
  File "/mnt/aaa22500-1d14-4161-b361-89d4e7d74008/Apps/advisor-crm/venv/lib/python3.13/site-packages/django/template/defaulttags.py", line 480, in render
    url = reverse(view_name, args=args, kwargs=kwargs, current_app=current_app)
  File "/mnt/aaa22500-1d14-4161-b361-89d4e7d74008/Apps/advisor-crm/venv/lib/python3.13/site-packages/django/urls/base.py", line 98, in reverse
    resolved_url = resolver._reverse_with_prefix(view, prefix, *args, **kwargs)
  File "/mnt/aaa22500-1d14-4161-b361-89d4e7d74008/Apps/advisor-crm/venv/lib/python3.13/site-packages/django/urls/resolvers.py", line 831, in _reverse_with_prefix
    raise NoReverseMatch(msg)
django.urls.exceptions.NoReverseMatch: Reverse for 'communication_list' not found. 'communication_list' is not a valid view function or pattern name.
Internal Server Error: /dashboard/
Traceback (most recent call last):
  File "/mnt/aaa22500-1d14-4161-b361-89d4e7d74008/Apps/advisor-crm/venv/lib/python3.13/site-packages/django/core/handlers/exception.py", line 55, in inner
    response = get_response(request)
  File "/mnt/aaa22500-1d14-4161-b361-89d4e7d74008/Apps/advisor-crm/venv/lib/python3.13/site-packages/django/core/handlers/base.py", line 197, in _get_response
    response = wrapped_callback(request, *callback_args, **callback_kwargs)
  File "/mnt/aaa22500-1d14-4161-b361-89d4e7d74008/Apps/advisor-crm/venv/lib/python3.13/site-packages/django/contrib/auth/decorators.py", line 59, in _view_wrapper
    return view_func(request, *args, **kwargs)
  File "/mnt/aaa22500-1d14-4161-b361-89d4e7d74008/Apps/advisor-crm/advisor_crm/crm/views.py", line 80, in dashboard
    return render(request, 'crm/dashboard.html', context)
  File "/mnt/aaa22500-1d14-4161-b361-89d4e7d74008/Apps/advisor-crm/venv/lib/python3.13/site-packages/django/shortcuts.py", line 25, in render
    content = loader.render_to_string(template_name, context, request, using=using)
  File "/mnt/aaa22500-1d14-4161-b361-89d4e7d74008/Apps/advisor-crm/venv/lib/python3.13/site-packages/django/template/loader.py", line 62, in render_to_string
    return template.render(context, request)
           ~~~~~~~~~~~~~~~^^^^^^^^^^^^^^^^^^
  File "/mnt/aaa22500-1d14-4161-b361-89d4e7d74008/Apps/advisor-crm/venv/lib/python3.13/site-packages/django/template/backends/django.py", line 107, in render
    return self.template.render(context)
           ~~~~~~~~~~~~~~~~~~~~^^^^^^^^^
  File "/mnt/aaa22500-1d14-4161-b361-89d4e7d74008/Apps/advisor-crm/venv/lib/python3.13/site-packages/django/template/base.py", line 171, in render
    return self._render(context)
           ~~~~~~~~~~~~^^^^^^^^^
  File "/mnt/aaa22500-1d14-4161-b361-89d4e7d74008/Apps/advisor-crm/venv/lib/python3.13/site-packages/django/template/base.py", line 163, in _render
    return self.nodelist.render(context)
           ~~~~~~~~~~~~~~~~~~~~^^^^^^^^^
  File "/mnt/aaa22500-1d14-4161-b361-89d4e7d74008/Apps/advisor-crm/venv/lib/python3.13/site-packages/django/template/base.py", line 1016, in render
    return SafeString("".join([node.render_annotated(context) for node in self]))
                               ~~~~~~~~~~~~~~~~~~~~~^^^^^^^^^
  File "/mnt/aaa22500-1d14-4161-b361-89d4e7d74008/Apps/advisor-crm/venv/lib/python3.13/site-packages/django/template/base.py", line 977, in render_annotated
    return self.render(context)
           ~~~~~~~~~~~^^^^^^^^^
  File "/mnt/aaa22500-1d14-4161-b361-89d4e7d74008/Apps/advisor-crm/venv/lib/python3.13/site-packages/django/template/loader_tags.py", line 159, in render
    return compiled_parent._render(context)
           ~~~~~~~~~~~~~~~~~~~~~~~^^^^^^^^^
  File "/mnt/aaa22500-1d14-4161-b361-89d4e7d74008/Apps/advisor-crm/venv/lib/python3.13/site-packages/django/template/base.py", line 163, in _render
    return self.nodelist.render(context)
           ~~~~~~~~~~~~~~~~~~~~^^^^^^^^^
  File "/mnt/aaa22500-1d14-4161-b361-89d4e7d74008/Apps/advisor-crm/venv/lib/python3.13/site-packages/django/template/base.py", line 1016, in render
    return SafeString("".join([node.render_annotated(context) for node in self]))
                               ~~~~~~~~~~~~~~~~~~~~~^^^^^^^^^
  File "/mnt/aaa22500-1d14-4161-b361-89d4e7d74008/Apps/advisor-crm/venv/lib/python3.13/site-packages/django/template/base.py", line 977, in render_annotated
    return self.render(context)
           ~~~~~~~~~~~^^^^^^^^^
  File "/mnt/aaa22500-1d14-4161-b361-89d4e7d74008/Apps/advisor-crm/venv/lib/python3.13/site-packages/django/template/defaulttags.py", line 480, in render
    url = reverse(view_name, args=args, kwargs=kwargs, current_app=current_app)
  File "/mnt/aaa22500-1d14-4161-b361-89d4e7d74008/Apps/advisor-crm/venv/lib/python3.13/site-packages/django/urls/base.py", line 98, in reverse
    resolved_url = resolver._reverse_with_prefix(view, prefix, *args, **kwargs)
  File "/mnt/aaa22500-1d14-4161-b361-89d4e7d74008/Apps/advisor-crm/venv/lib/python3.13/site-packages/django/urls/resolvers.py", line 831, in _reverse_with_prefix
    raise NoReverseMatch(msg)
django.urls.exceptions.NoReverseMatch: Reverse for 'communication_list' not found. 'communication_list' is not a valid view function or pattern name.
Internal Server Error: /dashboard/
Traceback (most recent call last):
  File "/mnt/aaa22500-1d14-4161-b361-89d4e7d74008/Apps/advisor-crm/venv/lib/python3.13/site-packages/django/core/handlers/exception.py", line 55, in inner
    response = get_response(request)
  File "/mnt/aaa22500-1d14-4161-b361-89d4e7d74008/Apps/advisor-crm/venv/lib/python3.13/site-packages/django/core/handlers/base.py", line 197, in _get_response
    response = wrapped_callback(request, *callback_args, **callback_kwargs)
  File "/mnt/aaa22500-1d14-4161-b361-89d4e7d74008/Apps/advisor-crm/venv/lib/python3.13/site-packages/django/contrib/auth/decorators.py", line 59, in _view_wrapper
    return view_func(request, *args, **kwargs)
  File "/mnt/aaa22500-1d14-4161-b361-89d4e7d74008/Apps/advisor-crm/advisor_crm/crm/views.py", line 80, in dashboard
    return render(request, 'crm/dashboard.html', context)
  File "/mnt/aaa22500-1d14-4161-b361-89d4e7d74008/Apps/advisor-crm/venv/lib/python3.13/site-packages/django/shortcuts.py", line 25, in render
    content = loader.render_to_string(template_name, context, request, using=using)
  File "/mnt/aaa22500-1d14-4161-b361-89d4e7d74008/Apps/advisor-crm/venv/lib/python3.13/site-packages/django/template/loader.py", line 62, in render_to_string
    return template.render(context, request)
           ~~~~~~~~~~~~~~~^^^^^^^^^^^^^^^^^^
  File "/mnt/aaa22500-1d14-4161-b361-89d4e7d74008/Apps/advisor-crm/venv/lib/python3.13/site-packages/django/template/backends/django.py", line 107, in render
    return self.template.render(context)
           ~~~~~~~~~~~~~~~~~~~~^^^^^^^^^
  File "/mnt/aaa22500-1d14-4161-b361-89d4e7d74008/Apps/advisor-crm/venv/lib/python3.13/site-packages/django/template/base.py", line 171, in render
    return self._render(context)
           ~~~~~~~~~~~~^^^^^^^^^
  File "/mnt/aaa22500-1d14-4161-b361-89d4e7d74008/Apps/advisor-crm/venv/lib/python3.13/site-packages/django/template/base.py", line 163, in _render
    return self.nodelist.render(context)
           ~~~~~~~~~~~~~~~~~~~~^^^^^^^^^
  File "/mnt/aaa22500-1d14-4161-b361-89d4e7d74008/Apps/advisor-crm/venv/lib/python3.13/site-packages/django/template/base.py", line 1016, in render
    return SafeString("".join([node.render_annotated(context) for node in self]))
                               ~~~~~~~~~~~~~~~~~~~~~^^^^^^^^^
  File "/mnt/aaa22500-1d14-4161-b361-89d4e7d74008/Apps/advisor-crm/venv/lib/python3.13/site-packages/django/template/base.py", line 977, in render_annotated
    return self.render(context)
           ~~~~~~~~~~~^^^^^^^^^
  File "/mnt/aaa22500-1d14-4161-b361-89d4e7d74008/Apps/advisor-crm/venv/lib/python3.13/site-packages/django/template/loader_tags.py", line 159, in render
    return compiled_parent._render(context)
           ~~~~~~~~~~~~~~~~~~~~~~~^^^^^^^^^
  File "/mnt/aaa22500-1d14-4161-b361-89d4e7d74008/Apps/advisor-crm/venv/lib/python3.13/site-packages/django/template/base.py", line 163, in _render
    return self.nodelist.render(context)
           ~~~~~~~~~~~~~~~~~~~~^^^^^^^^^
  File "/mnt/aaa22500-1d14-4161-b361-89d4e7d74008/Apps/advisor-crm/venv/lib/python3.13/site-packages/django/template/base.py", line 1016, in render
    return SafeString("".join([node.render_annotated(context) for node in self]))
                               ~~~~~~~~~~~~~~~~~~~~~^^^^^^^^^
  File "/mnt/aaa22500-1d14-4161-b361-89d4e7d74008/Apps/advisor-crm/venv/lib/python3.13/site-packages/django/template/base.py", line 977, in render_annotated
    return self.render(context)
           ~~~~~~~~~~~^^^^^^^^^
  File "/mnt/aaa22500-1d14-4161-b361-89d4e7d74008/Apps/advisor-crm/venv/lib/python3.13/site-packages/django/template/defaulttags.py", line 480, in render
    url = reverse(view_name, args=args, kwargs=kwargs, current_app=current_app)
  File "/mnt/aaa22500-1d14-4161-b361-89d4e7d74008/Apps/advisor-crm/venv/lib/python3.13/site-packages/django/urls/base.py", line 98, in reverse
    resolved_url = resolver._reverse_with_prefix(view, prefix, *args, **kwargs)
  File "/mnt/aaa22500-1d14-4161-b361-89d4e7d74008/Apps/advisor-crm/venv/lib/python3.13/site-packages/django/urls/resolvers.py", line 831, in _reverse_with_prefix
    raise NoReverseMatch(msg)
django.urls.exceptions.NoReverseMatch: Reverse for 'communication_list' not found. 'communication_list' is not a valid view function or pattern name.
Watching for file changes with StatReloader
Internal Server Error: /
Traceback (most recent call last):
  File "/mnt/aaa22500-1d14-4161-b361-89d4e7d74008/Apps/advisor-crm/venv/lib/python3.13/site-packages/django/core/handlers/exception.py", line 55, in inner
    response = get_response(request)
  File "/mnt/aaa22500-1d14-4161-b361-89d4e7d74008/Apps/advisor-crm/venv/lib/python3.13/site-packages/django/core/handlers/base.py", line 197, in _get_response
    response = wrapped_callback(request, *callback_args, **callback_kwargs)
  File "/mnt/aaa22500-1d14-4161-b361-89d4e7d74008/Apps/advisor-crm/venv/lib/python3.13/site-packages/django/contrib/auth/decorators.py", line 59, in _view_wrapper
    return view_func(request, *args, **kwargs)
  File "/mnt/aaa22500-1d14-4161-b361-89d4e7d74008/Apps/advisor-crm/advisor_crm/crm/views.py", line 80, in dashboard
    return render(request, 'crm/dashboard.html', context)
  File "/mnt/aaa22500-1d14-4161-b361-89d4e7d74008/Apps/advisor-crm/venv/lib/python3.13/site-packages/django/shortcuts.py", line 25, in render
    content = loader.render_to_string(template_name, context, request, using=using)
  File "/mnt/aaa22500-1d14-4161-b361-89d4e7d74008/Apps/advisor-crm/venv/lib/python3.13/site-packages/django/template/loader.py", line 62, in render_to_string
    return template.render(context, request)
           ~~~~~~~~~~~~~~~^^^^^^^^^^^^^^^^^^
  File "/mnt/aaa22500-1d14-4161-b361-89d4e7d74008/Apps/advisor-crm/venv/lib/python3.13/site-packages/django/template/backends/django.py", line 107, in render
    return self.template.render(context)
           ~~~~~~~~~~~~~~~~~~~~^^^^^^^^^
  File "/mnt/aaa22500-1d14-4161-b361-89d4e7d74008/Apps/advisor-crm/venv/lib/python3.13/site-packages/django/template/base.py", line 171, in render
    return self._render(context)
           ~~~~~~~~~~~~^^^^^^^^^
  File "/mnt/aaa22500-1d14-4161-b361-89d4e7d74008/Apps/advisor-crm/venv/lib/python3.13/site-packages/django/template/base.py", line 163, in _render
    return self.nodelist.render(context)
           ~~~~~~~~~~~~~~~~~~~~^^^^^^^^^
  File "/mnt/aaa22500-1d14-4161-b361-89d4e7d74008/Apps/advisor-crm/venv/lib/python3.13/site-packages/django/template/base.py", line 1016, in render
    return SafeString("".join([node.render_annotated(context) for node in self]))
                               ~~~~~~~~~~~~~~~~~~~~~^^^^^^^^^
  File "/mnt/aaa22500-1d14-4161-b361-89d4e7d74008/Apps/advisor-crm/venv/lib/python3.13/site-packages/django/template/base.py", line 977, in render_annotated
    return self.render(context)
           ~~~~~~~~~~~^^^^^^^^^
  File "/mnt/aaa22500-1d14-4161-b361-89d4e7d74008/Apps/advisor-crm/venv/lib/python3.13/site-packages/django/template/loader_tags.py", line 159, in render
    return compiled_parent._render(context)
           ~~~~~~~~~~~~~~~~~~~~~~~^^^^^^^^^
  File "/mnt/aaa22500-1d14-4161-b361-89d4e7d74008/Apps/advisor-crm/venv/lib/python3.13/site-packages/django/template/base.py", line 163, in _render
    return self.nodelist.render(context)
           ~~~~~~~~~~~~~~~~~~~~^^^^^^^^^
  File "/mnt/aaa22500-1d14-4161-b361-89d4e7d74008/Apps/advisor-crm/venv/lib/python3.13/site-packages/django/template/base.py", line 1016, in render
    return SafeString("".join([node.render_annotated(context) for node in self]))
                               ~~~~~~~~~~~~~~~~~~~~~^^^^^^^^^
  File "/mnt/aaa22500-1d14-4161-b361-89d4e7d74008/Apps/advisor-crm/venv/lib/python3.13/site-packages/django/template/base.py", line 977, in render_annotated
    return self.render(context)
           ~~~~~~~~~~~^^^^^^^^^
  File "/mnt/aaa22500-1d14-4161-b361-89d4e7d74008/Apps/advisor-crm/venv/lib/python3.13/site-packages/django/template/defaulttags.py", line 480, in render
    url = reverse(view_name, args=args, kwargs=kwargs, current_app=current_app)
  File "/mnt/aaa22500-1d14-4161-b361-89d4e7d74008/Apps/advisor-crm/venv/lib/python3.13/site-packages/django/urls/base.py", line 98, in reverse
    resolved_url = resolver._reverse_with_prefix(view, prefix, *args, **kwargs)
  File "/mnt/aaa22500-1d14-4161-b361-89d4e7d74008/Apps/advisor-crm/venv/lib/python3.13/site-packages/django/urls/resolvers.py", line 831, in _reverse_with_prefix
    raise NoReverseMatch(msg)
django.urls.exceptions.NoReverseMatch: Reverse for 'communication_list' not found. 'communication_list' is not a valid view function or pattern name.
Watching for file changes with StatReloader
Internal Server Error: /customers/add/
Traceback (most recent call last):
  File "/mnt/aaa22500-1d14-4161-b361-89d4e7d74008/Apps/advisor-crm/venv/lib/python3.13/site-packages/django/core/handlers/exception.py", line 55, in inner
    response = get_response(request)
  File "/mnt/aaa22500-1d14-4161-b361-89d4e7d74008/Apps/advisor-crm/venv/lib/python3.13/site-packages/django/core/handlers/base.py", line 220, in _get_response
    response = response.render()
  File "/mnt/aaa22500-1d14-4161-b361-89d4e7d74008/Apps/advisor-crm/venv/lib/python3.13/site-packages/django/template/response.py", line 114, in render
    self.content = self.rendered_content
                   ^^^^^^^^^^^^^^^^^^^^^
  File "/mnt/aaa22500-1d14-4161-b361-89d4e7d74008/Apps/advisor-crm/venv/lib/python3.13/site-packages/django/template/response.py", line 90, in rendered_content
    template = self.resolve_template(self.template_name)
  File "/mnt/aaa22500-1d14-4161-b361-89d4e7d74008/Apps/advisor-crm/venv/lib/python3.13/site-packages/django/template/response.py", line 72, in resolve_template
    return select_template(template, using=self.using)
  File "/mnt/aaa22500-1d14-4161-b361-89d4e7d74008/Apps/advisor-crm/venv/lib/python3.13/site-packages/django/template/loader.py", line 47, in select_template
    raise TemplateDoesNotExist(", ".join(template_name_list), chain=chain)
django.template.exceptions.TemplateDoesNotExist: crm/customer_form.html
Watching for file changes with StatReloader
Internal Server Error: /mortgages/add/
Traceback (most recent call last):
  File "/mnt/aaa22500-1d14-4161-b361-89d4e7d74008/Apps/advisor-crm/venv/lib/python3.13/site-packages/django/core/handlers/exception.py", line 55, in inner
    response = get_response(request)
  File "/mnt/aaa22500-1d14-4161-b361-89d4e7d74008/Apps/advisor-crm/venv/lib/python3.13/site-packages/django/core/handlers/base.py", line 220, in _get_response
    response = response.render()
  File "/mnt/aaa22500-1d14-4161-b361-89d4e7d74008/Apps/advisor-crm/venv/lib/python3.13/site-packages/django/template/response.py", line 114, in render
    self.content = self.rendered_content
                   ^^^^^^^^^^^^^^^^^^^^^
  File "/mnt/aaa22500-1d14-4161-b361-89d4e7d74008/Apps/advisor-crm/venv/lib/python3.13/site-packages/django/template/response.py", line 90, in rendered_content
    template = self.resolve_template(self.template_name)
  File "/mnt/aaa22500-1d14-4161-b361-89d4e7d74008/Apps/advisor-crm/venv/lib/python3.13/site-packages/django/template/response.py", line 72, in resolve_template
    return select_template(template, using=self.using)
  File "/mnt/aaa22500-1d14-4161-b361-89d4e7d74008/Apps/advisor-crm/venv/lib/python3.13/site-packages/django/template/loader.py", line 47, in select_template
    raise TemplateDoesNotExist(", ".join(template_name_list), chain=chain)
django.template.exceptions.TemplateDoesNotExist: crm/mortgage_form.html
Internal Server Error: /mortgages/add/
Traceback (most recent call last):
  File "/mnt/aaa22500-1d14-4161-b361-89d4e7d74008/Apps/advisor-crm/venv/lib/python3.13/site-packages/django/core/handlers/exception.py", line 55, in inner
    response = get_response(request)
  File "/mnt/aaa22500-1d14-4161-b361-89d4e7d74008/Apps/advisor-crm/venv/lib/python3.13/site-packages/django/core/handlers/base.py", line 220, in _get_response
    response = response.render()
  File "/mnt/aaa22500-1d14-4161-b361-89d4e7d74008/Apps/advisor-crm/venv/lib/python3.13/site-packages/django/template/response.py", line 114, in render
    self.content = self.rendered_content
                   ^^^^^^^^^^^^^^^^^^^^^
  File "/mnt/aaa22500-1d14-4161-b361-89d4e7d74008/Apps/advisor-crm/venv/lib/python3.13/site-packages/django/template/response.py", line 90, in rendered_content
    template = self.resolve_template(self.template_name)
  File "/mnt/aaa22500-1d14-4161-b361-89d4e7d74008/Apps/advisor-crm/venv/lib/python3.13/site-packages/django/template/response.py", line 72, in resolve_template
    return select_template(template, using=self.using)
  File "/mnt/aaa22500-1d14-4161-b361-89d4e7d74008/Apps/advisor-crm/venv/lib/python3.13/site-packages/django/template/loader.py", line 47, in select_template
    raise TemplateDoesNotExist(", ".join(template_name_list), chain=chain)
django.template.exceptions.TemplateDoesNotExist: crm/mortgage_form.html
Internal Server Error: /renewals/
Traceback (most recent call last):
  File "/mnt/aaa22500-1d14-4161-b361-89d4e7d74008/Apps/advisor-crm/venv/lib/python3.13/site-packages/django/template/base.py", line 510, in parse
    compile_func = self.tags[command]
                   ~~~~~~~~~^^^^^^^^^
KeyError: 'endblock'

During handling of the above exception, another exception occurred:

Traceback (most recent call last):
  File "/mnt/aaa22500-1d14-4161-b361-89d4e7d74008/Apps/advisor-crm/venv/lib/python3.13/site-packages/django/core/handlers/exception.py", line 55, in inner
    response = get_response(request)
  File "/mnt/aaa22500-1d14-4161-b361-89d4e7d74008/Apps/advisor-crm/venv/lib/python3.13/site-packages/django/core/handlers/base.py", line 197, in _get_response
    response = wrapped_callback(request, *callback_args, **callback_kwargs)
  File "/mnt/aaa22500-1d14-4161-b361-89d4e7d74008/Apps/advisor-crm/venv/lib/python3.13/site-packages/django/contrib/auth/decorators.py", line 59, in _view_wrapper
    return view_func(request, *args, **kwargs)
  File "/mnt/aaa22500-1d14-4161-b361-89d4e7d74008/Apps/advisor-crm/advisor_crm/crm/views.py", line 283, in renewal_alerts
    return render(request, 'crm/renewal_alerts.html', context)
  File "/mnt/aaa22500-1d14-4161-b361-89d4e7d74008/Apps/advisor-crm/venv/lib/python3.13/site-packages/django/shortcuts.py", line 25, in render
    content = loader.render_to_string(template_name, context, request, using=using)
  File "/mnt/aaa22500-1d14-4161-b361-89d4e7d74008/Apps/advisor-crm/venv/lib/python3.13/site-packages/django/template/loader.py", line 61, in render_to_string
    template = get_template(template_name, using=using)
  File "/mnt/aaa22500-1d14-4161-b361-89d4e7d74008/Apps/advisor-crm/venv/lib/python3.13/site-packages/django/template/loader.py", line 15, in get_template
    return engine.get_template(template_name)
           ~~~~~~~~~~~~~~~~~~~^^^^^^^^^^^^^^^
  File "/mnt/aaa22500-1d14-4161-b361-89d4e7d74008/Apps/advisor-crm/venv/lib/python3.13/site-packages/django/template/backends/django.py", line 79, in get_template
    return Template(self.engine.get_template(template_name), self)
                    ~~~~~~~~~~~~~~~~~~~~~~~~^^^^^^^^^^^^^^^
  File "/mnt/aaa22500-1d14-4161-b361-89d4e7d74008/Apps/advisor-crm/venv/lib/python3.13/site-packages/django/template/engine.py", line 177, in get_template
    template, origin = self.find_template(template_name)
                       ~~~~~~~~~~~~~~~~~~^^^^^^^^^^^^^^^
  File "/mnt/aaa22500-1d14-4161-b361-89d4e7d74008/Apps/advisor-crm/venv/lib/python3.13/site-packages/django/template/engine.py", line 159, in find_template
    template = loader.get_template(name, skip=skip)
  File "/mnt/aaa22500-1d14-4161-b361-89d4e7d74008/Apps/advisor-crm/venv/lib/python3.13/site-packages/django/template/loaders/cached.py", line 57, in get_template
    template = super().get_template(template_name, skip)
  File "/mnt/aaa22500-1d14-4161-b361-89d4e7d74008/Apps/advisor-crm/venv/lib/python3.13/site-packages/django/template/loaders/base.py", line 28, in get_template
    return Template(
        contents,
    ...<2 lines>...
        self.engine,
    )
  File "/mnt/aaa22500-1d14-4161-b361-89d4e7d74008/Apps/advisor-crm/venv/lib/python3.13/site-packages/django/template/base.py", line 154, in __init__
    self.nodelist = self.compile_nodelist()
                    ~~~~~~~~~~~~~~~~~~~~~^^
  File "/mnt/aaa22500-1d14-4161-b361-89d4e7d74008/Apps/advisor-crm/venv/lib/python3.13/site-packages/django/template/base.py", line 196, in compile_nodelist
    nodelist = parser.parse()
  File "/mnt/aaa22500-1d14-4161-b361-89d4e7d74008/Apps/advisor-crm/venv/lib/python3.13/site-packages/django/template/base.py", line 518, in parse
    raise self.error(token, e)
  File "/mnt/aaa22500-1d14-4161-b361-89d4e7d74008/Apps/advisor-crm/venv/lib/python3.13/site-packages/django/template/base.py", line 516, in parse
    compiled_result = compile_func(self, token)
  File "/mnt/aaa22500-1d14-4161-b361-89d4e7d74008/Apps/advisor-crm/venv/lib/python3.13/site-packages/django/template/loader_tags.py", line 299, in do_extends
    nodelist = parser.parse()
  File "/mnt/aaa22500-1d14-4161-b361-89d4e7d74008/Apps/advisor-crm/venv/lib/python3.13/site-packages/django/template/base.py", line 512, in parse
    self.invalid_block_tag(token, command, parse_until)
    ~~~~~~~~~~~~~~~~~~~~~~^^^^^^^^^^^^^^^^^^^^^^^^^^^^^
  File "/mnt/aaa22500-1d14-4161-b361-89d4e7d74008/Apps/advisor-crm/venv/lib/python3.13/site-packages/django/template/base.py", line 577, in invalid_block_tag
    raise self.error(
    ...<3 lines>...
    )
django.template.exceptions.TemplateSyntaxError: Invalid block tag on line 524: 'endblock'. Did you forget to register or load this tag?
Internal Server Error: /renewals/
Traceback (most recent call last):
  File "/mnt/aaa22500-1d14-4161-b361-89d4e7d74008/Apps/advisor-crm/venv/lib/python3.13/site-packages/django/template/base.py", line 510, in parse
    compile_func = self.tags[command]
                   ~~~~~~~~~^^^^^^^^^
KeyError: 'endblock'

During handling of the above exception, another exception occurred:

Traceback (most recent call last):
  File "/mnt/aaa22500-1d14-4161-b361-89d4e7d74008/Apps/advisor-crm/venv/lib/python3.13/site-packages/django/core/handlers/exception.py", line 55, in inner
    response = get_response(request)
  File "/mnt/aaa22500-1d14-4161-b361-89d4e7d74008/Apps/advisor-crm/venv/lib/python3.13/site-packages/django/core/handlers/base.py", line 197, in _get_response
    response = wrapped_callback(request, *callback_args, **callback_kwargs)
  File "/mnt/aaa22500-1d14-4161-b361-89d4e7d74008/Apps/advisor-crm/venv/lib/python3.13/site-packages/django/contrib/auth/decorators.py", line 59, in _view_wrapper
    return view_func(request, *args, **kwargs)
  File "/mnt/aaa22500-1d14-4161-b361-89d4e7d74008/Apps/advisor-crm/advisor_crm/crm/views.py", line 283, in renewal_alerts
    return render(request, 'crm/renewal_alerts.html', context)
  File "/mnt/aaa22500-1d14-4161-b361-89d4e7d74008/Apps/advisor-crm/venv/lib/python3.13/site-packages/django/shortcuts.py", line 25, in render
    content = loader.render_to_string(template_name, context, request, using=using)
  File "/mnt/aaa22500-1d14-4161-b361-89d4e7d74008/Apps/advisor-crm/venv/lib/python3.13/site-packages/django/template/loader.py", line 61, in render_to_string
    template = get_template(template_name, using=using)
  File "/mnt/aaa22500-1d14-4161-b361-89d4e7d74008/Apps/advisor-crm/venv/lib/python3.13/site-packages/django/template/loader.py", line 15, in get_template
    return engine.get_template(template_name)
           ~~~~~~~~~~~~~~~~~~~^^^^^^^^^^^^^^^
  File "/mnt/aaa22500-1d14-4161-b361-89d4e7d74008/Apps/advisor-crm/venv/lib/python3.13/site-packages/django/template/backends/django.py", line 79, in get_template
    return Template(self.engine.get_template(template_name), self)
                    ~~~~~~~~~~~~~~~~~~~~~~~~^^^^^^^^^^^^^^^
  File "/mnt/aaa22500-1d14-4161-b361-89d4e7d74008/Apps/advisor-crm/venv/lib/python3.13/site-packages/django/template/engine.py", line 177, in get_template
    template, origin = self.find_template(template_name)
                       ~~~~~~~~~~~~~~~~~~^^^^^^^^^^^^^^^
  File "/mnt/aaa22500-1d14-4161-b361-89d4e7d74008/Apps/advisor-crm/venv/lib/python3.13/site-packages/django/template/engine.py", line 159, in find_template
    template = loader.get_template(name, skip=skip)
  File "/mnt/aaa22500-1d14-4161-b361-89d4e7d74008/Apps/advisor-crm/venv/lib/python3.13/site-packages/django/template/loaders/cached.py", line 57, in get_template
    template = super().get_template(template_name, skip)
  File "/mnt/aaa22500-1d14-4161-b361-89d4e7d74008/Apps/advisor-crm/venv/lib/python3.13/site-packages/django/template/loaders/base.py", line 28, in get_template
    return Template(
        contents,
    ...<2 lines>...
        self.engine,
    )
  File "/mnt/aaa22500-1d14-4161-b361-89d4e7d74008/Apps/advisor-crm/venv/lib/python3.13/site-packages/django/template/base.py", line 154, in __init__
    self.nodelist = self.compile_nodelist()
                    ~~~~~~~~~~~~~~~~~~~~~^^
  File "/mnt/aaa22500-1d14-4161-b361-89d4e7d74008/Apps/advisor-crm/venv/lib/python3.13/site-packages/django/template/base.py", line 196, in compile_nodelist
    nodelist = parser.parse()
  File "/mnt/aaa22500-1d14-4161-b361-89d4e7d74008/Apps/advisor-crm/venv/lib/python3.13/site-packages/django/template/base.py", line 518, in parse
    raise self.error(token, e)
  File "/mnt/aaa22500-1d14-4161-b361-89d4e7d74008/Apps/advisor-crm/venv/lib/python3.13/site-packages/django/template/base.py", line 516, in parse
    compiled_result = compile_func(self, token)
  File "/mnt/aaa22500-1d14-4161-b361-89d4e7d74008/Apps/advisor-crm/venv/lib/python3.13/site-packages/django/template/loader_tags.py", line 299, in do_extends
    nodelist = parser.parse()
  File "/mnt/aaa22500-1d14-4161-b361-89d4e7d74008/Apps/advisor-crm/venv/lib/python3.13/site-packages/django/template/base.py", line 512, in parse
    self.invalid_block_tag(token, command, parse_until)
    ~~~~~~~~~~~~~~~~~~~~~~^^^^^^^^^^^^^^^^^^^^^^^^^^^^^
  File "/mnt/aaa22500-1d14-4161-b361-89d4e7d74008/Apps/advisor-crm/venv/lib/python3.13/site-packages/django/template/base.py", line 577, in invalid_block_tag
    raise self.error(
    ...<3 lines>...
    )
django.template.exceptions.TemplateSyntaxError: Invalid block tag on line 524: 'endblock'. Did you forget to register or load this tag?
Internal Server Error: /renewals/
Traceback (most recent call last):
  File "/mnt/aaa22500-1d14-4161-b361-89d4e7d74008/Apps/advisor-crm/venv/lib/python3.13/site-packages/django/template/base.py", line 510, in parse
    compile_func = self.tags[command]
                   ~~~~~~~~~^^^^^^^^^
KeyError: 'endblock'

During handling of the above exception, another exception occurred:

Traceback (most recent call last):
  File "/mnt/aaa22500-1d14-4161-b361-89d4e7d74008/Apps/advisor-crm/venv/lib/python3.13/site-packages/django/core/handlers/exception.py", line 55, in inner
    response = get_response(request)
  File "/mnt/aaa22500-1d14-4161-b361-89d4e7d74008/Apps/advisor-crm/venv/lib/python3.13/site-packages/django/core/handlers/base.py", line 197, in _get_response
    response = wrapped_callback(request, *callback_args, **callback_kwargs)
  File "/mnt/aaa22500-1d14-4161-b361-89d4e7d74008/Apps/advisor-crm/venv/lib/python3.13/site-packages/django/contrib/auth/decorators.py", line 59, in _view_wrapper
    return view_func(request, *args, **kwargs)
  File "/mnt/aaa22500-1d14-4161-b361-89d4e7d74008/Apps/advisor-crm/advisor_crm/crm/views.py", line 283, in renewal_alerts
    return render(request, 'crm/renewal_alerts.html', context)
  File "/mnt/aaa22500-1d14-4161-b361-89d4e7d74008/Apps/advisor-crm/venv/lib/python3.13/site-packages/django/shortcuts.py", line 25, in render
    content = loader.render_to_string(template_name, context, request, using=using)
  File "/mnt/aaa22500-1d14-4161-b361-89d4e7d74008/Apps/advisor-crm/venv/lib/python3.13/site-packages/django/template/loader.py", line 61, in render_to_string
    template = get_template(template_name, using=using)
  File "/mnt/aaa22500-1d14-4161-b361-89d4e7d74008/Apps/advisor-crm/venv/lib/python3.13/site-packages/django/template/loader.py", line 15, in get_template
    return engine.get_template(template_name)
           ~~~~~~~~~~~~~~~~~~~^^^^^^^^^^^^^^^
  File "/mnt/aaa22500-1d14-4161-b361-89d4e7d74008/Apps/advisor-crm/venv/lib/python3.13/site-packages/django/template/backends/django.py", line 79, in get_template
    return Template(self.engine.get_template(template_name), self)
                    ~~~~~~~~~~~~~~~~~~~~~~~~^^^^^^^^^^^^^^^
  File "/mnt/aaa22500-1d14-4161-b361-89d4e7d74008/Apps/advisor-crm/venv/lib/python3.13/site-packages/django/template/engine.py", line 177, in get_template
    template, origin = self.find_template(template_name)
                       ~~~~~~~~~~~~~~~~~~^^^^^^^^^^^^^^^
  File "/mnt/aaa22500-1d14-4161-b361-89d4e7d74008/Apps/advisor-crm/venv/lib/python3.13/site-packages/django/template/engine.py", line 159, in find_template
    template = loader.get_template(name, skip=skip)
  File "/mnt/aaa22500-1d14-4161-b361-89d4e7d74008/Apps/advisor-crm/venv/lib/python3.13/site-packages/django/template/loaders/cached.py", line 57, in get_template
    template = super().get_template(template_name, skip)
  File "/mnt/aaa22500-1d14-4161-b361-89d4e7d74008/Apps/advisor-crm/venv/lib/python3.13/site-packages/django/template/loaders/base.py", line 28, in get_template
    return Template(
        contents,
    ...<2 lines>...
        self.engine,
    )
  File "/mnt/aaa22500-1d14-4161-b361-89d4e7d74008/Apps/advisor-crm/venv/lib/python3.13/site-packages/django/template/base.py", line 154, in __init__
    self.nodelist = self.compile_nodelist()
                    ~~~~~~~~~~~~~~~~~~~~~^^
  File "/mnt/aaa22500-1d14-4161-b361-89d4e7d74008/Apps/advisor-crm/venv/lib/python3.13/site-packages/django/template/base.py", line 196, in compile_nodelist
    nodelist = parser.parse()
  File "/mnt/aaa22500-1d14-4161-b361-89d4e7d74008/Apps/advisor-crm/venv/lib/python3.13/site-packages/django/template/base.py", line 518, in parse
    raise self.error(token, e)
  File "/mnt/aaa22500-1d14-4161-b361-89d4e7d74008/Apps/advisor-crm/venv/lib/python3.13/site-packages/django/template/base.py", line 516, in parse
    compiled_result = compile_func(self, token)
  File "/mnt/aaa22500-1d14-4161-b361-89d4e7d74008/Apps/advisor-crm/venv/lib/python3.13/site-packages/django/template/loader_tags.py", line 299, in do_extends
    nodelist = parser.parse()
  File "/mnt/aaa22500-1d14-4161-b361-89d4e7d74008/Apps/advisor-crm/venv/lib/python3.13/site-packages/django/template/base.py", line 512, in parse
    self.invalid_block_tag(token, command, parse_until)
    ~~~~~~~~~~~~~~~~~~~~~~^^^^^^^^^^^^^^^^^^^^^^^^^^^^^
  File "/mnt/aaa22500-1d14-4161-b361-89d4e7d74008/Apps/advisor-crm/venv/lib/python3.13/site-packages/django/template/base.py", line 577, in invalid_block_tag
    raise self.error(
    ...<3 lines>...
    )
django.template.exceptions.TemplateSyntaxError: Invalid block tag on line 224: 'endblock'. Did you forget to register or load this tag?
Internal Server Error: /renewals/
Traceback (most recent call last):
  File "/mnt/aaa22500-1d14-4161-b361-89d4e7d74008/Apps/advisor-crm/venv/lib/python3.13/site-packages/django/template/base.py", line 510, in parse
    compile_func = self.tags[command]
                   ~~~~~~~~~^^^^^^^^^
KeyError: 'endblock'

During handling of the above exception, another exception occurred:

Traceback (most recent call last):
  File "/mnt/aaa22500-1d14-4161-b361-89d4e7d74008/Apps/advisor-crm/venv/lib/python3.13/site-packages/django/core/handlers/exception.py", line 55, in inner
    response = get_response(request)
  File "/mnt/aaa22500-1d14-4161-b361-89d4e7d74008/Apps/advisor-crm/venv/lib/python3.13/site-packages/django/core/handlers/base.py", line 197, in _get_response
    response = wrapped_callback(request, *callback_args, **callback_kwargs)
  File "/mnt/aaa22500-1d14-4161-b361-89d4e7d74008/Apps/advisor-crm/venv/lib/python3.13/site-packages/django/contrib/auth/decorators.py", line 59, in _view_wrapper
    return view_func(request, *args, **kwargs)
  File "/mnt/aaa22500-1d14-4161-b361-89d4e7d74008/Apps/advisor-crm/advisor_crm/crm/views.py", line 283, in renewal_alerts
    return render(request, 'crm/renewal_alerts.html', context)
  File "/mnt/aaa22500-1d14-4161-b361-89d4e7d74008/Apps/advisor-crm/venv/lib/python3.13/site-packages/django/shortcuts.py", line 25, in render
    content = loader.render_to_string(template_name, context, request, using=using)
  File "/mnt/aaa22500-1d14-4161-b361-89d4e7d74008/Apps/advisor-crm/venv/lib/python3.13/site-packages/django/template/loader.py", line 61, in render_to_string
    template = get_template(template_name, using=using)
  File "/mnt/aaa22500-1d14-4161-b361-89d4e7d74008/Apps/advisor-crm/venv/lib/python3.13/site-packages/django/template/loader.py", line 15, in get_template
    return engine.get_template(template_name)
           ~~~~~~~~~~~~~~~~~~~^^^^^^^^^^^^^^^
  File "/mnt/aaa22500-1d14-4161-b361-89d4e7d74008/Apps/advisor-crm/venv/lib/python3.13/site-packages/django/template/backends/django.py", line 79, in get_template
    return Template(self.engine.get_template(template_name), self)
                    ~~~~~~~~~~~~~~~~~~~~~~~~^^^^^^^^^^^^^^^
  File "/mnt/aaa22500-1d14-4161-b361-89d4e7d74008/Apps/advisor-crm/venv/lib/python3.13/site-packages/django/template/engine.py", line 177, in get_template
    template, origin = self.find_template(template_name)
                       ~~~~~~~~~~~~~~~~~~^^^^^^^^^^^^^^^
  File "/mnt/aaa22500-1d14-4161-b361-89d4e7d74008/Apps/advisor-crm/venv/lib/python3.13/site-packages/django/template/engine.py", line 159, in find_template
    template = loader.get_template(name, skip=skip)
  File "/mnt/aaa22500-1d14-4161-b361-89d4e7d74008/Apps/advisor-crm/venv/lib/python3.13/site-packages/django/template/loaders/cached.py", line 57, in get_template
    template = super().get_template(template_name, skip)
  File "/mnt/aaa22500-1d14-4161-b361-89d4e7d74008/Apps/advisor-crm/venv/lib/python3.13/site-packages/django/template/loaders/base.py", line 28, in get_template
    return Template(
        contents,
    ...<2 lines>...
        self.engine,
    )
  File "/mnt/aaa22500-1d14-4161-b361-89d4e7d74008/Apps/advisor-crm/venv/lib/python3.13/site-packages/django/template/base.py", line 154, in __init__
    self.nodelist = self.compile_nodelist()
                    ~~~~~~~~~~~~~~~~~~~~~^^
  File "/mnt/aaa22500-1d14-4161-b361-89d4e7d74008/Apps/advisor-crm/venv/lib/python3.13/site-packages/django/template/base.py", line 196, in compile_nodelist
    nodelist = parser.parse()
  File "/mnt/aaa22500-1d14-4161-b361-89d4e7d74008/Apps/advisor-crm/venv/lib/python3.13/site-packages/django/template/base.py", line 518, in parse
    raise self.error(token, e)
  File "/mnt/aaa22500-1d14-4161-b361-89d4e7d74008/Apps/advisor-crm/venv/lib/python3.13/site-packages/django/template/base.py", line 516, in parse
    compiled_result = compile_func(self, token)
  File "/mnt/aaa22500-1d14-4161-b361-89d4e7d74008/Apps/advisor-crm/venv/lib/python3.13/site-packages/django/template/loader_tags.py", line 299, in do_extends
    nodelist = parser.parse()
  File "/mnt/aaa22500-1d14-4161-b361-89d4e7d74008/Apps/advisor-crm/venv/lib/python3.13/site-packages/django/template/base.py", line 512, in parse
    self.invalid_block_tag(token, command, parse_until)
    ~~~~~~~~~~~~~~~~~~~~~~^^^^^^^^^^^^^^^^^^^^^^^^^^^^^
  File "/mnt/aaa22500-1d14-4161-b361-89d4e7d74008/Apps/advisor-crm/venv/lib/python3.13/site-packages/django/template/base.py", line 577, in invalid_block_tag
    raise self.error(
    ...<3 lines>...
    )
django.template.exceptions.TemplateSyntaxError: Invalid block tag on line 224: 'endblock'. Did you forget to register or load this tag?
Internal Server Error: /renewals/
Traceback (most recent call last):
  File "/mnt/aaa22500-1d14-4161-b361-89d4e7d74008/Apps/advisor-crm/venv/lib/python3.13/site-packages/django/template/base.py", line 510, in parse
    compile_func = self.tags[command]
                   ~~~~~~~~~^^^^^^^^^
KeyError: 'endblock'

During handling of the above exception, another exception occurred:

Traceback (most recent call last):
  File "/mnt/aaa22500-1d14-4161-b361-89d4e7d74008/Apps/advisor-crm/venv/lib/python3.13/site-packages/django/core/handlers/exception.py", line 55, in inner
    response = get_response(request)
  File "/mnt/aaa22500-1d14-4161-b361-89d4e7d74008/Apps/advisor-crm/venv/lib/python3.13/site-packages/django/core/handlers/base.py", line 197, in _get_response
    response = wrapped_callback(request, *callback_args, **callback_kwargs)
  File "/mnt/aaa22500-1d14-4161-b361-89d4e7d74008/Apps/advisor-crm/venv/lib/python3.13/site-packages/django/contrib/auth/decorators.py", line 59, in _view_wrapper
    return view_func(request, *args, **kwargs)
  File "/mnt/aaa22500-1d14-4161-b361-89d4e7d74008/Apps/advisor-crm/advisor_crm/crm/views.py", line 283, in renewal_alerts
    return render(request, 'crm/renewal_alerts.html', context)
  File "/mnt/aaa22500-1d14-4161-b361-89d4e7d74008/Apps/advisor-crm/venv/lib/python3.13/site-packages/django/shortcuts.py", line 25, in render
    content = loader.render_to_string(template_name, context, request, using=using)
  File "/mnt/aaa22500-1d14-4161-b361-89d4e7d74008/Apps/advisor-crm/venv/lib/python3.13/site-packages/django/template/loader.py", line 61, in render_to_string
    template = get_template(template_name, using=using)
  File "/mnt/aaa22500-1d14-4161-b361-89d4e7d74008/Apps/advisor-crm/venv/lib/python3.13/site-packages/django/template/loader.py", line 15, in get_template
    return engine.get_template(template_name)
           ~~~~~~~~~~~~~~~~~~~^^^^^^^^^^^^^^^
  File "/mnt/aaa22500-1d14-4161-b361-89d4e7d74008/Apps/advisor-crm/venv/lib/python3.13/site-packages/django/template/backends/django.py", line 79, in get_template
    return Template(self.engine.get_template(template_name), self)
                    ~~~~~~~~~~~~~~~~~~~~~~~~^^^^^^^^^^^^^^^
  File "/mnt/aaa22500-1d14-4161-b361-89d4e7d74008/Apps/advisor-crm/venv/lib/python3.13/site-packages/django/template/engine.py", line 177, in get_template
    template, origin = self.find_template(template_name)
                       ~~~~~~~~~~~~~~~~~~^^^^^^^^^^^^^^^
  File "/mnt/aaa22500-1d14-4161-b361-89d4e7d74008/Apps/advisor-crm/venv/lib/python3.13/site-packages/django/template/engine.py", line 159, in find_template
    template = loader.get_template(name, skip=skip)
  File "/mnt/aaa22500-1d14-4161-b361-89d4e7d74008/Apps/advisor-crm/venv/lib/python3.13/site-packages/django/template/loaders/cached.py", line 57, in get_template
    template = super().get_template(template_name, skip)
  File "/mnt/aaa22500-1d14-4161-b361-89d4e7d74008/Apps/advisor-crm/venv/lib/python3.13/site-packages/django/template/loaders/base.py", line 28, in get_template
    return Template(
        contents,
    ...<2 lines>...
        self.engine,
    )
  File "/mnt/aaa22500-1d14-4161-b361-89d4e7d74008/Apps/advisor-crm/venv/lib/python3.13/site-packages/django/template/base.py", line 154, in __init__
    self.nodelist = self.compile_nodelist()
                    ~~~~~~~~~~~~~~~~~~~~~^^
  File "/mnt/aaa22500-1d14-4161-b361-89d4e7d74008/Apps/advisor-crm/venv/lib/python3.13/site-packages/django/template/base.py", line 196, in compile_nodelist
    nodelist = parser.parse()
  File "/mnt/aaa22500-1d14-4161-b361-89d4e7d74008/Apps/advisor-crm/venv/lib/python3.13/site-packages/django/template/base.py", line 518, in parse
    raise self.error(token, e)
  File "/mnt/aaa22500-1d14-4161-b361-89d4e7d74008/Apps/advisor-crm/venv/lib/python3.13/site-packages/django/template/base.py", line 516, in parse
    compiled_result = compile_func(self, token)
  File "/mnt/aaa22500-1d14-4161-b361-89d4e7d74008/Apps/advisor-crm/venv/lib/python3.13/site-packages/django/template/loader_tags.py", line 299, in do_extends
    nodelist = parser.parse()
  File "/mnt/aaa22500-1d14-4161-b361-89d4e7d74008/Apps/advisor-crm/venv/lib/python3.13/site-packages/django/template/base.py", line 512, in parse
    self.invalid_block_tag(token, command, parse_until)
    ~~~~~~~~~~~~~~~~~~~~~~^^^^^^^^^^^^^^^^^^^^^^^^^^^^^
  File "/mnt/aaa22500-1d14-4161-b361-89d4e7d74008/Apps/advisor-crm/venv/lib/python3.13/site-packages/django/template/base.py", line 577, in invalid_block_tag
    raise self.error(
    ...<3 lines>...
    )
django.template.exceptions.TemplateSyntaxError: Invalid block tag on line 224: 'endblock'. Did you forget to register or load this tag?
Internal Server Error: /renewals/
Traceback (most recent call last):
  File "/mnt/aaa22500-1d14-4161-b361-89d4e7d74008/Apps/advisor-crm/venv/lib/python3.13/site-packages/django/template/base.py", line 510, in parse
    compile_func = self.tags[command]
                   ~~~~~~~~~^^^^^^^^^
KeyError: 'endblock'

During handling of the above exception, another exception occurred:

Traceback (most recent call last):
  File "/mnt/aaa22500-1d14-4161-b361-89d4e7d74008/Apps/advisor-crm/venv/lib/python3.13/site-packages/django/core/handlers/exception.py", line 55, in inner
    response = get_response(request)
  File "/mnt/aaa22500-1d14-4161-b361-89d4e7d74008/Apps/advisor-crm/venv/lib/python3.13/site-packages/django/core/handlers/base.py", line 197, in _get_response
    response = wrapped_callback(request, *callback_args, **callback_kwargs)
  File "/mnt/aaa22500-1d14-4161-b361-89d4e7d74008/Apps/advisor-crm/venv/lib/python3.13/site-packages/django/contrib/auth/decorators.py", line 59, in _view_wrapper
    return view_func(request, *args, **kwargs)
  File "/mnt/aaa22500-1d14-4161-b361-89d4e7d74008/Apps/advisor-crm/advisor_crm/crm/views.py", line 283, in renewal_alerts
    return render(request, 'crm/renewal_alerts.html', context)
  File "/mnt/aaa22500-1d14-4161-b361-89d4e7d74008/Apps/advisor-crm/venv/lib/python3.13/site-packages/django/shortcuts.py", line 25, in render
    content = loader.render_to_string(template_name, context, request, using=using)
  File "/mnt/aaa22500-1d14-4161-b361-89d4e7d74008/Apps/advisor-crm/venv/lib/python3.13/site-packages/django/template/loader.py", line 61, in render_to_string
    template = get_template(template_name, using=using)
  File "/mnt/aaa22500-1d14-4161-b361-89d4e7d74008/Apps/advisor-crm/venv/lib/python3.13/site-packages/django/template/loader.py", line 15, in get_template
    return engine.get_template(template_name)
           ~~~~~~~~~~~~~~~~~~~^^^^^^^^^^^^^^^
  File "/mnt/aaa22500-1d14-4161-b361-89d4e7d74008/Apps/advisor-crm/venv/lib/python3.13/site-packages/django/template/backends/django.py", line 79, in get_template
    return Template(self.engine.get_template(template_name), self)
                    ~~~~~~~~~~~~~~~~~~~~~~~~^^^^^^^^^^^^^^^
  File "/mnt/aaa22500-1d14-4161-b361-89d4e7d74008/Apps/advisor-crm/venv/lib/python3.13/site-packages/django/template/engine.py", line 177, in get_template
    template, origin = self.find_template(template_name)
                       ~~~~~~~~~~~~~~~~~~^^^^^^^^^^^^^^^
  File "/mnt/aaa22500-1d14-4161-b361-89d4e7d74008/Apps/advisor-crm/venv/lib/python3.13/site-packages/django/template/engine.py", line 159, in find_template
    template = loader.get_template(name, skip=skip)
  File "/mnt/aaa22500-1d14-4161-b361-89d4e7d74008/Apps/advisor-crm/venv/lib/python3.13/site-packages/django/template/loaders/cached.py", line 57, in get_template
    template = super().get_template(template_name, skip)
  File "/mnt/aaa22500-1d14-4161-b361-89d4e7d74008/Apps/advisor-crm/venv/lib/python3.13/site-packages/django/template/loaders/base.py", line 28, in get_template
    return Template(
        contents,
    ...<2 lines>...
        self.engine,
    )
  File "/mnt/aaa22500-1d14-4161-b361-89d4e7d74008/Apps/advisor-crm/venv/lib/python3.13/site-packages/django/template/base.py", line 154, in __init__
    self.nodelist = self.compile_nodelist()
                    ~~~~~~~~~~~~~~~~~~~~~^^
  File "/mnt/aaa22500-1d14-4161-b361-89d4e7d74008/Apps/advisor-crm/venv/lib/python3.13/site-packages/django/template/base.py", line 196, in compile_nodelist
    nodelist = parser.parse()
  File "/mnt/aaa22500-1d14-4161-b361-89d4e7d74008/Apps/advisor-crm/venv/lib/python3.13/site-packages/django/template/base.py", line 518, in parse
    raise self.error(token, e)
  File "/mnt/aaa22500-1d14-4161-b361-89d4e7d74008/Apps/advisor-crm/venv/lib/python3.13/site-packages/django/template/base.py", line 516, in parse
    compiled_result = compile_func(self, token)
  File "/mnt/aaa22500-1d14-4161-b361-89d4e7d74008/Apps/advisor-crm/venv/lib/python3.13/site-packages/django/template/loader_tags.py", line 299, in do_extends
    nodelist = parser.parse()
  File "/mnt/aaa22500-1d14-4161-b361-89d4e7d74008/Apps/advisor-crm/venv/lib/python3.13/site-packages/django/template/base.py", line 512, in parse
    self.invalid_block_tag(token, command, parse_until)
    ~~~~~~~~~~~~~~~~~~~~~~^^^^^^^^^^^^^^^^^^^^^^^^^^^^^
  File "/mnt/aaa22500-1d14-4161-b361-89d4e7d74008/Apps/advisor-crm/venv/lib/python3.13/site-packages/django/template/base.py", line 577, in invalid_block_tag
    raise self.error(
    ...<3 lines>...
    )
django.template.exceptions.TemplateSyntaxError: Invalid block tag on line 198: 'endblock'. Did you forget to register or load this tag?
Internal Server Error: /renewals/
Traceback (most recent call last):
  File "/mnt/aaa22500-1d14-4161-b361-89d4e7d74008/Apps/advisor-crm/venv/lib/python3.13/site-packages/django/template/base.py", line 510, in parse
    compile_func = self.tags[command]
                   ~~~~~~~~~^^^^^^^^^
KeyError: 'endblock'

During handling of the above exception, another exception occurred:

Traceback (most recent call last):
  File "/mnt/aaa22500-1d14-4161-b361-89d4e7d74008/Apps/advisor-crm/venv/lib/python3.13/site-packages/django/core/handlers/exception.py", line 55, in inner
    response = get_response(request)
  File "/mnt/aaa22500-1d14-4161-b361-89d4e7d74008/Apps/advisor-crm/venv/lib/python3.13/site-packages/django/core/handlers/base.py", line 197, in _get_response
    response = wrapped_callback(request, *callback_args, **callback_kwargs)
  File "/mnt/aaa22500-1d14-4161-b361-89d4e7d74008/Apps/advisor-crm/venv/lib/python3.13/site-packages/django/contrib/auth/decorators.py", line 59, in _view_wrapper
    return view_func(request, *args, **kwargs)
  File "/mnt/aaa22500-1d14-4161-b361-89d4e7d74008/Apps/advisor-crm/advisor_crm/crm/views.py", line 283, in renewal_alerts
    return render(request, 'crm/renewal_alerts.html', context)
  File "/mnt/aaa22500-1d14-4161-b361-89d4e7d74008/Apps/advisor-crm/venv/lib/python3.13/site-packages/django/shortcuts.py", line 25, in render
    content = loader.render_to_string(template_name, context, request, using=using)
  File "/mnt/aaa22500-1d14-4161-b361-89d4e7d74008/Apps/advisor-crm/venv/lib/python3.13/site-packages/django/template/loader.py", line 61, in render_to_string
    template = get_template(template_name, using=using)
  File "/mnt/aaa22500-1d14-4161-b361-89d4e7d74008/Apps/advisor-crm/venv/lib/python3.13/site-packages/django/template/loader.py", line 15, in get_template
    return engine.get_template(template_name)
           ~~~~~~~~~~~~~~~~~~~^^^^^^^^^^^^^^^
  File "/mnt/aaa22500-1d14-4161-b361-89d4e7d74008/Apps/advisor-crm/venv/lib/python3.13/site-packages/django/template/backends/django.py", line 79, in get_template
    return Template(self.engine.get_template(template_name), self)
                    ~~~~~~~~~~~~~~~~~~~~~~~~^^^^^^^^^^^^^^^
  File "/mnt/aaa22500-1d14-4161-b361-89d4e7d74008/Apps/advisor-crm/venv/lib/python3.13/site-packages/django/template/engine.py", line 177, in get_template
    template, origin = self.find_template(template_name)
                       ~~~~~~~~~~~~~~~~~~^^^^^^^^^^^^^^^
  File "/mnt/aaa22500-1d14-4161-b361-89d4e7d74008/Apps/advisor-crm/venv/lib/python3.13/site-packages/django/template/engine.py", line 159, in find_template
    template = loader.get_template(name, skip=skip)
  File "/mnt/aaa22500-1d14-4161-b361-89d4e7d74008/Apps/advisor-crm/venv/lib/python3.13/site-packages/django/template/loaders/cached.py", line 57, in get_template
    template = super().get_template(template_name, skip)
  File "/mnt/aaa22500-1d14-4161-b361-89d4e7d74008/Apps/advisor-crm/venv/lib/python3.13/site-packages/django/template/loaders/base.py", line 28, in get_template
    return Template(
        contents,
    ...<2 lines>...
        self.engine,
    )
  File "/mnt/aaa22500-1d14-4161-b361-89d4e7d74008/Apps/advisor-crm/venv/lib/python3.13/site-packages/django/template/base.py", line 154, in __init__
    self.nodelist = self.compile_nodelist()
                    ~~~~~~~~~~~~~~~~~~~~~^^
  File "/mnt/aaa22500-1d14-4161-b361-89d4e7d74008/Apps/advisor-crm/venv/lib/python3.13/site-packages/django/template/base.py", line 196, in compile_nodelist
    nodelist = parser.parse()
  File "/mnt/aaa22500-1d14-4161-b361-89d4e7d74008/Apps/advisor-crm/venv/lib/python3.13/site-packages/django/template/base.py", line 518, in parse
    raise self.error(token, e)
  File "/mnt/aaa22500-1d14-4161-b361-89d4e7d74008/Apps/advisor-crm/venv/lib/python3.13/site-packages/django/template/base.py", line 516, in parse
    compiled_result = compile_func(self, token)
  File "/mnt/aaa22500-1d14-4161-b361-89d4e7d74008/Apps/advisor-crm/venv/lib/python3.13/site-packages/django/template/loader_tags.py", line 299, in do_extends
    nodelist = parser.parse()
  File "/mnt/aaa22500-1d14-4161-b361-89d4e7d74008/Apps/advisor-crm/venv/lib/python3.13/site-packages/django/template/base.py", line 512, in parse
    self.invalid_block_tag(token, command, parse_until)
    ~~~~~~~~~~~~~~~~~~~~~~^^^^^^^^^^^^^^^^^^^^^^^^^^^^^
  File "/mnt/aaa22500-1d14-4161-b361-89d4e7d74008/Apps/advisor-crm/venv/lib/python3.13/site-packages/django/template/base.py", line 577, in invalid_block_tag
    raise self.error(
    ...<3 lines>...
    )
django.template.exceptions.TemplateSyntaxError: Invalid block tag on line 198: 'endblock'. Did you forget to register or load this tag?
Internal Server Error: /renewals/
Traceback (most recent call last):
  File "/mnt/aaa22500-1d14-4161-b361-89d4e7d74008/Apps/advisor-crm/venv/lib/python3.13/site-packages/django/template/base.py", line 510, in parse
    compile_func = self.tags[command]
                   ~~~~~~~~~^^^^^^^^^
KeyError: 'endblock'

During handling of the above exception, another exception occurred:

Traceback (most recent call last):
  File "/mnt/aaa22500-1d14-4161-b361-89d4e7d74008/Apps/advisor-crm/venv/lib/python3.13/site-packages/django/core/handlers/exception.py", line 55, in inner
    response = get_response(request)
  File "/mnt/aaa22500-1d14-4161-b361-89d4e7d74008/Apps/advisor-crm/venv/lib/python3.13/site-packages/django/core/handlers/base.py", line 197, in _get_response
    response = wrapped_callback(request, *callback_args, **callback_kwargs)
  File "/mnt/aaa22500-1d14-4161-b361-89d4e7d74008/Apps/advisor-crm/venv/lib/python3.13/site-packages/django/contrib/auth/decorators.py", line 59, in _view_wrapper
    return view_func(request, *args, **kwargs)
  File "/mnt/aaa22500-1d14-4161-b361-89d4e7d74008/Apps/advisor-crm/advisor_crm/crm/views.py", line 283, in renewal_alerts
    return render(request, 'crm/renewal_alerts.html', context)
  File "/mnt/aaa22500-1d14-4161-b361-89d4e7d74008/Apps/advisor-crm/venv/lib/python3.13/site-packages/django/shortcuts.py", line 25, in render
    content = loader.render_to_string(template_name, context, request, using=using)
  File "/mnt/aaa22500-1d14-4161-b361-89d4e7d74008/Apps/advisor-crm/venv/lib/python3.13/site-packages/django/template/loader.py", line 61, in render_to_string
    template = get_template(template_name, using=using)
  File "/mnt/aaa22500-1d14-4161-b361-89d4e7d74008/Apps/advisor-crm/venv/lib/python3.13/site-packages/django/template/loader.py", line 15, in get_template
    return engine.get_template(template_name)
           ~~~~~~~~~~~~~~~~~~~^^^^^^^^^^^^^^^
  File "/mnt/aaa22500-1d14-4161-b361-89d4e7d74008/Apps/advisor-crm/venv/lib/python3.13/site-packages/django/template/backends/django.py", line 79, in get_template
    return Template(self.engine.get_template(template_name), self)
                    ~~~~~~~~~~~~~~~~~~~~~~~~^^^^^^^^^^^^^^^
  File "/mnt/aaa22500-1d14-4161-b361-89d4e7d74008/Apps/advisor-crm/venv/lib/python3.13/site-packages/django/template/engine.py", line 177, in get_template
    template, origin = self.find_template(template_name)
                       ~~~~~~~~~~~~~~~~~~^^^^^^^^^^^^^^^
  File "/mnt/aaa22500-1d14-4161-b361-89d4e7d74008/Apps/advisor-crm/venv/lib/python3.13/site-packages/django/template/engine.py", line 159, in find_template
    template = loader.get_template(name, skip=skip)
  File "/mnt/aaa22500-1d14-4161-b361-89d4e7d74008/Apps/advisor-crm/venv/lib/python3.13/site-packages/django/template/loaders/cached.py", line 57, in get_template
    template = super().get_template(template_name, skip)
  File "/mnt/aaa22500-1d14-4161-b361-89d4e7d74008/Apps/advisor-crm/venv/lib/python3.13/site-packages/django/template/loaders/base.py", line 28, in get_template
    return Template(
        contents,
    ...<2 lines>...
        self.engine,
    )
  File "/mnt/aaa22500-1d14-4161-b361-89d4e7d74008/Apps/advisor-crm/venv/lib/python3.13/site-packages/django/template/base.py", line 154, in __init__
    self.nodelist = self.compile_nodelist()
                    ~~~~~~~~~~~~~~~~~~~~~^^
  File "/mnt/aaa22500-1d14-4161-b361-89d4e7d74008/Apps/advisor-crm/venv/lib/python3.13/site-packages/django/template/base.py", line 196, in compile_nodelist
    nodelist = parser.parse()
  File "/mnt/aaa22500-1d14-4161-b361-89d4e7d74008/Apps/advisor-crm/venv/lib/python3.13/site-packages/django/template/base.py", line 518, in parse
    raise self.error(token, e)
  File "/mnt/aaa22500-1d14-4161-b361-89d4e7d74008/Apps/advisor-crm/venv/lib/python3.13/site-packages/django/template/base.py", line 516, in parse
    compiled_result = compile_func(self, token)
  File "/mnt/aaa22500-1d14-4161-b361-89d4e7d74008/Apps/advisor-crm/venv/lib/python3.13/site-packages/django/template/loader_tags.py", line 299, in do_extends
    nodelist = parser.parse()
  File "/mnt/aaa22500-1d14-4161-b361-89d4e7d74008/Apps/advisor-crm/venv/lib/python3.13/site-packages/django/template/base.py", line 512, in parse
    self.invalid_block_tag(token, command, parse_until)
    ~~~~~~~~~~~~~~~~~~~~~~^^^^^^^^^^^^^^^^^^^^^^^^^^^^^
  File "/mnt/aaa22500-1d14-4161-b361-89d4e7d74008/Apps/advisor-crm/venv/lib/python3.13/site-packages/django/template/base.py", line 577, in invalid_block_tag
    raise self.error(
    ...<3 lines>...
    )
django.template.exceptions.TemplateSyntaxError: Invalid block tag on line 198: 'endblock'. Did you forget to register or load this tag?
Internal Server Error: /renewals/
Traceback (most recent call last):
  File "/mnt/aaa22500-1d14-4161-b361-89d4e7d74008/Apps/advisor-crm/venv/lib/python3.13/site-packages/django/template/base.py", line 510, in parse
    compile_func = self.tags[command]
                   ~~~~~~~~~^^^^^^^^^
KeyError: 'endblock'

During handling of the above exception, another exception occurred:

Traceback (most recent call last):
  File "/mnt/aaa22500-1d14-4161-b361-89d4e7d74008/Apps/advisor-crm/venv/lib/python3.13/site-packages/django/core/handlers/exception.py", line 55, in inner
    response = get_response(request)
  File "/mnt/aaa22500-1d14-4161-b361-89d4e7d74008/Apps/advisor-crm/venv/lib/python3.13/site-packages/django/core/handlers/base.py", line 197, in _get_response
    response = wrapped_callback(request, *callback_args, **callback_kwargs)
  File "/mnt/aaa22500-1d14-4161-b361-89d4e7d74008/Apps/advisor-crm/venv/lib/python3.13/site-packages/django/contrib/auth/decorators.py", line 59, in _view_wrapper
    return view_func(request, *args, **kwargs)
  File "/mnt/aaa22500-1d14-4161-b361-89d4e7d74008/Apps/advisor-crm/advisor_crm/crm/views.py", line 283, in renewal_alerts
    return render(request, 'crm/renewal_alerts.html', context)
  File "/mnt/aaa22500-1d14-4161-b361-89d4e7d74008/Apps/advisor-crm/venv/lib/python3.13/site-packages/django/shortcuts.py", line 25, in render
    content = loader.render_to_string(template_name, context, request, using=using)
  File "/mnt/aaa22500-1d14-4161-b361-89d4e7d74008/Apps/advisor-crm/venv/lib/python3.13/site-packages/django/template/loader.py", line 61, in render_to_string
    template = get_template(template_name, using=using)
  File "/mnt/aaa22500-1d14-4161-b361-89d4e7d74008/Apps/advisor-crm/venv/lib/python3.13/site-packages/django/template/loader.py", line 15, in get_template
    return engine.get_template(template_name)
           ~~~~~~~~~~~~~~~~~~~^^^^^^^^^^^^^^^
  File "/mnt/aaa22500-1d14-4161-b361-89d4e7d74008/Apps/advisor-crm/venv/lib/python3.13/site-packages/django/template/backends/django.py", line 79, in get_template
    return Template(self.engine.get_template(template_name), self)
                    ~~~~~~~~~~~~~~~~~~~~~~~~^^^^^^^^^^^^^^^
  File "/mnt/aaa22500-1d14-4161-b361-89d4e7d74008/Apps/advisor-crm/venv/lib/python3.13/site-packages/django/template/engine.py", line 177, in get_template
    template, origin = self.find_template(template_name)
                       ~~~~~~~~~~~~~~~~~~^^^^^^^^^^^^^^^
  File "/mnt/aaa22500-1d14-4161-b361-89d4e7d74008/Apps/advisor-crm/venv/lib/python3.13/site-packages/django/template/engine.py", line 159, in find_template
    template = loader.get_template(name, skip=skip)
  File "/mnt/aaa22500-1d14-4161-b361-89d4e7d74008/Apps/advisor-crm/venv/lib/python3.13/site-packages/django/template/loaders/cached.py", line 57, in get_template
    template = super().get_template(template_name, skip)
  File "/mnt/aaa22500-1d14-4161-b361-89d4e7d74008/Apps/advisor-crm/venv/lib/python3.13/site-packages/django/template/loaders/base.py", line 28, in get_template
    return Template(
        contents,
    ...<2 lines>...
        self.engine,
    )
  File "/mnt/aaa22500-1d14-4161-b361-89d4e7d74008/Apps/advisor-crm/venv/lib/python3.13/site-packages/django/template/base.py", line 154, in __init__
    self.nodelist = self.compile_nodelist()
                    ~~~~~~~~~~~~~~~~~~~~~^^
  File "/mnt/aaa22500-1d14-4161-b361-89d4e7d74008/Apps/advisor-crm/venv/lib/python3.13/site-packages/django/template/base.py", line 196, in compile_nodelist
    nodelist = parser.parse()
  File "/mnt/aaa22500-1d14-4161-b361-89d4e7d74008/Apps/advisor-crm/venv/lib/python3.13/site-packages/django/template/base.py", line 518, in parse
    raise self.error(token, e)
  File "/mnt/aaa22500-1d14-4161-b361-89d4e7d74008/Apps/advisor-crm/venv/lib/python3.13/site-packages/django/template/base.py", line 516, in parse
    compiled_result = compile_func(self, token)
  File "/mnt/aaa22500-1d14-4161-b361-89d4e7d74008/Apps/advisor-crm/venv/lib/python3.13/site-packages/django/template/loader_tags.py", line 299, in do_extends
    nodelist = parser.parse()
  File "/mnt/aaa22500-1d14-4161-b361-89d4e7d74008/Apps/advisor-crm/venv/lib/python3.13/site-packages/django/template/base.py", line 512, in parse
    self.invalid_block_tag(token, command, parse_until)
    ~~~~~~~~~~~~~~~~~~~~~~^^^^^^^^^^^^^^^^^^^^^^^^^^^^^
  File "/mnt/aaa22500-1d14-4161-b361-89d4e7d74008/Apps/advisor-crm/venv/lib/python3.13/site-packages/django/template/base.py", line 577, in invalid_block_tag
    raise self.error(
    ...<3 lines>...
    )
django.template.exceptions.TemplateSyntaxError: Invalid block tag on line 6: 'endblock'. Did you forget to register or load this tag?
Internal Server Error: /renewals/
Traceback (most recent call last):
  File "/mnt/aaa22500-1d14-4161-b361-89d4e7d74008/Apps/advisor-crm/venv/lib/python3.13/site-packages/django/template/base.py", line 510, in parse
    compile_func = self.tags[command]
                   ~~~~~~~~~^^^^^^^^^
KeyError: 'endblock'

During handling of the above exception, another exception occurred:

Traceback (most recent call last):
  File "/mnt/aaa22500-1d14-4161-b361-89d4e7d74008/Apps/advisor-crm/venv/lib/python3.13/site-packages/django/core/handlers/exception.py", line 55, in inner
    response = get_response(request)
  File "/mnt/aaa22500-1d14-4161-b361-89d4e7d74008/Apps/advisor-crm/venv/lib/python3.13/site-packages/django/core/handlers/base.py", line 197, in _get_response
    response = wrapped_callback(request, *callback_args, **callback_kwargs)
  File "/mnt/aaa22500-1d14-4161-b361-89d4e7d74008/Apps/advisor-crm/venv/lib/python3.13/site-packages/django/contrib/auth/decorators.py", line 59, in _view_wrapper
    return view_func(request, *args, **kwargs)
  File "/mnt/aaa22500-1d14-4161-b361-89d4e7d74008/Apps/advisor-crm/advisor_crm/crm/views.py", line 283, in renewal_alerts
    return render(request, 'crm/renewal_alerts.html', context)
  File "/mnt/aaa22500-1d14-4161-b361-89d4e7d74008/Apps/advisor-crm/venv/lib/python3.13/site-packages/django/shortcuts.py", line 25, in render
    content = loader.render_to_string(template_name, context, request, using=using)
  File "/mnt/aaa22500-1d14-4161-b361-89d4e7d74008/Apps/advisor-crm/venv/lib/python3.13/site-packages/django/template/loader.py", line 61, in render_to_string
    template = get_template(template_name, using=using)
  File "/mnt/aaa22500-1d14-4161-b361-89d4e7d74008/Apps/advisor-crm/venv/lib/python3.13/site-packages/django/template/loader.py", line 15, in get_template
    return engine.get_template(template_name)
           ~~~~~~~~~~~~~~~~~~~^^^^^^^^^^^^^^^
  File "/mnt/aaa22500-1d14-4161-b361-89d4e7d74008/Apps/advisor-crm/venv/lib/python3.13/site-packages/django/template/backends/django.py", line 79, in get_template
    return Template(self.engine.get_template(template_name), self)
                    ~~~~~~~~~~~~~~~~~~~~~~~~^^^^^^^^^^^^^^^
  File "/mnt/aaa22500-1d14-4161-b361-89d4e7d74008/Apps/advisor-crm/venv/lib/python3.13/site-packages/django/template/engine.py", line 177, in get_template
    template, origin = self.find_template(template_name)
                       ~~~~~~~~~~~~~~~~~~^^^^^^^^^^^^^^^
  File "/mnt/aaa22500-1d14-4161-b361-89d4e7d74008/Apps/advisor-crm/venv/lib/python3.13/site-packages/django/template/engine.py", line 159, in find_template
    template = loader.get_template(name, skip=skip)
  File "/mnt/aaa22500-1d14-4161-b361-89d4e7d74008/Apps/advisor-crm/venv/lib/python3.13/site-packages/django/template/loaders/cached.py", line 57, in get_template
    template = super().get_template(template_name, skip)
  File "/mnt/aaa22500-1d14-4161-b361-89d4e7d74008/Apps/advisor-crm/venv/lib/python3.13/site-packages/django/template/loaders/base.py", line 28, in get_template
    return Template(
        contents,
    ...<2 lines>...
        self.engine,
    )
  File "/mnt/aaa22500-1d14-4161-b361-89d4e7d74008/Apps/advisor-crm/venv/lib/python3.13/site-packages/django/template/base.py", line 154, in __init__
    self.nodelist = self.compile_nodelist()
                    ~~~~~~~~~~~~~~~~~~~~~^^
  File "/mnt/aaa22500-1d14-4161-b361-89d4e7d74008/Apps/advisor-crm/venv/lib/python3.13/site-packages/django/template/base.py", line 196, in compile_nodelist
    nodelist = parser.parse()
  File "/mnt/aaa22500-1d14-4161-b361-89d4e7d74008/Apps/advisor-crm/venv/lib/python3.13/site-packages/django/template/base.py", line 518, in parse
    raise self.error(token, e)
  File "/mnt/aaa22500-1d14-4161-b361-89d4e7d74008/Apps/advisor-crm/venv/lib/python3.13/site-packages/django/template/base.py", line 516, in parse
    compiled_result = compile_func(self, token)
  File "/mnt/aaa22500-1d14-4161-b361-89d4e7d74008/Apps/advisor-crm/venv/lib/python3.13/site-packages/django/template/loader_tags.py", line 299, in do_extends
    nodelist = parser.parse()
  File "/mnt/aaa22500-1d14-4161-b361-89d4e7d74008/Apps/advisor-crm/venv/lib/python3.13/site-packages/django/template/base.py", line 512, in parse
    self.invalid_block_tag(token, command, parse_until)
    ~~~~~~~~~~~~~~~~~~~~~~^^^^^^^^^^^^^^^^^^^^^^^^^^^^^
  File "/mnt/aaa22500-1d14-4161-b361-89d4e7d74008/Apps/advisor-crm/venv/lib/python3.13/site-packages/django/template/base.py", line 577, in invalid_block_tag
    raise self.error(
    ...<3 lines>...
    )
django.template.exceptions.TemplateSyntaxError: Invalid block tag on line 6: 'endblock'. Did you forget to register or load this tag?
Internal Server Error: /renewals/
Traceback (most recent call last):
  File "/mnt/aaa22500-1d14-4161-b361-89d4e7d74008/Apps/advisor-crm/venv/lib/python3.13/site-packages/django/template/base.py", line 510, in parse
    compile_func = self.tags[command]
                   ~~~~~~~~~^^^^^^^^^
KeyError: 'endblock'

During handling of the above exception, another exception occurred:

Traceback (most recent call last):
  File "/mnt/aaa22500-1d14-4161-b361-89d4e7d74008/Apps/advisor-crm/venv/lib/python3.13/site-packages/django/core/handlers/exception.py", line 55, in inner
    response = get_response(request)
  File "/mnt/aaa22500-1d14-4161-b361-89d4e7d74008/Apps/advisor-crm/venv/lib/python3.13/site-packages/django/core/handlers/base.py", line 197, in _get_response
    response = wrapped_callback(request, *callback_args, **callback_kwargs)
  File "/mnt/aaa22500-1d14-4161-b361-89d4e7d74008/Apps/advisor-crm/venv/lib/python3.13/site-packages/django/contrib/auth/decorators.py", line 59, in _view_wrapper
    return view_func(request, *args, **kwargs)
  File "/mnt/aaa22500-1d14-4161-b361-89d4e7d74008/Apps/advisor-crm/advisor_crm/crm/views.py", line 283, in renewal_alerts
    return render(request, 'crm/renewal_alerts.html', context)
  File "/mnt/aaa22500-1d14-4161-b361-89d4e7d74008/Apps/advisor-crm/venv/lib/python3.13/site-packages/django/shortcuts.py", line 25, in render
    content = loader.render_to_string(template_name, context, request, using=using)
  File "/mnt/aaa22500-1d14-4161-b361-89d4e7d74008/Apps/advisor-crm/venv/lib/python3.13/site-packages/django/template/loader.py", line 61, in render_to_string
    template = get_template(template_name, using=using)
  File "/mnt/aaa22500-1d14-4161-b361-89d4e7d74008/Apps/advisor-crm/venv/lib/python3.13/site-packages/django/template/loader.py", line 15, in get_template
    return engine.get_template(template_name)
           ~~~~~~~~~~~~~~~~~~~^^^^^^^^^^^^^^^
  File "/mnt/aaa22500-1d14-4161-b361-89d4e7d74008/Apps/advisor-crm/venv/lib/python3.13/site-packages/django/template/backends/django.py", line 79, in get_template
    return Template(self.engine.get_template(template_name), self)
                    ~~~~~~~~~~~~~~~~~~~~~~~~^^^^^^^^^^^^^^^
  File "/mnt/aaa22500-1d14-4161-b361-89d4e7d74008/Apps/advisor-crm/venv/lib/python3.13/site-packages/django/template/engine.py", line 177, in get_template
    template, origin = self.find_template(template_name)
                       ~~~~~~~~~~~~~~~~~~^^^^^^^^^^^^^^^
  File "/mnt/aaa22500-1d14-4161-b361-89d4e7d74008/Apps/advisor-crm/venv/lib/python3.13/site-packages/django/template/engine.py", line 159, in find_template
    template = loader.get_template(name, skip=skip)
  File "/mnt/aaa22500-1d14-4161-b361-89d4e7d74008/Apps/advisor-crm/venv/lib/python3.13/site-packages/django/template/loaders/cached.py", line 57, in get_template
    template = super().get_template(template_name, skip)
  File "/mnt/aaa22500-1d14-4161-b361-89d4e7d74008/Apps/advisor-crm/venv/lib/python3.13/site-packages/django/template/loaders/base.py", line 28, in get_template
    return Template(
        contents,
    ...<2 lines>...
        self.engine,
    )
  File "/mnt/aaa22500-1d14-4161-b361-89d4e7d74008/Apps/advisor-crm/venv/lib/python3.13/site-packages/django/template/base.py", line 154, in __init__
    self.nodelist = self.compile_nodelist()
                    ~~~~~~~~~~~~~~~~~~~~~^^
  File "/mnt/aaa22500-1d14-4161-b361-89d4e7d74008/Apps/advisor-crm/venv/lib/python3.13/site-packages/django/template/base.py", line 196, in compile_nodelist
    nodelist = parser.parse()
  File "/mnt/aaa22500-1d14-4161-b361-89d4e7d74008/Apps/advisor-crm/venv/lib/python3.13/site-packages/django/template/base.py", line 518, in parse
    raise self.error(token, e)
  File "/mnt/aaa22500-1d14-4161-b361-89d4e7d74008/Apps/advisor-crm/venv/lib/python3.13/site-packages/django/template/base.py", line 516, in parse
    compiled_result = compile_func(self, token)
  File "/mnt/aaa22500-1d14-4161-b361-89d4e7d74008/Apps/advisor-crm/venv/lib/python3.13/site-packages/django/template/loader_tags.py", line 299, in do_extends
    nodelist = parser.parse()
  File "/mnt/aaa22500-1d14-4161-b361-89d4e7d74008/Apps/advisor-crm/venv/lib/python3.13/site-packages/django/template/base.py", line 512, in parse
    self.invalid_block_tag(token, command, parse_until)
    ~~~~~~~~~~~~~~~~~~~~~~^^^^^^^^^^^^^^^^^^^^^^^^^^^^^
  File "/mnt/aaa22500-1d14-4161-b361-89d4e7d74008/Apps/advisor-crm/venv/lib/python3.13/site-packages/django/template/base.py", line 577, in invalid_block_tag
    raise self.error(
    ...<3 lines>...
    )
django.template.exceptions.TemplateSyntaxError: Invalid block tag on line 6: 'endblock'. Did you forget to register or load this tag?
Internal Server Error: /renewals/
Traceback (most recent call last):
  File "/mnt/aaa22500-1d14-4161-b361-89d4e7d74008/Apps/advisor-crm/venv/lib/python3.13/site-packages/django/template/base.py", line 510, in parse
    compile_func = self.tags[command]
                   ~~~~~~~~~^^^^^^^^^
KeyError: 'endblock'

During handling of the above exception, another exception occurred:

Traceback (most recent call last):
  File "/mnt/aaa22500-1d14-4161-b361-89d4e7d74008/Apps/advisor-crm/venv/lib/python3.13/site-packages/django/core/handlers/exception.py", line 55, in inner
    response = get_response(request)
  File "/mnt/aaa22500-1d14-4161-b361-89d4e7d74008/Apps/advisor-crm/venv/lib/python3.13/site-packages/django/core/handlers/base.py", line 197, in _get_response
    response = wrapped_callback(request, *callback_args, **callback_kwargs)
  File "/mnt/aaa22500-1d14-4161-b361-89d4e7d74008/Apps/advisor-crm/venv/lib/python3.13/site-packages/django/contrib/auth/decorators.py", line 59, in _view_wrapper
    return view_func(request, *args, **kwargs)
  File "/mnt/aaa22500-1d14-4161-b361-89d4e7d74008/Apps/advisor-crm/advisor_crm/crm/views.py", line 283, in renewal_alerts
    return render(request, 'crm/renewal_alerts.html', context)
  File "/mnt/aaa22500-1d14-4161-b361-89d4e7d74008/Apps/advisor-crm/venv/lib/python3.13/site-packages/django/shortcuts.py", line 25, in render
    content = loader.render_to_string(template_name, context, request, using=using)
  File "/mnt/aaa22500-1d14-4161-b361-89d4e7d74008/Apps/advisor-crm/venv/lib/python3.13/site-packages/django/template/loader.py", line 61, in render_to_string
    template = get_template(template_name, using=using)
  File "/mnt/aaa22500-1d14-4161-b361-89d4e7d74008/Apps/advisor-crm/venv/lib/python3.13/site-packages/django/template/loader.py", line 15, in get_template
    return engine.get_template(template_name)
           ~~~~~~~~~~~~~~~~~~~^^^^^^^^^^^^^^^
  File "/mnt/aaa22500-1d14-4161-b361-89d4e7d74008/Apps/advisor-crm/venv/lib/python3.13/site-packages/django/template/backends/django.py", line 79, in get_template
    return Template(self.engine.get_template(template_name), self)
                    ~~~~~~~~~~~~~~~~~~~~~~~~^^^^^^^^^^^^^^^
  File "/mnt/aaa22500-1d14-4161-b361-89d4e7d74008/Apps/advisor-crm/venv/lib/python3.13/site-packages/django/template/engine.py", line 177, in get_template
    template, origin = self.find_template(template_name)
                       ~~~~~~~~~~~~~~~~~~^^^^^^^^^^^^^^^
  File "/mnt/aaa22500-1d14-4161-b361-89d4e7d74008/Apps/advisor-crm/venv/lib/python3.13/site-packages/django/template/engine.py", line 159, in find_template
    template = loader.get_template(name, skip=skip)
  File "/mnt/aaa22500-1d14-4161-b361-89d4e7d74008/Apps/advisor-crm/venv/lib/python3.13/site-packages/django/template/loaders/cached.py", line 57, in get_template
    template = super().get_template(template_name, skip)
  File "/mnt/aaa22500-1d14-4161-b361-89d4e7d74008/Apps/advisor-crm/venv/lib/python3.13/site-packages/django/template/loaders/base.py", line 28, in get_template
    return Template(
        contents,
    ...<2 lines>...
        self.engine,
    )
  File "/mnt/aaa22500-1d14-4161-b361-89d4e7d74008/Apps/advisor-crm/venv/lib/python3.13/site-packages/django/template/base.py", line 154, in __init__
    self.nodelist = self.compile_nodelist()
                    ~~~~~~~~~~~~~~~~~~~~~^^
  File "/mnt/aaa22500-1d14-4161-b361-89d4e7d74008/Apps/advisor-crm/venv/lib/python3.13/site-packages/django/template/base.py", line 196, in compile_nodelist
    nodelist = parser.parse()
  File "/mnt/aaa22500-1d14-4161-b361-89d4e7d74008/Apps/advisor-crm/venv/lib/python3.13/site-packages/django/template/base.py", line 518, in parse
    raise self.error(token, e)
  File "/mnt/aaa22500-1d14-4161-b361-89d4e7d74008/Apps/advisor-crm/venv/lib/python3.13/site-packages/django/template/base.py", line 516, in parse
    compiled_result = compile_func(self, token)
  File "/mnt/aaa22500-1d14-4161-b361-89d4e7d74008/Apps/advisor-crm/venv/lib/python3.13/site-packages/django/template/loader_tags.py", line 299, in do_extends
    nodelist = parser.parse()
  File "/mnt/aaa22500-1d14-4161-b361-89d4e7d74008/Apps/advisor-crm/venv/lib/python3.13/site-packages/django/template/base.py", line 512, in parse
    self.invalid_block_tag(token, command, parse_until)
    ~~~~~~~~~~~~~~~~~~~~~~^^^^^^^^^^^^^^^^^^^^^^^^^^^^^
  File "/mnt/aaa22500-1d14-4161-b361-89d4e7d74008/Apps/advisor-crm/venv/lib/python3.13/site-packages/django/template/base.py", line 577, in invalid_block_tag
    raise self.error(
    ...<3 lines>...
    )
django.template.exceptions.TemplateSyntaxError: Invalid block tag on line 6: 'endblock'. Did you forget to register or load this tag?
Internal Server Error: /renewals/
Traceback (most recent call last):
  File "/mnt/aaa22500-1d14-4161-b361-89d4e7d74008/Apps/advisor-crm/venv/lib/python3.13/site-packages/django/template/base.py", line 510, in parse
    compile_func = self.tags[command]
                   ~~~~~~~~~^^^^^^^^^
KeyError: 'endblock'

During handling of the above exception, another exception occurred:

Traceback (most recent call last):
  File "/mnt/aaa22500-1d14-4161-b361-89d4e7d74008/Apps/advisor-crm/venv/lib/python3.13/site-packages/django/core/handlers/exception.py", line 55, in inner
    response = get_response(request)
  File "/mnt/aaa22500-1d14-4161-b361-89d4e7d74008/Apps/advisor-crm/venv/lib/python3.13/site-packages/django/core/handlers/base.py", line 197, in _get_response
    response = wrapped_callback(request, *callback_args, **callback_kwargs)
  File "/mnt/aaa22500-1d14-4161-b361-89d4e7d74008/Apps/advisor-crm/venv/lib/python3.13/site-packages/django/contrib/auth/decorators.py", line 59, in _view_wrapper
    return view_func(request, *args, **kwargs)
  File "/mnt/aaa22500-1d14-4161-b361-89d4e7d74008/Apps/advisor-crm/advisor_crm/crm/views.py", line 283, in renewal_alerts
    return render(request, 'crm/renewal_alerts.html', context)
  File "/mnt/aaa22500-1d14-4161-b361-89d4e7d74008/Apps/advisor-crm/venv/lib/python3.13/site-packages/django/shortcuts.py", line 25, in render
    content = loader.render_to_string(template_name, context, request, using=using)
  File "/mnt/aaa22500-1d14-4161-b361-89d4e7d74008/Apps/advisor-crm/venv/lib/python3.13/site-packages/django/template/loader.py", line 61, in render_to_string
    template = get_template(template_name, using=using)
  File "/mnt/aaa22500-1d14-4161-b361-89d4e7d74008/Apps/advisor-crm/venv/lib/python3.13/site-packages/django/template/loader.py", line 15, in get_template
    return engine.get_template(template_name)
           ~~~~~~~~~~~~~~~~~~~^^^^^^^^^^^^^^^
  File "/mnt/aaa22500-1d14-4161-b361-89d4e7d74008/Apps/advisor-crm/venv/lib/python3.13/site-packages/django/template/backends/django.py", line 79, in get_template
    return Template(self.engine.get_template(template_name), self)
                    ~~~~~~~~~~~~~~~~~~~~~~~~^^^^^^^^^^^^^^^
  File "/mnt/aaa22500-1d14-4161-b361-89d4e7d74008/Apps/advisor-crm/venv/lib/python3.13/site-packages/django/template/engine.py", line 177, in get_template
    template, origin = self.find_template(template_name)
                       ~~~~~~~~~~~~~~~~~~^^^^^^^^^^^^^^^
  File "/mnt/aaa22500-1d14-4161-b361-89d4e7d74008/Apps/advisor-crm/venv/lib/python3.13/site-packages/django/template/engine.py", line 159, in find_template
    template = loader.get_template(name, skip=skip)
  File "/mnt/aaa22500-1d14-4161-b361-89d4e7d74008/Apps/advisor-crm/venv/lib/python3.13/site-packages/django/template/loaders/cached.py", line 57, in get_template
    template = super().get_template(template_name, skip)
  File "/mnt/aaa22500-1d14-4161-b361-89d4e7d74008/Apps/advisor-crm/venv/lib/python3.13/site-packages/django/template/loaders/base.py", line 28, in get_template
    return Template(
        contents,
    ...<2 lines>...
        self.engine,
    )
  File "/mnt/aaa22500-1d14-4161-b361-89d4e7d74008/Apps/advisor-crm/venv/lib/python3.13/site-packages/django/template/base.py", line 154, in __init__
    self.nodelist = self.compile_nodelist()
                    ~~~~~~~~~~~~~~~~~~~~~^^
  File "/mnt/aaa22500-1d14-4161-b361-89d4e7d74008/Apps/advisor-crm/venv/lib/python3.13/site-packages/django/template/base.py", line 196, in compile_nodelist
    nodelist = parser.parse()
  File "/mnt/aaa22500-1d14-4161-b361-89d4e7d74008/Apps/advisor-crm/venv/lib/python3.13/site-packages/django/template/base.py", line 518, in parse
    raise self.error(token, e)
  File "/mnt/aaa22500-1d14-4161-b361-89d4e7d74008/Apps/advisor-crm/venv/lib/python3.13/site-packages/django/template/base.py", line 516, in parse
    compiled_result = compile_func(self, token)
  File "/mnt/aaa22500-1d14-4161-b361-89d4e7d74008/Apps/advisor-crm/venv/lib/python3.13/site-packages/django/template/loader_tags.py", line 299, in do_extends
    nodelist = parser.parse()
  File "/mnt/aaa22500-1d14-4161-b361-89d4e7d74008/Apps/advisor-crm/venv/lib/python3.13/site-packages/django/template/base.py", line 512, in parse
    self.invalid_block_tag(token, command, parse_until)
    ~~~~~~~~~~~~~~~~~~~~~~^^^^^^^^^^^^^^^^^^^^^^^^^^^^^
  File "/mnt/aaa22500-1d14-4161-b361-89d4e7d74008/Apps/advisor-crm/venv/lib/python3.13/site-packages/django/template/base.py", line 577, in invalid_block_tag
    raise self.error(
    ...<3 lines>...
    )
django.template.exceptions.TemplateSyntaxError: Invalid block tag on line 6: 'endblock'. Did you forget to register or load this tag?
Internal Server Error: /renewals/
Traceback (most recent call last):
  File "/mnt/aaa22500-1d14-4161-b361-89d4e7d74008/Apps/advisor-crm/venv/lib/python3.13/site-packages/django/template/base.py", line 510, in parse
    compile_func = self.tags[command]
                   ~~~~~~~~~^^^^^^^^^
KeyError: 'endblock'

During handling of the above exception, another exception occurred:

Traceback (most recent call last):
  File "/mnt/aaa22500-1d14-4161-b361-89d4e7d74008/Apps/advisor-crm/venv/lib/python3.13/site-packages/django/core/handlers/exception.py", line 55, in inner
    response = get_response(request)
  File "/mnt/aaa22500-1d14-4161-b361-89d4e7d74008/Apps/advisor-crm/venv/lib/python3.13/site-packages/django/core/handlers/base.py", line 197, in _get_response
    response = wrapped_callback(request, *callback_args, **callback_kwargs)
  File "/mnt/aaa22500-1d14-4161-b361-89d4e7d74008/Apps/advisor-crm/venv/lib/python3.13/site-packages/django/contrib/auth/decorators.py", line 59, in _view_wrapper
    return view_func(request, *args, **kwargs)
  File "/mnt/aaa22500-1d14-4161-b361-89d4e7d74008/Apps/advisor-crm/advisor_crm/crm/views.py", line 283, in renewal_alerts
    return render(request, 'crm/renewal_alerts.html', context)
  File "/mnt/aaa22500-1d14-4161-b361-89d4e7d74008/Apps/advisor-crm/venv/lib/python3.13/site-packages/django/shortcuts.py", line 25, in render
    content = loader.render_to_string(template_name, context, request, using=using)
  File "/mnt/aaa22500-1d14-4161-b361-89d4e7d74008/Apps/advisor-crm/venv/lib/python3.13/site-packages/django/template/loader.py", line 61, in render_to_string
    template = get_template(template_name, using=using)
  File "/mnt/aaa22500-1d14-4161-b361-89d4e7d74008/Apps/advisor-crm/venv/lib/python3.13/site-packages/django/template/loader.py", line 15, in get_template
    return engine.get_template(template_name)
           ~~~~~~~~~~~~~~~~~~~^^^^^^^^^^^^^^^
  File "/mnt/aaa22500-1d14-4161-b361-89d4e7d74008/Apps/advisor-crm/venv/lib/python3.13/site-packages/django/template/backends/django.py", line 79, in get_template
    return Template(self.engine.get_template(template_name), self)
                    ~~~~~~~~~~~~~~~~~~~~~~~~^^^^^^^^^^^^^^^
  File "/mnt/aaa22500-1d14-4161-b361-89d4e7d74008/Apps/advisor-crm/venv/lib/python3.13/site-packages/django/template/engine.py", line 177, in get_template
    template, origin = self.find_template(template_name)
                       ~~~~~~~~~~~~~~~~~~^^^^^^^^^^^^^^^
  File "/mnt/aaa22500-1d14-4161-b361-89d4e7d74008/Apps/advisor-crm/venv/lib/python3.13/site-packages/django/template/engine.py", line 159, in find_template
    template = loader.get_template(name, skip=skip)
  File "/mnt/aaa22500-1d14-4161-b361-89d4e7d74008/Apps/advisor-crm/venv/lib/python3.13/site-packages/django/template/loaders/cached.py", line 57, in get_template
    template = super().get_template(template_name, skip)
  File "/mnt/aaa22500-1d14-4161-b361-89d4e7d74008/Apps/advisor-crm/venv/lib/python3.13/site-packages/django/template/loaders/base.py", line 28, in get_template
    return Template(
        contents,
    ...<2 lines>...
        self.engine,
    )
  File "/mnt/aaa22500-1d14-4161-b361-89d4e7d74008/Apps/advisor-crm/venv/lib/python3.13/site-packages/django/template/base.py", line 154, in __init__
    self.nodelist = self.compile_nodelist()
                    ~~~~~~~~~~~~~~~~~~~~~^^
  File "/mnt/aaa22500-1d14-4161-b361-89d4e7d74008/Apps/advisor-crm/venv/lib/python3.13/site-packages/django/template/base.py", line 196, in compile_nodelist
    nodelist = parser.parse()
  File "/mnt/aaa22500-1d14-4161-b361-89d4e7d74008/Apps/advisor-crm/venv/lib/python3.13/site-packages/django/template/base.py", line 518, in parse
    raise self.error(token, e)
  File "/mnt/aaa22500-1d14-4161-b361-89d4e7d74008/Apps/advisor-crm/venv/lib/python3.13/site-packages/django/template/base.py", line 516, in parse
    compiled_result = compile_func(self, token)
  File "/mnt/aaa22500-1d14-4161-b361-89d4e7d74008/Apps/advisor-crm/venv/lib/python3.13/site-packages/django/template/loader_tags.py", line 299, in do_extends
    nodelist = parser.parse()
  File "/mnt/aaa22500-1d14-4161-b361-89d4e7d74008/Apps/advisor-crm/venv/lib/python3.13/site-packages/django/template/base.py", line 512, in parse
    self.invalid_block_tag(token, command, parse_until)
    ~~~~~~~~~~~~~~~~~~~~~~^^^^^^^^^^^^^^^^^^^^^^^^^^^^^
  File "/mnt/aaa22500-1d14-4161-b361-89d4e7d74008/Apps/advisor-crm/venv/lib/python3.13/site-packages/django/template/base.py", line 577, in invalid_block_tag
    raise self.error(
    ...<3 lines>...
    )
django.template.exceptions.TemplateSyntaxError: Invalid block tag on line 5: 'endblock'. Did you forget to register or load this tag?
Internal Server Error: /renewals/
Traceback (most recent call last):
  File "/mnt/aaa22500-1d14-4161-b361-89d4e7d74008/Apps/advisor-crm/venv/lib/python3.13/site-packages/django/template/base.py", line 510, in parse
    compile_func = self.tags[command]
                   ~~~~~~~~~^^^^^^^^^
KeyError: 'endblock'

During handling of the above exception, another exception occurred:

Traceback (most recent call last):
  File "/mnt/aaa22500-1d14-4161-b361-89d4e7d74008/Apps/advisor-crm/venv/lib/python3.13/site-packages/django/core/handlers/exception.py", line 55, in inner
    response = get_response(request)
  File "/mnt/aaa22500-1d14-4161-b361-89d4e7d74008/Apps/advisor-crm/venv/lib/python3.13/site-packages/django/core/handlers/base.py", line 197, in _get_response
    response = wrapped_callback(request, *callback_args, **callback_kwargs)
  File "/mnt/aaa22500-1d14-4161-b361-89d4e7d74008/Apps/advisor-crm/venv/lib/python3.13/site-packages/django/contrib/auth/decorators.py", line 59, in _view_wrapper
    return view_func(request, *args, **kwargs)
  File "/mnt/aaa22500-1d14-4161-b361-89d4e7d74008/Apps/advisor-crm/advisor_crm/crm/views.py", line 283, in renewal_alerts
    return render(request, 'crm/renewal_alerts.html', context)
  File "/mnt/aaa22500-1d14-4161-b361-89d4e7d74008/Apps/advisor-crm/venv/lib/python3.13/site-packages/django/shortcuts.py", line 25, in render
    content = loader.render_to_string(template_name, context, request, using=using)
  File "/mnt/aaa22500-1d14-4161-b361-89d4e7d74008/Apps/advisor-crm/venv/lib/python3.13/site-packages/django/template/loader.py", line 61, in render_to_string
    template = get_template(template_name, using=using)
  File "/mnt/aaa22500-1d14-4161-b361-89d4e7d74008/Apps/advisor-crm/venv/lib/python3.13/site-packages/django/template/loader.py", line 15, in get_template
    return engine.get_template(template_name)
           ~~~~~~~~~~~~~~~~~~~^^^^^^^^^^^^^^^
  File "/mnt/aaa22500-1d14-4161-b361-89d4e7d74008/Apps/advisor-crm/venv/lib/python3.13/site-packages/django/template/backends/django.py", line 79, in get_template
    return Template(self.engine.get_template(template_name), self)
                    ~~~~~~~~~~~~~~~~~~~~~~~~^^^^^^^^^^^^^^^
  File "/mnt/aaa22500-1d14-4161-b361-89d4e7d74008/Apps/advisor-crm/venv/lib/python3.13/site-packages/django/template/engine.py", line 177, in get_template
    template, origin = self.find_template(template_name)
                       ~~~~~~~~~~~~~~~~~~^^^^^^^^^^^^^^^
  File "/mnt/aaa22500-1d14-4161-b361-89d4e7d74008/Apps/advisor-crm/venv/lib/python3.13/site-packages/django/template/engine.py", line 159, in find_template
    template = loader.get_template(name, skip=skip)
  File "/mnt/aaa22500-1d14-4161-b361-89d4e7d74008/Apps/advisor-crm/venv/lib/python3.13/site-packages/django/template/loaders/cached.py", line 57, in get_template
    template = super().get_template(template_name, skip)
  File "/mnt/aaa22500-1d14-4161-b361-89d4e7d74008/Apps/advisor-crm/venv/lib/python3.13/site-packages/django/template/loaders/base.py", line 28, in get_template
    return Template(
        contents,
    ...<2 lines>...
        self.engine,
    )
  File "/mnt/aaa22500-1d14-4161-b361-89d4e7d74008/Apps/advisor-crm/venv/lib/python3.13/site-packages/django/template/base.py", line 154, in __init__
    self.nodelist = self.compile_nodelist()
                    ~~~~~~~~~~~~~~~~~~~~~^^
  File "/mnt/aaa22500-1d14-4161-b361-89d4e7d74008/Apps/advisor-crm/venv/lib/python3.13/site-packages/django/template/base.py", line 196, in compile_nodelist
    nodelist = parser.parse()
  File "/mnt/aaa22500-1d14-4161-b361-89d4e7d74008/Apps/advisor-crm/venv/lib/python3.13/site-packages/django/template/base.py", line 518, in parse
    raise self.error(token, e)
  File "/mnt/aaa22500-1d14-4161-b361-89d4e7d74008/Apps/advisor-crm/venv/lib/python3.13/site-packages/django/template/base.py", line 516, in parse
    compiled_result = compile_func(self, token)
  File "/mnt/aaa22500-1d14-4161-b361-89d4e7d74008/Apps/advisor-crm/venv/lib/python3.13/site-packages/django/template/loader_tags.py", line 299, in do_extends
    nodelist = parser.parse()
  File "/mnt/aaa22500-1d14-4161-b361-89d4e7d74008/Apps/advisor-crm/venv/lib/python3.13/site-packages/django/template/base.py", line 512, in parse
    self.invalid_block_tag(token, command, parse_until)
    ~~~~~~~~~~~~~~~~~~~~~~^^^^^^^^^^^^^^^^^^^^^^^^^^^^^
  File "/mnt/aaa22500-1d14-4161-b361-89d4e7d74008/Apps/advisor-crm/venv/lib/python3.13/site-packages/django/template/base.py", line 577, in invalid_block_tag
    raise self.error(
    ...<3 lines>...
    )
django.template.exceptions.TemplateSyntaxError: Invalid block tag on line 5: 'endblock'. Did you forget to register or load this tag?
Internal Server Error: /renewals/
Traceback (most recent call last):
  File "/mnt/aaa22500-1d14-4161-b361-89d4e7d74008/Apps/advisor-crm/venv/lib/python3.13/site-packages/django/template/base.py", line 510, in parse
    compile_func = self.tags[command]
                   ~~~~~~~~~^^^^^^^^^
KeyError: 'endblock'

During handling of the above exception, another exception occurred:

Traceback (most recent call last):
  File "/mnt/aaa22500-1d14-4161-b361-89d4e7d74008/Apps/advisor-crm/venv/lib/python3.13/site-packages/django/core/handlers/exception.py", line 55, in inner
    response = get_response(request)
  File "/mnt/aaa22500-1d14-4161-b361-89d4e7d74008/Apps/advisor-crm/venv/lib/python3.13/site-packages/django/core/handlers/base.py", line 197, in _get_response
    response = wrapped_callback(request, *callback_args, **callback_kwargs)
  File "/mnt/aaa22500-1d14-4161-b361-89d4e7d74008/Apps/advisor-crm/venv/lib/python3.13/site-packages/django/contrib/auth/decorators.py", line 59, in _view_wrapper
    return view_func(request, *args, **kwargs)
  File "/mnt/aaa22500-1d14-4161-b361-89d4e7d74008/Apps/advisor-crm/advisor_crm/crm/views.py", line 283, in renewal_alerts
    return render(request, 'crm/renewal_alerts.html', context)
  File "/mnt/aaa22500-1d14-4161-b361-89d4e7d74008/Apps/advisor-crm/venv/lib/python3.13/site-packages/django/shortcuts.py", line 25, in render
    content = loader.render_to_string(template_name, context, request, using=using)
  File "/mnt/aaa22500-1d14-4161-b361-89d4e7d74008/Apps/advisor-crm/venv/lib/python3.13/site-packages/django/template/loader.py", line 61, in render_to_string
    template = get_template(template_name, using=using)
  File "/mnt/aaa22500-1d14-4161-b361-89d4e7d74008/Apps/advisor-crm/venv/lib/python3.13/site-packages/django/template/loader.py", line 15, in get_template
    return engine.get_template(template_name)
           ~~~~~~~~~~~~~~~~~~~^^^^^^^^^^^^^^^
  File "/mnt/aaa22500-1d14-4161-b361-89d4e7d74008/Apps/advisor-crm/venv/lib/python3.13/site-packages/django/template/backends/django.py", line 79, in get_template
    return Template(self.engine.get_template(template_name), self)
                    ~~~~~~~~~~~~~~~~~~~~~~~~^^^^^^^^^^^^^^^
  File "/mnt/aaa22500-1d14-4161-b361-89d4e7d74008/Apps/advisor-crm/venv/lib/python3.13/site-packages/django/template/engine.py", line 177, in get_template
    template, origin = self.find_template(template_name)
                       ~~~~~~~~~~~~~~~~~~^^^^^^^^^^^^^^^
  File "/mnt/aaa22500-1d14-4161-b361-89d4e7d74008/Apps/advisor-crm/venv/lib/python3.13/site-packages/django/template/engine.py", line 159, in find_template
    template = loader.get_template(name, skip=skip)
  File "/mnt/aaa22500-1d14-4161-b361-89d4e7d74008/Apps/advisor-crm/venv/lib/python3.13/site-packages/django/template/loaders/cached.py", line 57, in get_template
    template = super().get_template(template_name, skip)
  File "/mnt/aaa22500-1d14-4161-b361-89d4e7d74008/Apps/advisor-crm/venv/lib/python3.13/site-packages/django/template/loaders/base.py", line 28, in get_template
    return Template(
        contents,
    ...<2 lines>...
        self.engine,
    )
  File "/mnt/aaa22500-1d14-4161-b361-89d4e7d74008/Apps/advisor-crm/venv/lib/python3.13/site-packages/django/template/base.py", line 154, in __init__
    self.nodelist = self.compile_nodelist()
                    ~~~~~~~~~~~~~~~~~~~~~^^
  File "/mnt/aaa22500-1d14-4161-b361-89d4e7d74008/Apps/advisor-crm/venv/lib/python3.13/site-packages/django/template/base.py", line 196, in compile_nodelist
    nodelist = parser.parse()
  File "/mnt/aaa22500-1d14-4161-b361-89d4e7d74008/Apps/advisor-crm/venv/lib/python3.13/site-packages/django/template/base.py", line 518, in parse
    raise self.error(token, e)
  File "/mnt/aaa22500-1d14-4161-b361-89d4e7d74008/Apps/advisor-crm/venv/lib/python3.13/site-packages/django/template/base.py", line 516, in parse
    compiled_result = compile_func(self, token)
  File "/mnt/aaa22500-1d14-4161-b361-89d4e7d74008/Apps/advisor-crm/venv/lib/python3.13/site-packages/django/template/loader_tags.py", line 299, in do_extends
    nodelist = parser.parse()
  File "/mnt/aaa22500-1d14-4161-b361-89d4e7d74008/Apps/advisor-crm/venv/lib/python3.13/site-packages/django/template/base.py", line 512, in parse
    self.invalid_block_tag(token, command, parse_until)
    ~~~~~~~~~~~~~~~~~~~~~~^^^^^^^^^^^^^^^^^^^^^^^^^^^^^
  File "/mnt/aaa22500-1d14-4161-b361-89d4e7d74008/Apps/advisor-crm/venv/lib/python3.13/site-packages/django/template/base.py", line 577, in invalid_block_tag
    raise self.error(
    ...<3 lines>...
    )
django.template.exceptions.TemplateSyntaxError: Invalid block tag on line 5: 'endblock'. Did you forget to register or load this tag?
Internal Server Error: /customers/add/
Traceback (most recent call last):
  File "/mnt/aaa22500-1d14-4161-b361-89d4e7d74008/Apps/advisor-crm/venv/lib/python3.13/site-packages/django/core/handlers/exception.py", line 55, in inner
    response = get_response(request)
  File "/mnt/aaa22500-1d14-4161-b361-89d4e7d74008/Apps/advisor-crm/venv/lib/python3.13/site-packages/django/core/handlers/base.py", line 220, in _get_response
    response = response.render()
  File "/mnt/aaa22500-1d14-4161-b361-89d4e7d74008/Apps/advisor-crm/venv/lib/python3.13/site-packages/django/template/response.py", line 114, in render
    self.content = self.rendered_content
                   ^^^^^^^^^^^^^^^^^^^^^
  File "/mnt/aaa22500-1d14-4161-b361-89d4e7d74008/Apps/advisor-crm/venv/lib/python3.13/site-packages/django/template/response.py", line 90, in rendered_content
    template = self.resolve_template(self.template_name)
  File "/mnt/aaa22500-1d14-4161-b361-89d4e7d74008/Apps/advisor-crm/venv/lib/python3.13/site-packages/django/template/response.py", line 72, in resolve_template
    return select_template(template, using=self.using)
  File "/mnt/aaa22500-1d14-4161-b361-89d4e7d74008/Apps/advisor-crm/venv/lib/python3.13/site-packages/django/template/loader.py", line 47, in select_template
    raise TemplateDoesNotExist(", ".join(template_name_list), chain=chain)
django.template.exceptions.TemplateDoesNotExist: crm/customer_form.html
Internal Server Error: /applications/add/
Traceback (most recent call last):
  File "/mnt/aaa22500-1d14-4161-b361-89d4e7d74008/Apps/advisor-crm/venv/lib/python3.13/site-packages/django/core/handlers/exception.py", line 55, in inner
    response = get_response(request)
  File "/mnt/aaa22500-1d14-4161-b361-89d4e7d74008/Apps/advisor-crm/venv/lib/python3.13/site-packages/django/core/handlers/base.py", line 220, in _get_response
    response = response.render()
  File "/mnt/aaa22500-1d14-4161-b361-89d4e7d74008/Apps/advisor-crm/venv/lib/python3.13/site-packages/django/template/response.py", line 114, in render
    self.content = self.rendered_content
                   ^^^^^^^^^^^^^^^^^^^^^
  File "/mnt/aaa22500-1d14-4161-b361-89d4e7d74008/Apps/advisor-crm/venv/lib/python3.13/site-packages/django/template/response.py", line 92, in rendered_content
    return template.render(context, self._request)
           ~~~~~~~~~~~~~~~^^^^^^^^^^^^^^^^^^^^^^^^
  File "/mnt/aaa22500-1d14-4161-b361-89d4e7d74008/Apps/advisor-crm/venv/lib/python3.13/site-packages/django/template/backends/django.py", line 107, in render
    return self.template.render(context)
           ~~~~~~~~~~~~~~~~~~~~^^^^^^^^^
  File "/mnt/aaa22500-1d14-4161-b361-89d4e7d74008/Apps/advisor-crm/venv/lib/python3.13/site-packages/django/template/base.py", line 171, in render
    return self._render(context)
           ~~~~~~~~~~~~^^^^^^^^^
  File "/mnt/aaa22500-1d14-4161-b361-89d4e7d74008/Apps/advisor-crm/venv/lib/python3.13/site-packages/django/template/base.py", line 163, in _render
    return self.nodelist.render(context)
           ~~~~~~~~~~~~~~~~~~~~^^^^^^^^^
  File "/mnt/aaa22500-1d14-4161-b361-89d4e7d74008/Apps/advisor-crm/venv/lib/python3.13/site-packages/django/template/base.py", line 1016, in render
    return SafeString("".join([node.render_annotated(context) for node in self]))
                               ~~~~~~~~~~~~~~~~~~~~~^^^^^^^^^
  File "/mnt/aaa22500-1d14-4161-b361-89d4e7d74008/Apps/advisor-crm/venv/lib/python3.13/site-packages/django/template/base.py", line 977, in render_annotated
    return self.render(context)
           ~~~~~~~~~~~^^^^^^^^^
  File "/mnt/aaa22500-1d14-4161-b361-89d4e7d74008/Apps/advisor-crm/venv/lib/python3.13/site-packages/django/template/loader_tags.py", line 159, in render
    return compiled_parent._render(context)
           ~~~~~~~~~~~~~~~~~~~~~~~^^^^^^^^^
  File "/mnt/aaa22500-1d14-4161-b361-89d4e7d74008/Apps/advisor-crm/venv/lib/python3.13/site-packages/django/template/base.py", line 163, in _render
    return self.nodelist.render(context)
           ~~~~~~~~~~~~~~~~~~~~^^^^^^^^^
  File "/mnt/aaa22500-1d14-4161-b361-89d4e7d74008/Apps/advisor-crm/venv/lib/python3.13/site-packages/django/template/base.py", line 1016, in render
    return SafeString("".join([node.render_annotated(context) for node in self]))
                               ~~~~~~~~~~~~~~~~~~~~~^^^^^^^^^
  File "/mnt/aaa22500-1d14-4161-b361-89d4e7d74008/Apps/advisor-crm/venv/lib/python3.13/site-packages/django/template/base.py", line 977, in render_annotated
    return self.render(context)
           ~~~~~~~~~~~^^^^^^^^^
  File "/mnt/aaa22500-1d14-4161-b361-89d4e7d74008/Apps/advisor-crm/venv/lib/python3.13/site-packages/django/template/loader_tags.py", line 65, in render
    result = block.nodelist.render(context)
  File "/mnt/aaa22500-1d14-4161-b361-89d4e7d74008/Apps/advisor-crm/venv/lib/python3.13/site-packages/django/template/base.py", line 1016, in render
    return SafeString("".join([node.render_annotated(context) for node in self]))
                               ~~~~~~~~~~~~~~~~~~~~~^^^^^^^^^
  File "/mnt/aaa22500-1d14-4161-b361-89d4e7d74008/Apps/advisor-crm/venv/lib/python3.13/site-packages/django/template/base.py", line 977, in render_annotated
    return self.render(context)
           ~~~~~~~~~~~^^^^^^^^^
  File "/mnt/aaa22500-1d14-4161-b361-89d4e7d74008/Apps/advisor-crm/venv/lib/python3.13/site-packages/django/template/defaulttags.py", line 480, in render
    url = reverse(view_name, args=args, kwargs=kwargs, current_app=current_app)
  File "/mnt/aaa22500-1d14-4161-b361-89d4e7d74008/Apps/advisor-crm/venv/lib/python3.13/site-packages/django/urls/base.py", line 98, in reverse
    resolved_url = resolver._reverse_with_prefix(view, prefix, *args, **kwargs)
  File "/mnt/aaa22500-1d14-4161-b361-89d4e7d74008/Apps/advisor-crm/venv/lib/python3.13/site-packages/django/urls/resolvers.py", line 831, in _reverse_with_prefix
    raise NoReverseMatch(msg)
django.urls.exceptions.NoReverseMatch: Reverse for 'applications' not found. 'applications' is not a valid view function or pattern name.
Internal Server Error: /applications/add/
Traceback (most recent call last):
  File "/mnt/aaa22500-1d14-4161-b361-89d4e7d74008/Apps/advisor-crm/venv/lib/python3.13/site-packages/django/core/handlers/exception.py", line 55, in inner
    response = get_response(request)
  File "/mnt/aaa22500-1d14-4161-b361-89d4e7d74008/Apps/advisor-crm/venv/lib/python3.13/site-packages/django/core/handlers/base.py", line 220, in _get_response
    response = response.render()
  File "/mnt/aaa22500-1d14-4161-b361-89d4e7d74008/Apps/advisor-crm/venv/lib/python3.13/site-packages/django/template/response.py", line 114, in render
    self.content = self.rendered_content
                   ^^^^^^^^^^^^^^^^^^^^^
  File "/mnt/aaa22500-1d14-4161-b361-89d4e7d74008/Apps/advisor-crm/venv/lib/python3.13/site-packages/django/template/response.py", line 92, in rendered_content
    return template.render(context, self._request)
           ~~~~~~~~~~~~~~~^^^^^^^^^^^^^^^^^^^^^^^^
  File "/mnt/aaa22500-1d14-4161-b361-89d4e7d74008/Apps/advisor-crm/venv/lib/python3.13/site-packages/django/template/backends/django.py", line 107, in render
    return self.template.render(context)
           ~~~~~~~~~~~~~~~~~~~~^^^^^^^^^
  File "/mnt/aaa22500-1d14-4161-b361-89d4e7d74008/Apps/advisor-crm/venv/lib/python3.13/site-packages/django/template/base.py", line 171, in render
    return self._render(context)
           ~~~~~~~~~~~~^^^^^^^^^
  File "/mnt/aaa22500-1d14-4161-b361-89d4e7d74008/Apps/advisor-crm/venv/lib/python3.13/site-packages/django/template/base.py", line 163, in _render
    return self.nodelist.render(context)
           ~~~~~~~~~~~~~~~~~~~~^^^^^^^^^
  File "/mnt/aaa22500-1d14-4161-b361-89d4e7d74008/Apps/advisor-crm/venv/lib/python3.13/site-packages/django/template/base.py", line 1016, in render
    return SafeString("".join([node.render_annotated(context) for node in self]))
                               ~~~~~~~~~~~~~~~~~~~~~^^^^^^^^^
  File "/mnt/aaa22500-1d14-4161-b361-89d4e7d74008/Apps/advisor-crm/venv/lib/python3.13/site-packages/django/template/base.py", line 977, in render_annotated
    return self.render(context)
           ~~~~~~~~~~~^^^^^^^^^
  File "/mnt/aaa22500-1d14-4161-b361-89d4e7d74008/Apps/advisor-crm/venv/lib/python3.13/site-packages/django/template/loader_tags.py", line 159, in render
    return compiled_parent._render(context)
           ~~~~~~~~~~~~~~~~~~~~~~~^^^^^^^^^
  File "/mnt/aaa22500-1d14-4161-b361-89d4e7d74008/Apps/advisor-crm/venv/lib/python3.13/site-packages/django/template/base.py", line 163, in _render
    return self.nodelist.render(context)
           ~~~~~~~~~~~~~~~~~~~~^^^^^^^^^
  File "/mnt/aaa22500-1d14-4161-b361-89d4e7d74008/Apps/advisor-crm/venv/lib/python3.13/site-packages/django/template/base.py", line 1016, in render
    return SafeString("".join([node.render_annotated(context) for node in self]))
                               ~~~~~~~~~~~~~~~~~~~~~^^^^^^^^^
  File "/mnt/aaa22500-1d14-4161-b361-89d4e7d74008/Apps/advisor-crm/venv/lib/python3.13/site-packages/django/template/base.py", line 977, in render_annotated
    return self.render(context)
           ~~~~~~~~~~~^^^^^^^^^
  File "/mnt/aaa22500-1d14-4161-b361-89d4e7d74008/Apps/advisor-crm/venv/lib/python3.13/site-packages/django/template/loader_tags.py", line 65, in render
    result = block.nodelist.render(context)
  File "/mnt/aaa22500-1d14-4161-b361-89d4e7d74008/Apps/advisor-crm/venv/lib/python3.13/site-packages/django/template/base.py", line 1016, in render
    return SafeString("".join([node.render_annotated(context) for node in self]))
                               ~~~~~~~~~~~~~~~~~~~~~^^^^^^^^^
  File "/mnt/aaa22500-1d14-4161-b361-89d4e7d74008/Apps/advisor-crm/venv/lib/python3.13/site-packages/django/template/base.py", line 977, in render_annotated
    return self.render(context)
           ~~~~~~~~~~~^^^^^^^^^
  File "/mnt/aaa22500-1d14-4161-b361-89d4e7d74008/Apps/advisor-crm/venv/lib/python3.13/site-packages/django/template/defaulttags.py", line 480, in render
    url = reverse(view_name, args=args, kwargs=kwargs, current_app=current_app)
  File "/mnt/aaa22500-1d14-4161-b361-89d4e7d74008/Apps/advisor-crm/venv/lib/python3.13/site-packages/django/urls/base.py", line 98, in reverse
    resolved_url = resolver._reverse_with_prefix(view, prefix, *args, **kwargs)
  File "/mnt/aaa22500-1d14-4161-b361-89d4e7d74008/Apps/advisor-crm/venv/lib/python3.13/site-packages/django/urls/resolvers.py", line 831, in _reverse_with_prefix
    raise NoReverseMatch(msg)
django.urls.exceptions.NoReverseMatch: Reverse for 'application' not found. 'application' is not a valid view function or pattern name.
Internal Server Error: /applications/add/
Traceback (most recent call last):
  File "/mnt/aaa22500-1d14-4161-b361-89d4e7d74008/Apps/advisor-crm/venv/lib/python3.13/site-packages/django/core/handlers/exception.py", line 55, in inner
    response = get_response(request)
  File "/mnt/aaa22500-1d14-4161-b361-89d4e7d74008/Apps/advisor-crm/venv/lib/python3.13/site-packages/django/core/handlers/base.py", line 220, in _get_response
    response = response.render()
  File "/mnt/aaa22500-1d14-4161-b361-89d4e7d74008/Apps/advisor-crm/venv/lib/python3.13/site-packages/django/template/response.py", line 114, in render
    self.content = self.rendered_content
                   ^^^^^^^^^^^^^^^^^^^^^
  File "/mnt/aaa22500-1d14-4161-b361-89d4e7d74008/Apps/advisor-crm/venv/lib/python3.13/site-packages/django/template/response.py", line 92, in rendered_content
    return template.render(context, self._request)
           ~~~~~~~~~~~~~~~^^^^^^^^^^^^^^^^^^^^^^^^
  File "/mnt/aaa22500-1d14-4161-b361-89d4e7d74008/Apps/advisor-crm/venv/lib/python3.13/site-packages/django/template/backends/django.py", line 107, in render
    return self.template.render(context)
           ~~~~~~~~~~~~~~~~~~~~^^^^^^^^^
  File "/mnt/aaa22500-1d14-4161-b361-89d4e7d74008/Apps/advisor-crm/venv/lib/python3.13/site-packages/django/template/base.py", line 171, in render
    return self._render(context)
           ~~~~~~~~~~~~^^^^^^^^^
  File "/mnt/aaa22500-1d14-4161-b361-89d4e7d74008/Apps/advisor-crm/venv/lib/python3.13/site-packages/django/template/base.py", line 163, in _render
    return self.nodelist.render(context)
           ~~~~~~~~~~~~~~~~~~~~^^^^^^^^^
  File "/mnt/aaa22500-1d14-4161-b361-89d4e7d74008/Apps/advisor-crm/venv/lib/python3.13/site-packages/django/template/base.py", line 1016, in render
    return SafeString("".join([node.render_annotated(context) for node in self]))
                               ~~~~~~~~~~~~~~~~~~~~~^^^^^^^^^
  File "/mnt/aaa22500-1d14-4161-b361-89d4e7d74008/Apps/advisor-crm/venv/lib/python3.13/site-packages/django/template/base.py", line 977, in render_annotated
    return self.render(context)
           ~~~~~~~~~~~^^^^^^^^^
  File "/mnt/aaa22500-1d14-4161-b361-89d4e7d74008/Apps/advisor-crm/venv/lib/python3.13/site-packages/django/template/loader_tags.py", line 159, in render
    return compiled_parent._render(context)
           ~~~~~~~~~~~~~~~~~~~~~~~^^^^^^^^^
  File "/mnt/aaa22500-1d14-4161-b361-89d4e7d74008/Apps/advisor-crm/venv/lib/python3.13/site-packages/django/template/base.py", line 163, in _render
    return self.nodelist.render(context)
           ~~~~~~~~~~~~~~~~~~~~^^^^^^^^^
  File "/mnt/aaa22500-1d14-4161-b361-89d4e7d74008/Apps/advisor-crm/venv/lib/python3.13/site-packages/django/template/base.py", line 1016, in render
    return SafeString("".join([node.render_annotated(context) for node in self]))
                               ~~~~~~~~~~~~~~~~~~~~~^^^^^^^^^
  File "/mnt/aaa22500-1d14-4161-b361-89d4e7d74008/Apps/advisor-crm/venv/lib/python3.13/site-packages/django/template/base.py", line 977, in render_annotated
    return self.render(context)
           ~~~~~~~~~~~^^^^^^^^^
  File "/mnt/aaa22500-1d14-4161-b361-89d4e7d74008/Apps/advisor-crm/venv/lib/python3.13/site-packages/django/template/loader_tags.py", line 65, in render
    result = block.nodelist.render(context)
  File "/mnt/aaa22500-1d14-4161-b361-89d4e7d74008/Apps/advisor-crm/venv/lib/python3.13/site-packages/django/template/base.py", line 1016, in render
    return SafeString("".join([node.render_annotated(context) for node in self]))
                               ~~~~~~~~~~~~~~~~~~~~~^^^^^^^^^
  File "/mnt/aaa22500-1d14-4161-b361-89d4e7d74008/Apps/advisor-crm/venv/lib/python3.13/site-packages/django/template/base.py", line 977, in render_annotated
    return self.render(context)
           ~~~~~~~~~~~^^^^^^^^^
  File "/mnt/aaa22500-1d14-4161-b361-89d4e7d74008/Apps/advisor-crm/venv/lib/python3.13/site-packages/django/template/defaulttags.py", line 480, in render
    url = reverse(view_name, args=args, kwargs=kwargs, current_app=current_app)
  File "/mnt/aaa22500-1d14-4161-b361-89d4e7d74008/Apps/advisor-crm/venv/lib/python3.13/site-packages/django/urls/base.py", line 98, in reverse
    resolved_url = resolver._reverse_with_prefix(view, prefix, *args, **kwargs)
  File "/mnt/aaa22500-1d14-4161-b361-89d4e7d74008/Apps/advisor-crm/venv/lib/python3.13/site-packages/django/urls/resolvers.py", line 831, in _reverse_with_prefix
    raise NoReverseMatch(msg)
django.urls.exceptions.NoReverseMatch: Reverse for 'application' not found. 'application' is not a valid view function or pattern name.
Internal Server Error: /applications/add/
Traceback (most recent call last):
  File "/mnt/aaa22500-1d14-4161-b361-89d4e7d74008/Apps/advisor-crm/venv/lib/python3.13/site-packages/django/core/handlers/exception.py", line 55, in inner
    response = get_response(request)
  File "/mnt/aaa22500-1d14-4161-b361-89d4e7d74008/Apps/advisor-crm/venv/lib/python3.13/site-packages/django/core/handlers/base.py", line 220, in _get_response
    response = response.render()
  File "/mnt/aaa22500-1d14-4161-b361-89d4e7d74008/Apps/advisor-crm/venv/lib/python3.13/site-packages/django/template/response.py", line 114, in render
    self.content = self.rendered_content
                   ^^^^^^^^^^^^^^^^^^^^^
  File "/mnt/aaa22500-1d14-4161-b361-89d4e7d74008/Apps/advisor-crm/venv/lib/python3.13/site-packages/django/template/response.py", line 92, in rendered_content
    return template.render(context, self._request)
           ~~~~~~~~~~~~~~~^^^^^^^^^^^^^^^^^^^^^^^^
  File "/mnt/aaa22500-1d14-4161-b361-89d4e7d74008/Apps/advisor-crm/venv/lib/python3.13/site-packages/django/template/backends/django.py", line 107, in render
    return self.template.render(context)
           ~~~~~~~~~~~~~~~~~~~~^^^^^^^^^
  File "/mnt/aaa22500-1d14-4161-b361-89d4e7d74008/Apps/advisor-crm/venv/lib/python3.13/site-packages/django/template/base.py", line 171, in render
    return self._render(context)
           ~~~~~~~~~~~~^^^^^^^^^
  File "/mnt/aaa22500-1d14-4161-b361-89d4e7d74008/Apps/advisor-crm/venv/lib/python3.13/site-packages/django/template/base.py", line 163, in _render
    return self.nodelist.render(context)
           ~~~~~~~~~~~~~~~~~~~~^^^^^^^^^
  File "/mnt/aaa22500-1d14-4161-b361-89d4e7d74008/Apps/advisor-crm/venv/lib/python3.13/site-packages/django/template/base.py", line 1016, in render
    return SafeString("".join([node.render_annotated(context) for node in self]))
                               ~~~~~~~~~~~~~~~~~~~~~^^^^^^^^^
  File "/mnt/aaa22500-1d14-4161-b361-89d4e7d74008/Apps/advisor-crm/venv/lib/python3.13/site-packages/django/template/base.py", line 977, in render_annotated
    return self.render(context)
           ~~~~~~~~~~~^^^^^^^^^
  File "/mnt/aaa22500-1d14-4161-b361-89d4e7d74008/Apps/advisor-crm/venv/lib/python3.13/site-packages/django/template/loader_tags.py", line 159, in render
    return compiled_parent._render(context)
           ~~~~~~~~~~~~~~~~~~~~~~~^^^^^^^^^
  File "/mnt/aaa22500-1d14-4161-b361-89d4e7d74008/Apps/advisor-crm/venv/lib/python3.13/site-packages/django/template/base.py", line 163, in _render
    return self.nodelist.render(context)
           ~~~~~~~~~~~~~~~~~~~~^^^^^^^^^
  File "/mnt/aaa22500-1d14-4161-b361-89d4e7d74008/Apps/advisor-crm/venv/lib/python3.13/site-packages/django/template/base.py", line 1016, in render
    return SafeString("".join([node.render_annotated(context) for node in self]))
                               ~~~~~~~~~~~~~~~~~~~~~^^^^^^^^^
  File "/mnt/aaa22500-1d14-4161-b361-89d4e7d74008/Apps/advisor-crm/venv/lib/python3.13/site-packages/django/template/base.py", line 977, in render_annotated
    return self.render(context)
           ~~~~~~~~~~~^^^^^^^^^
  File "/mnt/aaa22500-1d14-4161-b361-89d4e7d74008/Apps/advisor-crm/venv/lib/python3.13/site-packages/django/template/loader_tags.py", line 65, in render
    result = block.nodelist.render(context)
  File "/mnt/aaa22500-1d14-4161-b361-89d4e7d74008/Apps/advisor-crm/venv/lib/python3.13/site-packages/django/template/base.py", line 1016, in render
    return SafeString("".join([node.render_annotated(context) for node in self]))
                               ~~~~~~~~~~~~~~~~~~~~~^^^^^^^^^
  File "/mnt/aaa22500-1d14-4161-b361-89d4e7d74008/Apps/advisor-crm/venv/lib/python3.13/site-packages/django/template/base.py", line 977, in render_annotated
    return self.render(context)
           ~~~~~~~~~~~^^^^^^^^^
  File "/mnt/aaa22500-1d14-4161-b361-89d4e7d74008/Apps/advisor-crm/venv/lib/python3.13/site-packages/django/template/defaulttags.py", line 480, in render
    url = reverse(view_name, args=args, kwargs=kwargs, current_app=current_app)
  File "/mnt/aaa22500-1d14-4161-b361-89d4e7d74008/Apps/advisor-crm/venv/lib/python3.13/site-packages/django/urls/base.py", line 98, in reverse
    resolved_url = resolver._reverse_with_prefix(view, prefix, *args, **kwargs)
  File "/mnt/aaa22500-1d14-4161-b361-89d4e7d74008/Apps/advisor-crm/venv/lib/python3.13/site-packages/django/urls/resolvers.py", line 831, in _reverse_with_prefix
    raise NoReverseMatch(msg)
django.urls.exceptions.NoReverseMatch: Reverse for 'applications' not found. 'applications' is not a valid view function or pattern name.
Internal Server Error: /applications/add/
Traceback (most recent call last):
  File "/mnt/aaa22500-1d14-4161-b361-89d4e7d74008/Apps/advisor-crm/venv/lib/python3.13/site-packages/django/core/handlers/exception.py", line 55, in inner
    response = get_response(request)
  File "/mnt/aaa22500-1d14-4161-b361-89d4e7d74008/Apps/advisor-crm/venv/lib/python3.13/site-packages/django/core/handlers/base.py", line 220, in _get_response
    response = response.render()
  File "/mnt/aaa22500-1d14-4161-b361-89d4e7d74008/Apps/advisor-crm/venv/lib/python3.13/site-packages/django/template/response.py", line 114, in render
    self.content = self.rendered_content
                   ^^^^^^^^^^^^^^^^^^^^^
  File "/mnt/aaa22500-1d14-4161-b361-89d4e7d74008/Apps/advisor-crm/venv/lib/python3.13/site-packages/django/template/response.py", line 92, in rendered_content
    return template.render(context, self._request)
           ~~~~~~~~~~~~~~~^^^^^^^^^^^^^^^^^^^^^^^^
  File "/mnt/aaa22500-1d14-4161-b361-89d4e7d74008/Apps/advisor-crm/venv/lib/python3.13/site-packages/django/template/backends/django.py", line 107, in render
    return self.template.render(context)
           ~~~~~~~~~~~~~~~~~~~~^^^^^^^^^
  File "/mnt/aaa22500-1d14-4161-b361-89d4e7d74008/Apps/advisor-crm/venv/lib/python3.13/site-packages/django/template/base.py", line 171, in render
    return self._render(context)
           ~~~~~~~~~~~~^^^^^^^^^
  File "/mnt/aaa22500-1d14-4161-b361-89d4e7d74008/Apps/advisor-crm/venv/lib/python3.13/site-packages/django/template/base.py", line 163, in _render
    return self.nodelist.render(context)
           ~~~~~~~~~~~~~~~~~~~~^^^^^^^^^
  File "/mnt/aaa22500-1d14-4161-b361-89d4e7d74008/Apps/advisor-crm/venv/lib/python3.13/site-packages/django/template/base.py", line 1016, in render
    return SafeString("".join([node.render_annotated(context) for node in self]))
                               ~~~~~~~~~~~~~~~~~~~~~^^^^^^^^^
  File "/mnt/aaa22500-1d14-4161-b361-89d4e7d74008/Apps/advisor-crm/venv/lib/python3.13/site-packages/django/template/base.py", line 977, in render_annotated
    return self.render(context)
           ~~~~~~~~~~~^^^^^^^^^
  File "/mnt/aaa22500-1d14-4161-b361-89d4e7d74008/Apps/advisor-crm/venv/lib/python3.13/site-packages/django/template/loader_tags.py", line 159, in render
    return compiled_parent._render(context)
           ~~~~~~~~~~~~~~~~~~~~~~~^^^^^^^^^
  File "/mnt/aaa22500-1d14-4161-b361-89d4e7d74008/Apps/advisor-crm/venv/lib/python3.13/site-packages/django/template/base.py", line 163, in _render
    return self.nodelist.render(context)
           ~~~~~~~~~~~~~~~~~~~~^^^^^^^^^
  File "/mnt/aaa22500-1d14-4161-b361-89d4e7d74008/Apps/advisor-crm/venv/lib/python3.13/site-packages/django/template/base.py", line 1016, in render
    return SafeString("".join([node.render_annotated(context) for node in self]))
                               ~~~~~~~~~~~~~~~~~~~~~^^^^^^^^^
  File "/mnt/aaa22500-1d14-4161-b361-89d4e7d74008/Apps/advisor-crm/venv/lib/python3.13/site-packages/django/template/base.py", line 977, in render_annotated
    return self.render(context)
           ~~~~~~~~~~~^^^^^^^^^
  File "/mnt/aaa22500-1d14-4161-b361-89d4e7d74008/Apps/advisor-crm/venv/lib/python3.13/site-packages/django/template/loader_tags.py", line 65, in render
    result = block.nodelist.render(context)
  File "/mnt/aaa22500-1d14-4161-b361-89d4e7d74008/Apps/advisor-crm/venv/lib/python3.13/site-packages/django/template/base.py", line 1016, in render
    return SafeString("".join([node.render_annotated(context) for node in self]))
                               ~~~~~~~~~~~~~~~~~~~~~^^^^^^^^^
  File "/mnt/aaa22500-1d14-4161-b361-89d4e7d74008/Apps/advisor-crm/venv/lib/python3.13/site-packages/django/template/base.py", line 977, in render_annotated
    return self.render(context)
           ~~~~~~~~~~~^^^^^^^^^
  File "/mnt/aaa22500-1d14-4161-b361-89d4e7d74008/Apps/advisor-crm/venv/lib/python3.13/site-packages/django/template/defaulttags.py", line 480, in render
    url = reverse(view_name, args=args, kwargs=kwargs, current_app=current_app)
  File "/mnt/aaa22500-1d14-4161-b361-89d4e7d74008/Apps/advisor-crm/venv/lib/python3.13/site-packages/django/urls/base.py", line 98, in reverse
    resolved_url = resolver._reverse_with_prefix(view, prefix, *args, **kwargs)
  File "/mnt/aaa22500-1d14-4161-b361-89d4e7d74008/Apps/advisor-crm/venv/lib/python3.13/site-packages/django/urls/resolvers.py", line 831, in _reverse_with_prefix
    raise NoReverseMatch(msg)
django.urls.exceptions.NoReverseMatch: Reverse for 'applications' not found. 'applications' is not a valid view function or pattern name.
Internal Server Error: /applications/add/
Traceback (most recent call last):
  File "/mnt/aaa22500-1d14-4161-b361-89d4e7d74008/Apps/advisor-crm/venv/lib/python3.13/site-packages/django/core/handlers/exception.py", line 55, in inner
    response = get_response(request)
  File "/mnt/aaa22500-1d14-4161-b361-89d4e7d74008/Apps/advisor-crm/venv/lib/python3.13/site-packages/django/core/handlers/base.py", line 220, in _get_response
    response = response.render()
  File "/mnt/aaa22500-1d14-4161-b361-89d4e7d74008/Apps/advisor-crm/venv/lib/python3.13/site-packages/django/template/response.py", line 114, in render
    self.content = self.rendered_content
                   ^^^^^^^^^^^^^^^^^^^^^
  File "/mnt/aaa22500-1d14-4161-b361-89d4e7d74008/Apps/advisor-crm/venv/lib/python3.13/site-packages/django/template/response.py", line 92, in rendered_content
    return template.render(context, self._request)
           ~~~~~~~~~~~~~~~^^^^^^^^^^^^^^^^^^^^^^^^
  File "/mnt/aaa22500-1d14-4161-b361-89d4e7d74008/Apps/advisor-crm/venv/lib/python3.13/site-packages/django/template/backends/django.py", line 107, in render
    return self.template.render(context)
           ~~~~~~~~~~~~~~~~~~~~^^^^^^^^^
  File "/mnt/aaa22500-1d14-4161-b361-89d4e7d74008/Apps/advisor-crm/venv/lib/python3.13/site-packages/django/template/base.py", line 171, in render
    return self._render(context)
           ~~~~~~~~~~~~^^^^^^^^^
  File "/mnt/aaa22500-1d14-4161-b361-89d4e7d74008/Apps/advisor-crm/venv/lib/python3.13/site-packages/django/template/base.py", line 163, in _render
    return self.nodelist.render(context)
           ~~~~~~~~~~~~~~~~~~~~^^^^^^^^^
  File "/mnt/aaa22500-1d14-4161-b361-89d4e7d74008/Apps/advisor-crm/venv/lib/python3.13/site-packages/django/template/base.py", line 1016, in render
    return SafeString("".join([node.render_annotated(context) for node in self]))
                               ~~~~~~~~~~~~~~~~~~~~~^^^^^^^^^
  File "/mnt/aaa22500-1d14-4161-b361-89d4e7d74008/Apps/advisor-crm/venv/lib/python3.13/site-packages/django/template/base.py", line 977, in render_annotated
    return self.render(context)
           ~~~~~~~~~~~^^^^^^^^^
  File "/mnt/aaa22500-1d14-4161-b361-89d4e7d74008/Apps/advisor-crm/venv/lib/python3.13/site-packages/django/template/loader_tags.py", line 159, in render
    return compiled_parent._render(context)
           ~~~~~~~~~~~~~~~~~~~~~~~^^^^^^^^^
  File "/mnt/aaa22500-1d14-4161-b361-89d4e7d74008/Apps/advisor-crm/venv/lib/python3.13/site-packages/django/template/base.py", line 163, in _render
    return self.nodelist.render(context)
           ~~~~~~~~~~~~~~~~~~~~^^^^^^^^^
  File "/mnt/aaa22500-1d14-4161-b361-89d4e7d74008/Apps/advisor-crm/venv/lib/python3.13/site-packages/django/template/base.py", line 1016, in render
    return SafeString("".join([node.render_annotated(context) for node in self]))
                               ~~~~~~~~~~~~~~~~~~~~~^^^^^^^^^
  File "/mnt/aaa22500-1d14-4161-b361-89d4e7d74008/Apps/advisor-crm/venv/lib/python3.13/site-packages/django/template/base.py", line 977, in render_annotated
    return self.render(context)
           ~~~~~~~~~~~^^^^^^^^^
  File "/mnt/aaa22500-1d14-4161-b361-89d4e7d74008/Apps/advisor-crm/venv/lib/python3.13/site-packages/django/template/loader_tags.py", line 65, in render
    result = block.nodelist.render(context)
  File "/mnt/aaa22500-1d14-4161-b361-89d4e7d74008/Apps/advisor-crm/venv/lib/python3.13/site-packages/django/template/base.py", line 1016, in render
    return SafeString("".join([node.render_annotated(context) for node in self]))
                               ~~~~~~~~~~~~~~~~~~~~~^^^^^^^^^
  File "/mnt/aaa22500-1d14-4161-b361-89d4e7d74008/Apps/advisor-crm/venv/lib/python3.13/site-packages/django/template/base.py", line 977, in render_annotated
    return self.render(context)
           ~~~~~~~~~~~^^^^^^^^^
  File "/mnt/aaa22500-1d14-4161-b361-89d4e7d74008/Apps/advisor-crm/venv/lib/python3.13/site-packages/django/template/defaulttags.py", line 480, in render
    url = reverse(view_name, args=args, kwargs=kwargs, current_app=current_app)
  File "/mnt/aaa22500-1d14-4161-b361-89d4e7d74008/Apps/advisor-crm/venv/lib/python3.13/site-packages/django/urls/base.py", line 98, in reverse
    resolved_url = resolver._reverse_with_prefix(view, prefix, *args, **kwargs)
  File "/mnt/aaa22500-1d14-4161-b361-89d4e7d74008/Apps/advisor-crm/venv/lib/python3.13/site-packages/django/urls/resolvers.py", line 831, in _reverse_with_prefix
    raise NoReverseMatch(msg)
django.urls.exceptions.NoReverseMatch: Reverse for 'applications' not found. 'applications' is not a valid view function or pattern name.
Internal Server Error: /applications/add/
Traceback (most recent call last):
  File "/mnt/aaa22500-1d14-4161-b361-89d4e7d74008/Apps/advisor-crm/venv/lib/python3.13/site-packages/django/template/smartif.py", line 180, in translate_token
    op = OPERATORS[token]
         ~~~~~~~~~^^^^^^^
KeyError: 'applications}Application'

During handling of the above exception, another exception occurred:

Traceback (most recent call last):
  File "/mnt/aaa22500-1d14-4161-b361-89d4e7d74008/Apps/advisor-crm/venv/lib/python3.13/site-packages/django/core/handlers/exception.py", line 55, in inner
    response = get_response(request)
  File "/mnt/aaa22500-1d14-4161-b361-89d4e7d74008/Apps/advisor-crm/venv/lib/python3.13/site-packages/django/core/handlers/base.py", line 220, in _get_response
    response = response.render()
  File "/mnt/aaa22500-1d14-4161-b361-89d4e7d74008/Apps/advisor-crm/venv/lib/python3.13/site-packages/django/template/response.py", line 114, in render
    self.content = self.rendered_content
                   ^^^^^^^^^^^^^^^^^^^^^
  File "/mnt/aaa22500-1d14-4161-b361-89d4e7d74008/Apps/advisor-crm/venv/lib/python3.13/site-packages/django/template/response.py", line 90, in rendered_content
    template = self.resolve_template(self.template_name)
  File "/mnt/aaa22500-1d14-4161-b361-89d4e7d74008/Apps/advisor-crm/venv/lib/python3.13/site-packages/django/template/response.py", line 72, in resolve_template
    return select_template(template, using=self.using)
  File "/mnt/aaa22500-1d14-4161-b361-89d4e7d74008/Apps/advisor-crm/venv/lib/python3.13/site-packages/django/template/loader.py", line 42, in select_template
    return engine.get_template(template_name)
           ~~~~~~~~~~~~~~~~~~~^^^^^^^^^^^^^^^
  File "/mnt/aaa22500-1d14-4161-b361-89d4e7d74008/Apps/advisor-crm/venv/lib/python3.13/site-packages/django/template/backends/django.py", line 79, in get_template
    return Template(self.engine.get_template(template_name), self)
                    ~~~~~~~~~~~~~~~~~~~~~~~~^^^^^^^^^^^^^^^
  File "/mnt/aaa22500-1d14-4161-b361-89d4e7d74008/Apps/advisor-crm/venv/lib/python3.13/site-packages/django/template/engine.py", line 177, in get_template
    template, origin = self.find_template(template_name)
                       ~~~~~~~~~~~~~~~~~~^^^^^^^^^^^^^^^
  File "/mnt/aaa22500-1d14-4161-b361-89d4e7d74008/Apps/advisor-crm/venv/lib/python3.13/site-packages/django/template/engine.py", line 159, in find_template
    template = loader.get_template(name, skip=skip)
  File "/mnt/aaa22500-1d14-4161-b361-89d4e7d74008/Apps/advisor-crm/venv/lib/python3.13/site-packages/django/template/loaders/cached.py", line 57, in get_template
    template = super().get_template(template_name, skip)
  File "/mnt/aaa22500-1d14-4161-b361-89d4e7d74008/Apps/advisor-crm/venv/lib/python3.13/site-packages/django/template/loaders/base.py", line 28, in get_template
    return Template(
        contents,
    ...<2 lines>...
        self.engine,
    )
  File "/mnt/aaa22500-1d14-4161-b361-89d4e7d74008/Apps/advisor-crm/venv/lib/python3.13/site-packages/django/template/base.py", line 154, in __init__
    self.nodelist = self.compile_nodelist()
                    ~~~~~~~~~~~~~~~~~~~~~^^
  File "/mnt/aaa22500-1d14-4161-b361-89d4e7d74008/Apps/advisor-crm/venv/lib/python3.13/site-packages/django/template/base.py", line 196, in compile_nodelist
    nodelist = parser.parse()
  File "/mnt/aaa22500-1d14-4161-b361-89d4e7d74008/Apps/advisor-crm/venv/lib/python3.13/site-packages/django/template/base.py", line 518, in parse
    raise self.error(token, e)
  File "/mnt/aaa22500-1d14-4161-b361-89d4e7d74008/Apps/advisor-crm/venv/lib/python3.13/site-packages/django/template/base.py", line 516, in parse
    compiled_result = compile_func(self, token)
  File "/mnt/aaa22500-1d14-4161-b361-89d4e7d74008/Apps/advisor-crm/venv/lib/python3.13/site-packages/django/template/loader_tags.py", line 299, in do_extends
    nodelist = parser.parse()
  File "/mnt/aaa22500-1d14-4161-b361-89d4e7d74008/Apps/advisor-crm/venv/lib/python3.13/site-packages/django/template/base.py", line 518, in parse
    raise self.error(token, e)
  File "/mnt/aaa22500-1d14-4161-b361-89d4e7d74008/Apps/advisor-crm/venv/lib/python3.13/site-packages/django/template/base.py", line 516, in parse
    compiled_result = compile_func(self, token)
  File "/mnt/aaa22500-1d14-4161-b361-89d4e7d74008/Apps/advisor-crm/venv/lib/python3.13/site-packages/django/template/loader_tags.py", line 234, in do_block
    nodelist = parser.parse(("endblock",))
  File "/mnt/aaa22500-1d14-4161-b361-89d4e7d74008/Apps/advisor-crm/venv/lib/python3.13/site-packages/django/template/base.py", line 518, in parse
    raise self.error(token, e)
  File "/mnt/aaa22500-1d14-4161-b361-89d4e7d74008/Apps/advisor-crm/venv/lib/python3.13/site-packages/django/template/base.py", line 516, in parse
    compiled_result = compile_func(self, token)
  File "/mnt/aaa22500-1d14-4161-b361-89d4e7d74008/Apps/advisor-crm/venv/lib/python3.13/site-packages/django/template/defaulttags.py", line 961, in do_if
    condition = TemplateIfParser(parser, bits).parse()
                ~~~~~~~~~~~~~~~~^^^^^^^^^^^^^^
  File "/mnt/aaa22500-1d14-4161-b361-89d4e7d74008/Apps/advisor-crm/venv/lib/python3.13/site-packages/django/template/defaulttags.py", line 894, in __init__
    super().__init__(*args, **kwargs)
    ~~~~~~~~~~~~~~~~^^^^^^^^^^^^^^^^^
  File "/mnt/aaa22500-1d14-4161-b361-89d4e7d74008/Apps/advisor-crm/venv/lib/python3.13/site-packages/django/template/smartif.py", line 171, in __init__
    mapped_tokens.append(self.translate_token(token))
                         ~~~~~~~~~~~~~~~~~~~~^^^^^^^
  File "/mnt/aaa22500-1d14-4161-b361-89d4e7d74008/Apps/advisor-crm/venv/lib/python3.13/site-packages/django/template/smartif.py", line 182, in translate_token
    return self.create_var(token)
           ~~~~~~~~~~~~~~~^^^^^^^
  File "/mnt/aaa22500-1d14-4161-b361-89d4e7d74008/Apps/advisor-crm/venv/lib/python3.13/site-packages/django/template/defaulttags.py", line 897, in create_var
    return TemplateLiteral(self.template_parser.compile_filter(value), value)
                           ~~~~~~~~~~~~~~~~~~~~~~~~~~~~~~~~~~~^^^^^^^
  File "/mnt/aaa22500-1d14-4161-b361-89d4e7d74008/Apps/advisor-crm/venv/lib/python3.13/site-packages/django/template/base.py", line 609, in compile_filter
    return FilterExpression(token, self)
  File "/mnt/aaa22500-1d14-4161-b361-89d4e7d74008/Apps/advisor-crm/venv/lib/python3.13/site-packages/django/template/base.py", line 710, in __init__
    raise TemplateSyntaxError(
    ...<2 lines>...
    )
django.template.exceptions.TemplateSyntaxError: Could not parse the remainder: '}Application' from 'applications}Application'
Internal Server Error: /applications/add/
Traceback (most recent call last):
  File "/mnt/aaa22500-1d14-4161-b361-89d4e7d74008/Apps/advisor-crm/venv/lib/python3.13/site-packages/django/template/smartif.py", line 180, in translate_token
    op = OPERATORS[token]
         ~~~~~~~~~^^^^^^^
KeyError: "'applications'}Application"

During handling of the above exception, another exception occurred:

Traceback (most recent call last):
  File "/mnt/aaa22500-1d14-4161-b361-89d4e7d74008/Apps/advisor-crm/venv/lib/python3.13/site-packages/django/core/handlers/exception.py", line 55, in inner
    response = get_response(request)
  File "/mnt/aaa22500-1d14-4161-b361-89d4e7d74008/Apps/advisor-crm/venv/lib/python3.13/site-packages/django/core/handlers/base.py", line 220, in _get_response
    response = response.render()
  File "/mnt/aaa22500-1d14-4161-b361-89d4e7d74008/Apps/advisor-crm/venv/lib/python3.13/site-packages/django/template/response.py", line 114, in render
    self.content = self.rendered_content
                   ^^^^^^^^^^^^^^^^^^^^^
  File "/mnt/aaa22500-1d14-4161-b361-89d4e7d74008/Apps/advisor-crm/venv/lib/python3.13/site-packages/django/template/response.py", line 90, in rendered_content
    template = self.resolve_template(self.template_name)
  File "/mnt/aaa22500-1d14-4161-b361-89d4e7d74008/Apps/advisor-crm/venv/lib/python3.13/site-packages/django/template/response.py", line 72, in resolve_template
    return select_template(template, using=self.using)
  File "/mnt/aaa22500-1d14-4161-b361-89d4e7d74008/Apps/advisor-crm/venv/lib/python3.13/site-packages/django/template/loader.py", line 42, in select_template
    return engine.get_template(template_name)
           ~~~~~~~~~~~~~~~~~~~^^^^^^^^^^^^^^^
  File "/mnt/aaa22500-1d14-4161-b361-89d4e7d74008/Apps/advisor-crm/venv/lib/python3.13/site-packages/django/template/backends/django.py", line 79, in get_template
    return Template(self.engine.get_template(template_name), self)
                    ~~~~~~~~~~~~~~~~~~~~~~~~^^^^^^^^^^^^^^^
  File "/mnt/aaa22500-1d14-4161-b361-89d4e7d74008/Apps/advisor-crm/venv/lib/python3.13/site-packages/django/template/engine.py", line 177, in get_template
    template, origin = self.find_template(template_name)
                       ~~~~~~~~~~~~~~~~~~^^^^^^^^^^^^^^^
  File "/mnt/aaa22500-1d14-4161-b361-89d4e7d74008/Apps/advisor-crm/venv/lib/python3.13/site-packages/django/template/engine.py", line 159, in find_template
    template = loader.get_template(name, skip=skip)
  File "/mnt/aaa22500-1d14-4161-b361-89d4e7d74008/Apps/advisor-crm/venv/lib/python3.13/site-packages/django/template/loaders/cached.py", line 57, in get_template
    template = super().get_template(template_name, skip)
  File "/mnt/aaa22500-1d14-4161-b361-89d4e7d74008/Apps/advisor-crm/venv/lib/python3.13/site-packages/django/template/loaders/base.py", line 28, in get_template
    return Template(
        contents,
    ...<2 lines>...
        self.engine,
    )
  File "/mnt/aaa22500-1d14-4161-b361-89d4e7d74008/Apps/advisor-crm/venv/lib/python3.13/site-packages/django/template/base.py", line 154, in __init__
    self.nodelist = self.compile_nodelist()
                    ~~~~~~~~~~~~~~~~~~~~~^^
  File "/mnt/aaa22500-1d14-4161-b361-89d4e7d74008/Apps/advisor-crm/venv/lib/python3.13/site-packages/django/template/base.py", line 196, in compile_nodelist
    nodelist = parser.parse()
  File "/mnt/aaa22500-1d14-4161-b361-89d4e7d74008/Apps/advisor-crm/venv/lib/python3.13/site-packages/django/template/base.py", line 518, in parse
    raise self.error(token, e)
  File "/mnt/aaa22500-1d14-4161-b361-89d4e7d74008/Apps/advisor-crm/venv/lib/python3.13/site-packages/django/template/base.py", line 516, in parse
    compiled_result = compile_func(self, token)
  File "/mnt/aaa22500-1d14-4161-b361-89d4e7d74008/Apps/advisor-crm/venv/lib/python3.13/site-packages/django/template/loader_tags.py", line 299, in do_extends
    nodelist = parser.parse()
  File "/mnt/aaa22500-1d14-4161-b361-89d4e7d74008/Apps/advisor-crm/venv/lib/python3.13/site-packages/django/template/base.py", line 518, in parse
    raise self.error(token, e)
  File "/mnt/aaa22500-1d14-4161-b361-89d4e7d74008/Apps/advisor-crm/venv/lib/python3.13/site-packages/django/template/base.py", line 516, in parse
    compiled_result = compile_func(self, token)
  File "/mnt/aaa22500-1d14-4161-b361-89d4e7d74008/Apps/advisor-crm/venv/lib/python3.13/site-packages/django/template/loader_tags.py", line 234, in do_block
    nodelist = parser.parse(("endblock",))
  File "/mnt/aaa22500-1d14-4161-b361-89d4e7d74008/Apps/advisor-crm/venv/lib/python3.13/site-packages/django/template/base.py", line 518, in parse
    raise self.error(token, e)
  File "/mnt/aaa22500-1d14-4161-b361-89d4e7d74008/Apps/advisor-crm/venv/lib/python3.13/site-packages/django/template/base.py", line 516, in parse
    compiled_result = compile_func(self, token)
  File "/mnt/aaa22500-1d14-4161-b361-89d4e7d74008/Apps/advisor-crm/venv/lib/python3.13/site-packages/django/template/defaulttags.py", line 961, in do_if
    condition = TemplateIfParser(parser, bits).parse()
                ~~~~~~~~~~~~~~~~^^^^^^^^^^^^^^
  File "/mnt/aaa22500-1d14-4161-b361-89d4e7d74008/Apps/advisor-crm/venv/lib/python3.13/site-packages/django/template/defaulttags.py", line 894, in __init__
    super().__init__(*args, **kwargs)
    ~~~~~~~~~~~~~~~~^^^^^^^^^^^^^^^^^
  File "/mnt/aaa22500-1d14-4161-b361-89d4e7d74008/Apps/advisor-crm/venv/lib/python3.13/site-packages/django/template/smartif.py", line 171, in __init__
    mapped_tokens.append(self.translate_token(token))
                         ~~~~~~~~~~~~~~~~~~~~^^^^^^^
  File "/mnt/aaa22500-1d14-4161-b361-89d4e7d74008/Apps/advisor-crm/venv/lib/python3.13/site-packages/django/template/smartif.py", line 182, in translate_token
    return self.create_var(token)
           ~~~~~~~~~~~~~~~^^^^^^^
  File "/mnt/aaa22500-1d14-4161-b361-89d4e7d74008/Apps/advisor-crm/venv/lib/python3.13/site-packages/django/template/defaulttags.py", line 897, in create_var
    return TemplateLiteral(self.template_parser.compile_filter(value), value)
                           ~~~~~~~~~~~~~~~~~~~~~~~~~~~~~~~~~~~^^^^^^^
  File "/mnt/aaa22500-1d14-4161-b361-89d4e7d74008/Apps/advisor-crm/venv/lib/python3.13/site-packages/django/template/base.py", line 609, in compile_filter
    return FilterExpression(token, self)
  File "/mnt/aaa22500-1d14-4161-b361-89d4e7d74008/Apps/advisor-crm/venv/lib/python3.13/site-packages/django/template/base.py", line 710, in __init__
    raise TemplateSyntaxError(
    ...<2 lines>...
    )
django.template.exceptions.TemplateSyntaxError: Could not parse the remainder: '}Application' from ''applications'}Application'
Internal Server Error: /applications/add/
Traceback (most recent call last):
  File "/mnt/aaa22500-1d14-4161-b361-89d4e7d74008/Apps/advisor-crm/venv/lib/python3.13/site-packages/django/template/smartif.py", line 180, in translate_token
    op = OPERATORS[token]
         ~~~~~~~~~^^^^^^^
KeyError: 'customer}Application'

During handling of the above exception, another exception occurred:

Traceback (most recent call last):
  File "/mnt/aaa22500-1d14-4161-b361-89d4e7d74008/Apps/advisor-crm/venv/lib/python3.13/site-packages/django/core/handlers/exception.py", line 55, in inner
    response = get_response(request)
  File "/mnt/aaa22500-1d14-4161-b361-89d4e7d74008/Apps/advisor-crm/venv/lib/python3.13/site-packages/django/core/handlers/base.py", line 220, in _get_response
    response = response.render()
  File "/mnt/aaa22500-1d14-4161-b361-89d4e7d74008/Apps/advisor-crm/venv/lib/python3.13/site-packages/django/template/response.py", line 114, in render
    self.content = self.rendered_content
                   ^^^^^^^^^^^^^^^^^^^^^
  File "/mnt/aaa22500-1d14-4161-b361-89d4e7d74008/Apps/advisor-crm/venv/lib/python3.13/site-packages/django/template/response.py", line 90, in rendered_content
    template = self.resolve_template(self.template_name)
  File "/mnt/aaa22500-1d14-4161-b361-89d4e7d74008/Apps/advisor-crm/venv/lib/python3.13/site-packages/django/template/response.py", line 72, in resolve_template
    return select_template(template, using=self.using)
  File "/mnt/aaa22500-1d14-4161-b361-89d4e7d74008/Apps/advisor-crm/venv/lib/python3.13/site-packages/django/template/loader.py", line 42, in select_template
    return engine.get_template(template_name)
           ~~~~~~~~~~~~~~~~~~~^^^^^^^^^^^^^^^
  File "/mnt/aaa22500-1d14-4161-b361-89d4e7d74008/Apps/advisor-crm/venv/lib/python3.13/site-packages/django/template/backends/django.py", line 79, in get_template
    return Template(self.engine.get_template(template_name), self)
                    ~~~~~~~~~~~~~~~~~~~~~~~~^^^^^^^^^^^^^^^
  File "/mnt/aaa22500-1d14-4161-b361-89d4e7d74008/Apps/advisor-crm/venv/lib/python3.13/site-packages/django/template/engine.py", line 177, in get_template
    template, origin = self.find_template(template_name)
                       ~~~~~~~~~~~~~~~~~~^^^^^^^^^^^^^^^
  File "/mnt/aaa22500-1d14-4161-b361-89d4e7d74008/Apps/advisor-crm/venv/lib/python3.13/site-packages/django/template/engine.py", line 159, in find_template
    template = loader.get_template(name, skip=skip)
  File "/mnt/aaa22500-1d14-4161-b361-89d4e7d74008/Apps/advisor-crm/venv/lib/python3.13/site-packages/django/template/loaders/cached.py", line 57, in get_template
    template = super().get_template(template_name, skip)
  File "/mnt/aaa22500-1d14-4161-b361-89d4e7d74008/Apps/advisor-crm/venv/lib/python3.13/site-packages/django/template/loaders/base.py", line 28, in get_template
    return Template(
        contents,
    ...<2 lines>...
        self.engine,
    )
  File "/mnt/aaa22500-1d14-4161-b361-89d4e7d74008/Apps/advisor-crm/venv/lib/python3.13/site-packages/django/template/base.py", line 154, in __init__
    self.nodelist = self.compile_nodelist()
                    ~~~~~~~~~~~~~~~~~~~~~^^
  File "/mnt/aaa22500-1d14-4161-b361-89d4e7d74008/Apps/advisor-crm/venv/lib/python3.13/site-packages/django/template/base.py", line 196, in compile_nodelist
    nodelist = parser.parse()
  File "/mnt/aaa22500-1d14-4161-b361-89d4e7d74008/Apps/advisor-crm/venv/lib/python3.13/site-packages/django/template/base.py", line 518, in parse
    raise self.error(token, e)
  File "/mnt/aaa22500-1d14-4161-b361-89d4e7d74008/Apps/advisor-crm/venv/lib/python3.13/site-packages/django/template/base.py", line 516, in parse
    compiled_result = compile_func(self, token)
  File "/mnt/aaa22500-1d14-4161-b361-89d4e7d74008/Apps/advisor-crm/venv/lib/python3.13/site-packages/django/template/loader_tags.py", line 299, in do_extends
    nodelist = parser.parse()
  File "/mnt/aaa22500-1d14-4161-b361-89d4e7d74008/Apps/advisor-crm/venv/lib/python3.13/site-packages/django/template/base.py", line 518, in parse
    raise self.error(token, e)
  File "/mnt/aaa22500-1d14-4161-b361-89d4e7d74008/Apps/advisor-crm/venv/lib/python3.13/site-packages/django/template/base.py", line 516, in parse
    compiled_result = compile_func(self, token)
  File "/mnt/aaa22500-1d14-4161-b361-89d4e7d74008/Apps/advisor-crm/venv/lib/python3.13/site-packages/django/template/loader_tags.py", line 234, in do_block
    nodelist = parser.parse(("endblock",))
  File "/mnt/aaa22500-1d14-4161-b361-89d4e7d74008/Apps/advisor-crm/venv/lib/python3.13/site-packages/django/template/base.py", line 518, in parse
    raise self.error(token, e)
  File "/mnt/aaa22500-1d14-4161-b361-89d4e7d74008/Apps/advisor-crm/venv/lib/python3.13/site-packages/django/template/base.py", line 516, in parse
    compiled_result = compile_func(self, token)
  File "/mnt/aaa22500-1d14-4161-b361-89d4e7d74008/Apps/advisor-crm/venv/lib/python3.13/site-packages/django/template/defaulttags.py", line 961, in do_if
    condition = TemplateIfParser(parser, bits).parse()
                ~~~~~~~~~~~~~~~~^^^^^^^^^^^^^^
  File "/mnt/aaa22500-1d14-4161-b361-89d4e7d74008/Apps/advisor-crm/venv/lib/python3.13/site-packages/django/template/defaulttags.py", line 894, in __init__
    super().__init__(*args, **kwargs)
    ~~~~~~~~~~~~~~~~^^^^^^^^^^^^^^^^^
  File "/mnt/aaa22500-1d14-4161-b361-89d4e7d74008/Apps/advisor-crm/venv/lib/python3.13/site-packages/django/template/smartif.py", line 171, in __init__
    mapped_tokens.append(self.translate_token(token))
                         ~~~~~~~~~~~~~~~~~~~~^^^^^^^
  File "/mnt/aaa22500-1d14-4161-b361-89d4e7d74008/Apps/advisor-crm/venv/lib/python3.13/site-packages/django/template/smartif.py", line 182, in translate_token
    return self.create_var(token)
           ~~~~~~~~~~~~~~~^^^^^^^
  File "/mnt/aaa22500-1d14-4161-b361-89d4e7d74008/Apps/advisor-crm/venv/lib/python3.13/site-packages/django/template/defaulttags.py", line 897, in create_var
    return TemplateLiteral(self.template_parser.compile_filter(value), value)
                           ~~~~~~~~~~~~~~~~~~~~~~~~~~~~~~~~~~~^^^^^^^
  File "/mnt/aaa22500-1d14-4161-b361-89d4e7d74008/Apps/advisor-crm/venv/lib/python3.13/site-packages/django/template/base.py", line 609, in compile_filter
    return FilterExpression(token, self)
  File "/mnt/aaa22500-1d14-4161-b361-89d4e7d74008/Apps/advisor-crm/venv/lib/python3.13/site-packages/django/template/base.py", line 710, in __init__
    raise TemplateSyntaxError(
    ...<2 lines>...
    )
django.template.exceptions.TemplateSyntaxError: Could not parse the remainder: '}Application' from 'customer}Application'
Internal Server Error: /applications/add/
Traceback (most recent call last):
  File "/mnt/aaa22500-1d14-4161-b361-89d4e7d74008/Apps/advisor-crm/venv/lib/python3.13/site-packages/django/template/smartif.py", line 180, in translate_token
    op = OPERATORS[token]
         ~~~~~~~~~^^^^^^^
KeyError: 'application_list}Application'

During handling of the above exception, another exception occurred:

Traceback (most recent call last):
  File "/mnt/aaa22500-1d14-4161-b361-89d4e7d74008/Apps/advisor-crm/venv/lib/python3.13/site-packages/django/core/handlers/exception.py", line 55, in inner
    response = get_response(request)
  File "/mnt/aaa22500-1d14-4161-b361-89d4e7d74008/Apps/advisor-crm/venv/lib/python3.13/site-packages/django/core/handlers/base.py", line 220, in _get_response
    response = response.render()
  File "/mnt/aaa22500-1d14-4161-b361-89d4e7d74008/Apps/advisor-crm/venv/lib/python3.13/site-packages/django/template/response.py", line 114, in render
    self.content = self.rendered_content
                   ^^^^^^^^^^^^^^^^^^^^^
  File "/mnt/aaa22500-1d14-4161-b361-89d4e7d74008/Apps/advisor-crm/venv/lib/python3.13/site-packages/django/template/response.py", line 90, in rendered_content
    template = self.resolve_template(self.template_name)
  File "/mnt/aaa22500-1d14-4161-b361-89d4e7d74008/Apps/advisor-crm/venv/lib/python3.13/site-packages/django/template/response.py", line 72, in resolve_template
    return select_template(template, using=self.using)
  File "/mnt/aaa22500-1d14-4161-b361-89d4e7d74008/Apps/advisor-crm/venv/lib/python3.13/site-packages/django/template/loader.py", line 42, in select_template
    return engine.get_template(template_name)
           ~~~~~~~~~~~~~~~~~~~^^^^^^^^^^^^^^^
  File "/mnt/aaa22500-1d14-4161-b361-89d4e7d74008/Apps/advisor-crm/venv/lib/python3.13/site-packages/django/template/backends/django.py", line 79, in get_template
    return Template(self.engine.get_template(template_name), self)
                    ~~~~~~~~~~~~~~~~~~~~~~~~^^^^^^^^^^^^^^^
  File "/mnt/aaa22500-1d14-4161-b361-89d4e7d74008/Apps/advisor-crm/venv/lib/python3.13/site-packages/django/template/engine.py", line 177, in get_template
    template, origin = self.find_template(template_name)
                       ~~~~~~~~~~~~~~~~~~^^^^^^^^^^^^^^^
  File "/mnt/aaa22500-1d14-4161-b361-89d4e7d74008/Apps/advisor-crm/venv/lib/python3.13/site-packages/django/template/engine.py", line 159, in find_template
    template = loader.get_template(name, skip=skip)
  File "/mnt/aaa22500-1d14-4161-b361-89d4e7d74008/Apps/advisor-crm/venv/lib/python3.13/site-packages/django/template/loaders/cached.py", line 57, in get_template
    template = super().get_template(template_name, skip)
  File "/mnt/aaa22500-1d14-4161-b361-89d4e7d74008/Apps/advisor-crm/venv/lib/python3.13/site-packages/django/template/loaders/base.py", line 28, in get_template
    return Template(
        contents,
    ...<2 lines>...
        self.engine,
    )
  File "/mnt/aaa22500-1d14-4161-b361-89d4e7d74008/Apps/advisor-crm/venv/lib/python3.13/site-packages/django/template/base.py", line 154, in __init__
    self.nodelist = self.compile_nodelist()
                    ~~~~~~~~~~~~~~~~~~~~~^^
  File "/mnt/aaa22500-1d14-4161-b361-89d4e7d74008/Apps/advisor-crm/venv/lib/python3.13/site-packages/django/template/base.py", line 196, in compile_nodelist
    nodelist = parser.parse()
  File "/mnt/aaa22500-1d14-4161-b361-89d4e7d74008/Apps/advisor-crm/venv/lib/python3.13/site-packages/django/template/base.py", line 518, in parse
    raise self.error(token, e)
  File "/mnt/aaa22500-1d14-4161-b361-89d4e7d74008/Apps/advisor-crm/venv/lib/python3.13/site-packages/django/template/base.py", line 516, in parse
    compiled_result = compile_func(self, token)
  File "/mnt/aaa22500-1d14-4161-b361-89d4e7d74008/Apps/advisor-crm/venv/lib/python3.13/site-packages/django/template/loader_tags.py", line 299, in do_extends
    nodelist = parser.parse()
  File "/mnt/aaa22500-1d14-4161-b361-89d4e7d74008/Apps/advisor-crm/venv/lib/python3.13/site-packages/django/template/base.py", line 518, in parse
    raise self.error(token, e)
  File "/mnt/aaa22500-1d14-4161-b361-89d4e7d74008/Apps/advisor-crm/venv/lib/python3.13/site-packages/django/template/base.py", line 516, in parse
    compiled_result = compile_func(self, token)
  File "/mnt/aaa22500-1d14-4161-b361-89d4e7d74008/Apps/advisor-crm/venv/lib/python3.13/site-packages/django/template/loader_tags.py", line 234, in do_block
    nodelist = parser.parse(("endblock",))
  File "/mnt/aaa22500-1d14-4161-b361-89d4e7d74008/Apps/advisor-crm/venv/lib/python3.13/site-packages/django/template/base.py", line 518, in parse
    raise self.error(token, e)
  File "/mnt/aaa22500-1d14-4161-b361-89d4e7d74008/Apps/advisor-crm/venv/lib/python3.13/site-packages/django/template/base.py", line 516, in parse
    compiled_result = compile_func(self, token)
  File "/mnt/aaa22500-1d14-4161-b361-89d4e7d74008/Apps/advisor-crm/venv/lib/python3.13/site-packages/django/template/defaulttags.py", line 961, in do_if
    condition = TemplateIfParser(parser, bits).parse()
                ~~~~~~~~~~~~~~~~^^^^^^^^^^^^^^
  File "/mnt/aaa22500-1d14-4161-b361-89d4e7d74008/Apps/advisor-crm/venv/lib/python3.13/site-packages/django/template/defaulttags.py", line 894, in __init__
    super().__init__(*args, **kwargs)
    ~~~~~~~~~~~~~~~~^^^^^^^^^^^^^^^^^
  File "/mnt/aaa22500-1d14-4161-b361-89d4e7d74008/Apps/advisor-crm/venv/lib/python3.13/site-packages/django/template/smartif.py", line 171, in __init__
    mapped_tokens.append(self.translate_token(token))
                         ~~~~~~~~~~~~~~~~~~~~^^^^^^^
  File "/mnt/aaa22500-1d14-4161-b361-89d4e7d74008/Apps/advisor-crm/venv/lib/python3.13/site-packages/django/template/smartif.py", line 182, in translate_token
    return self.create_var(token)
           ~~~~~~~~~~~~~~~^^^^^^^
  File "/mnt/aaa22500-1d14-4161-b361-89d4e7d74008/Apps/advisor-crm/venv/lib/python3.13/site-packages/django/template/defaulttags.py", line 897, in create_var
    return TemplateLiteral(self.template_parser.compile_filter(value), value)
                           ~~~~~~~~~~~~~~~~~~~~~~~~~~~~~~~~~~~^^^^^^^
  File "/mnt/aaa22500-1d14-4161-b361-89d4e7d74008/Apps/advisor-crm/venv/lib/python3.13/site-packages/django/template/base.py", line 609, in compile_filter
    return FilterExpression(token, self)
  File "/mnt/aaa22500-1d14-4161-b361-89d4e7d74008/Apps/advisor-crm/venv/lib/python3.13/site-packages/django/template/base.py", line 710, in __init__
    raise TemplateSyntaxError(
    ...<2 lines>...
    )
django.template.exceptions.TemplateSyntaxError: Could not parse the remainder: '}Application' from 'application_list}Application'
Internal Server Error: /applications/add/
Traceback (most recent call last):
  File "/mnt/aaa22500-1d14-4161-b361-89d4e7d74008/Apps/advisor-crm/venv/lib/python3.13/site-packages/django/template/smartif.py", line 180, in translate_token
    op = OPERATORS[token]
         ~~~~~~~~~^^^^^^^
KeyError: 'application_list}Application'

During handling of the above exception, another exception occurred:

Traceback (most recent call last):
  File "/mnt/aaa22500-1d14-4161-b361-89d4e7d74008/Apps/advisor-crm/venv/lib/python3.13/site-packages/django/core/handlers/exception.py", line 55, in inner
    response = get_response(request)
  File "/mnt/aaa22500-1d14-4161-b361-89d4e7d74008/Apps/advisor-crm/venv/lib/python3.13/site-packages/django/core/handlers/base.py", line 220, in _get_response
    response = response.render()
  File "/mnt/aaa22500-1d14-4161-b361-89d4e7d74008/Apps/advisor-crm/venv/lib/python3.13/site-packages/django/template/response.py", line 114, in render
    self.content = self.rendered_content
                   ^^^^^^^^^^^^^^^^^^^^^
  File "/mnt/aaa22500-1d14-4161-b361-89d4e7d74008/Apps/advisor-crm/venv/lib/python3.13/site-packages/django/template/response.py", line 90, in rendered_content
    template = self.resolve_template(self.template_name)
  File "/mnt/aaa22500-1d14-4161-b361-89d4e7d74008/Apps/advisor-crm/venv/lib/python3.13/site-packages/django/template/response.py", line 72, in resolve_template
    return select_template(template, using=self.using)
  File "/mnt/aaa22500-1d14-4161-b361-89d4e7d74008/Apps/advisor-crm/venv/lib/python3.13/site-packages/django/template/loader.py", line 42, in select_template
    return engine.get_template(template_name)
           ~~~~~~~~~~~~~~~~~~~^^^^^^^^^^^^^^^
  File "/mnt/aaa22500-1d14-4161-b361-89d4e7d74008/Apps/advisor-crm/venv/lib/python3.13/site-packages/django/template/backends/django.py", line 79, in get_template
    return Template(self.engine.get_template(template_name), self)
                    ~~~~~~~~~~~~~~~~~~~~~~~~^^^^^^^^^^^^^^^
  File "/mnt/aaa22500-1d14-4161-b361-89d4e7d74008/Apps/advisor-crm/venv/lib/python3.13/site-packages/django/template/engine.py", line 177, in get_template
    template, origin = self.find_template(template_name)
                       ~~~~~~~~~~~~~~~~~~^^^^^^^^^^^^^^^
  File "/mnt/aaa22500-1d14-4161-b361-89d4e7d74008/Apps/advisor-crm/venv/lib/python3.13/site-packages/django/template/engine.py", line 159, in find_template
    template = loader.get_template(name, skip=skip)
  File "/mnt/aaa22500-1d14-4161-b361-89d4e7d74008/Apps/advisor-crm/venv/lib/python3.13/site-packages/django/template/loaders/cached.py", line 57, in get_template
    template = super().get_template(template_name, skip)
  File "/mnt/aaa22500-1d14-4161-b361-89d4e7d74008/Apps/advisor-crm/venv/lib/python3.13/site-packages/django/template/loaders/base.py", line 28, in get_template
    return Template(
        contents,
    ...<2 lines>...
        self.engine,
    )
  File "/mnt/aaa22500-1d14-4161-b361-89d4e7d74008/Apps/advisor-crm/venv/lib/python3.13/site-packages/django/template/base.py", line 154, in __init__
    self.nodelist = self.compile_nodelist()
                    ~~~~~~~~~~~~~~~~~~~~~^^
  File "/mnt/aaa22500-1d14-4161-b361-89d4e7d74008/Apps/advisor-crm/venv/lib/python3.13/site-packages/django/template/base.py", line 196, in compile_nodelist
    nodelist = parser.parse()
  File "/mnt/aaa22500-1d14-4161-b361-89d4e7d74008/Apps/advisor-crm/venv/lib/python3.13/site-packages/django/template/base.py", line 518, in parse
    raise self.error(token, e)
  File "/mnt/aaa22500-1d14-4161-b361-89d4e7d74008/Apps/advisor-crm/venv/lib/python3.13/site-packages/django/template/base.py", line 516, in parse
    compiled_result = compile_func(self, token)
  File "/mnt/aaa22500-1d14-4161-b361-89d4e7d74008/Apps/advisor-crm/venv/lib/python3.13/site-packages/django/template/loader_tags.py", line 299, in do_extends
    nodelist = parser.parse()
  File "/mnt/aaa22500-1d14-4161-b361-89d4e7d74008/Apps/advisor-crm/venv/lib/python3.13/site-packages/django/template/base.py", line 518, in parse
    raise self.error(token, e)
  File "/mnt/aaa22500-1d14-4161-b361-89d4e7d74008/Apps/advisor-crm/venv/lib/python3.13/site-packages/django/template/base.py", line 516, in parse
    compiled_result = compile_func(self, token)
  File "/mnt/aaa22500-1d14-4161-b361-89d4e7d74008/Apps/advisor-crm/venv/lib/python3.13/site-packages/django/template/loader_tags.py", line 234, in do_block
    nodelist = parser.parse(("endblock",))
  File "/mnt/aaa22500-1d14-4161-b361-89d4e7d74008/Apps/advisor-crm/venv/lib/python3.13/site-packages/django/template/base.py", line 518, in parse
    raise self.error(token, e)
  File "/mnt/aaa22500-1d14-4161-b361-89d4e7d74008/Apps/advisor-crm/venv/lib/python3.13/site-packages/django/template/base.py", line 516, in parse
    compiled_result = compile_func(self, token)
  File "/mnt/aaa22500-1d14-4161-b361-89d4e7d74008/Apps/advisor-crm/venv/lib/python3.13/site-packages/django/template/defaulttags.py", line 961, in do_if
    condition = TemplateIfParser(parser, bits).parse()
                ~~~~~~~~~~~~~~~~^^^^^^^^^^^^^^
  File "/mnt/aaa22500-1d14-4161-b361-89d4e7d74008/Apps/advisor-crm/venv/lib/python3.13/site-packages/django/template/defaulttags.py", line 894, in __init__
    super().__init__(*args, **kwargs)
    ~~~~~~~~~~~~~~~~^^^^^^^^^^^^^^^^^
  File "/mnt/aaa22500-1d14-4161-b361-89d4e7d74008/Apps/advisor-crm/venv/lib/python3.13/site-packages/django/template/smartif.py", line 171, in __init__
    mapped_tokens.append(self.translate_token(token))
                         ~~~~~~~~~~~~~~~~~~~~^^^^^^^
  File "/mnt/aaa22500-1d14-4161-b361-89d4e7d74008/Apps/advisor-crm/venv/lib/python3.13/site-packages/django/template/smartif.py", line 182, in translate_token
    return self.create_var(token)
           ~~~~~~~~~~~~~~~^^^^^^^
  File "/mnt/aaa22500-1d14-4161-b361-89d4e7d74008/Apps/advisor-crm/venv/lib/python3.13/site-packages/django/template/defaulttags.py", line 897, in create_var
    return TemplateLiteral(self.template_parser.compile_filter(value), value)
                           ~~~~~~~~~~~~~~~~~~~~~~~~~~~~~~~~~~~^^^^^^^
  File "/mnt/aaa22500-1d14-4161-b361-89d4e7d74008/Apps/advisor-crm/venv/lib/python3.13/site-packages/django/template/base.py", line 609, in compile_filter
    return FilterExpression(token, self)
  File "/mnt/aaa22500-1d14-4161-b361-89d4e7d74008/Apps/advisor-crm/venv/lib/python3.13/site-packages/django/template/base.py", line 710, in __init__
    raise TemplateSyntaxError(
    ...<2 lines>...
    )
django.template.exceptions.TemplateSyntaxError: Could not parse the remainder: '}Application' from 'application_list}Application'
Internal Server Error: /applications/add/
Traceback (most recent call last):
  File "/mnt/aaa22500-1d14-4161-b361-89d4e7d74008/Apps/advisor-crm/venv/lib/python3.13/site-packages/django/template/smartif.py", line 180, in translate_token
    op = OPERATORS[token]
         ~~~~~~~~~^^^^^^^
KeyError: 'application_list}Application'

During handling of the above exception, another exception occurred:

Traceback (most recent call last):
  File "/mnt/aaa22500-1d14-4161-b361-89d4e7d74008/Apps/advisor-crm/venv/lib/python3.13/site-packages/django/core/handlers/exception.py", line 55, in inner
    response = get_response(request)
  File "/mnt/aaa22500-1d14-4161-b361-89d4e7d74008/Apps/advisor-crm/venv/lib/python3.13/site-packages/django/core/handlers/base.py", line 220, in _get_response
    response = response.render()
  File "/mnt/aaa22500-1d14-4161-b361-89d4e7d74008/Apps/advisor-crm/venv/lib/python3.13/site-packages/django/template/response.py", line 114, in render
    self.content = self.rendered_content
                   ^^^^^^^^^^^^^^^^^^^^^
  File "/mnt/aaa22500-1d14-4161-b361-89d4e7d74008/Apps/advisor-crm/venv/lib/python3.13/site-packages/django/template/response.py", line 90, in rendered_content
    template = self.resolve_template(self.template_name)
  File "/mnt/aaa22500-1d14-4161-b361-89d4e7d74008/Apps/advisor-crm/venv/lib/python3.13/site-packages/django/template/response.py", line 72, in resolve_template
    return select_template(template, using=self.using)
  File "/mnt/aaa22500-1d14-4161-b361-89d4e7d74008/Apps/advisor-crm/venv/lib/python3.13/site-packages/django/template/loader.py", line 42, in select_template
    return engine.get_template(template_name)
           ~~~~~~~~~~~~~~~~~~~^^^^^^^^^^^^^^^
  File "/mnt/aaa22500-1d14-4161-b361-89d4e7d74008/Apps/advisor-crm/venv/lib/python3.13/site-packages/django/template/backends/django.py", line 79, in get_template
    return Template(self.engine.get_template(template_name), self)
                    ~~~~~~~~~~~~~~~~~~~~~~~~^^^^^^^^^^^^^^^
  File "/mnt/aaa22500-1d14-4161-b361-89d4e7d74008/Apps/advisor-crm/venv/lib/python3.13/site-packages/django/template/engine.py", line 177, in get_template
    template, origin = self.find_template(template_name)
                       ~~~~~~~~~~~~~~~~~~^^^^^^^^^^^^^^^
  File "/mnt/aaa22500-1d14-4161-b361-89d4e7d74008/Apps/advisor-crm/venv/lib/python3.13/site-packages/django/template/engine.py", line 159, in find_template
    template = loader.get_template(name, skip=skip)
  File "/mnt/aaa22500-1d14-4161-b361-89d4e7d74008/Apps/advisor-crm/venv/lib/python3.13/site-packages/django/template/loaders/cached.py", line 57, in get_template
    template = super().get_template(template_name, skip)
  File "/mnt/aaa22500-1d14-4161-b361-89d4e7d74008/Apps/advisor-crm/venv/lib/python3.13/site-packages/django/template/loaders/base.py", line 28, in get_template
    return Template(
        contents,
    ...<2 lines>...
        self.engine,
    )
  File "/mnt/aaa22500-1d14-4161-b361-89d4e7d74008/Apps/advisor-crm/venv/lib/python3.13/site-packages/django/template/base.py", line 154, in __init__
    self.nodelist = self.compile_nodelist()
                    ~~~~~~~~~~~~~~~~~~~~~^^
  File "/mnt/aaa22500-1d14-4161-b361-89d4e7d74008/Apps/advisor-crm/venv/lib/python3.13/site-packages/django/template/base.py", line 196, in compile_nodelist
    nodelist = parser.parse()
  File "/mnt/aaa22500-1d14-4161-b361-89d4e7d74008/Apps/advisor-crm/venv/lib/python3.13/site-packages/django/template/base.py", line 518, in parse
    raise self.error(token, e)
  File "/mnt/aaa22500-1d14-4161-b361-89d4e7d74008/Apps/advisor-crm/venv/lib/python3.13/site-packages/django/template/base.py", line 516, in parse
    compiled_result = compile_func(self, token)
  File "/mnt/aaa22500-1d14-4161-b361-89d4e7d74008/Apps/advisor-crm/venv/lib/python3.13/site-packages/django/template/loader_tags.py", line 299, in do_extends
    nodelist = parser.parse()
  File "/mnt/aaa22500-1d14-4161-b361-89d4e7d74008/Apps/advisor-crm/venv/lib/python3.13/site-packages/django/template/base.py", line 518, in parse
    raise self.error(token, e)
  File "/mnt/aaa22500-1d14-4161-b361-89d4e7d74008/Apps/advisor-crm/venv/lib/python3.13/site-packages/django/template/base.py", line 516, in parse
    compiled_result = compile_func(self, token)
  File "/mnt/aaa22500-1d14-4161-b361-89d4e7d74008/Apps/advisor-crm/venv/lib/python3.13/site-packages/django/template/loader_tags.py", line 234, in do_block
    nodelist = parser.parse(("endblock",))
  File "/mnt/aaa22500-1d14-4161-b361-89d4e7d74008/Apps/advisor-crm/venv/lib/python3.13/site-packages/django/template/base.py", line 518, in parse
    raise self.error(token, e)
  File "/mnt/aaa22500-1d14-4161-b361-89d4e7d74008/Apps/advisor-crm/venv/lib/python3.13/site-packages/django/template/base.py", line 516, in parse
    compiled_result = compile_func(self, token)
  File "/mnt/aaa22500-1d14-4161-b361-89d4e7d74008/Apps/advisor-crm/venv/lib/python3.13/site-packages/django/template/defaulttags.py", line 961, in do_if
    condition = TemplateIfParser(parser, bits).parse()
                ~~~~~~~~~~~~~~~~^^^^^^^^^^^^^^
  File "/mnt/aaa22500-1d14-4161-b361-89d4e7d74008/Apps/advisor-crm/venv/lib/python3.13/site-packages/django/template/defaulttags.py", line 894, in __init__
    super().__init__(*args, **kwargs)
    ~~~~~~~~~~~~~~~~^^^^^^^^^^^^^^^^^
  File "/mnt/aaa22500-1d14-4161-b361-89d4e7d74008/Apps/advisor-crm/venv/lib/python3.13/site-packages/django/template/smartif.py", line 171, in __init__
    mapped_tokens.append(self.translate_token(token))
                         ~~~~~~~~~~~~~~~~~~~~^^^^^^^
  File "/mnt/aaa22500-1d14-4161-b361-89d4e7d74008/Apps/advisor-crm/venv/lib/python3.13/site-packages/django/template/smartif.py", line 182, in translate_token
    return self.create_var(token)
           ~~~~~~~~~~~~~~~^^^^^^^
  File "/mnt/aaa22500-1d14-4161-b361-89d4e7d74008/Apps/advisor-crm/venv/lib/python3.13/site-packages/django/template/defaulttags.py", line 897, in create_var
    return TemplateLiteral(self.template_parser.compile_filter(value), value)
                           ~~~~~~~~~~~~~~~~~~~~~~~~~~~~~~~~~~~^^^^^^^
  File "/mnt/aaa22500-1d14-4161-b361-89d4e7d74008/Apps/advisor-crm/venv/lib/python3.13/site-packages/django/template/base.py", line 609, in compile_filter
    return FilterExpression(token, self)
  File "/mnt/aaa22500-1d14-4161-b361-89d4e7d74008/Apps/advisor-crm/venv/lib/python3.13/site-packages/django/template/base.py", line 710, in __init__
    raise TemplateSyntaxError(
    ...<2 lines>...
    )
django.template.exceptions.TemplateSyntaxError: Could not parse the remainder: '}Application' from 'application_list}Application'
Internal Server Error: /applications/add/
Traceback (most recent call last):
  File "/mnt/aaa22500-1d14-4161-b361-89d4e7d74008/Apps/advisor-crm/venv/lib/python3.13/site-packages/django/core/handlers/exception.py", line 55, in inner
    response = get_response(request)
  File "/mnt/aaa22500-1d14-4161-b361-89d4e7d74008/Apps/advisor-crm/venv/lib/python3.13/site-packages/django/core/handlers/base.py", line 220, in _get_response
    response = response.render()
  File "/mnt/aaa22500-1d14-4161-b361-89d4e7d74008/Apps/advisor-crm/venv/lib/python3.13/site-packages/django/template/response.py", line 114, in render
    self.content = self.rendered_content
                   ^^^^^^^^^^^^^^^^^^^^^
  File "/mnt/aaa22500-1d14-4161-b361-89d4e7d74008/Apps/advisor-crm/venv/lib/python3.13/site-packages/django/template/response.py", line 92, in rendered_content
    return template.render(context, self._request)
           ~~~~~~~~~~~~~~~^^^^^^^^^^^^^^^^^^^^^^^^
  File "/mnt/aaa22500-1d14-4161-b361-89d4e7d74008/Apps/advisor-crm/venv/lib/python3.13/site-packages/django/template/backends/django.py", line 107, in render
    return self.template.render(context)
           ~~~~~~~~~~~~~~~~~~~~^^^^^^^^^
  File "/mnt/aaa22500-1d14-4161-b361-89d4e7d74008/Apps/advisor-crm/venv/lib/python3.13/site-packages/django/template/base.py", line 171, in render
    return self._render(context)
           ~~~~~~~~~~~~^^^^^^^^^
  File "/mnt/aaa22500-1d14-4161-b361-89d4e7d74008/Apps/advisor-crm/venv/lib/python3.13/site-packages/django/template/base.py", line 163, in _render
    return self.nodelist.render(context)
           ~~~~~~~~~~~~~~~~~~~~^^^^^^^^^
  File "/mnt/aaa22500-1d14-4161-b361-89d4e7d74008/Apps/advisor-crm/venv/lib/python3.13/site-packages/django/template/base.py", line 1016, in render
    return SafeString("".join([node.render_annotated(context) for node in self]))
                               ~~~~~~~~~~~~~~~~~~~~~^^^^^^^^^
  File "/mnt/aaa22500-1d14-4161-b361-89d4e7d74008/Apps/advisor-crm/venv/lib/python3.13/site-packages/django/template/base.py", line 977, in render_annotated
    return self.render(context)
           ~~~~~~~~~~~^^^^^^^^^
  File "/mnt/aaa22500-1d14-4161-b361-89d4e7d74008/Apps/advisor-crm/venv/lib/python3.13/site-packages/django/template/loader_tags.py", line 159, in render
    return compiled_parent._render(context)
           ~~~~~~~~~~~~~~~~~~~~~~~^^^^^^^^^
  File "/mnt/aaa22500-1d14-4161-b361-89d4e7d74008/Apps/advisor-crm/venv/lib/python3.13/site-packages/django/template/base.py", line 163, in _render
    return self.nodelist.render(context)
           ~~~~~~~~~~~~~~~~~~~~^^^^^^^^^
  File "/mnt/aaa22500-1d14-4161-b361-89d4e7d74008/Apps/advisor-crm/venv/lib/python3.13/site-packages/django/template/base.py", line 1016, in render
    return SafeString("".join([node.render_annotated(context) for node in self]))
                               ~~~~~~~~~~~~~~~~~~~~~^^^^^^^^^
  File "/mnt/aaa22500-1d14-4161-b361-89d4e7d74008/Apps/advisor-crm/venv/lib/python3.13/site-packages/django/template/base.py", line 977, in render_annotated
    return self.render(context)
           ~~~~~~~~~~~^^^^^^^^^
  File "/mnt/aaa22500-1d14-4161-b361-89d4e7d74008/Apps/advisor-crm/venv/lib/python3.13/site-packages/django/template/loader_tags.py", line 65, in render
    result = block.nodelist.render(context)
  File "/mnt/aaa22500-1d14-4161-b361-89d4e7d74008/Apps/advisor-crm/venv/lib/python3.13/site-packages/django/template/base.py", line 1016, in render
    return SafeString("".join([node.render_annotated(context) for node in self]))
                               ~~~~~~~~~~~~~~~~~~~~~^^^^^^^^^
  File "/mnt/aaa22500-1d14-4161-b361-89d4e7d74008/Apps/advisor-crm/venv/lib/python3.13/site-packages/django/template/base.py", line 977, in render_annotated
    return self.render(context)
           ~~~~~~~~~~~^^^^^^^^^
  File "/mnt/aaa22500-1d14-4161-b361-89d4e7d74008/Apps/advisor-crm/venv/lib/python3.13/site-packages/django/template/defaulttags.py", line 480, in render
    url = reverse(view_name, args=args, kwargs=kwargs, current_app=current_app)
  File "/mnt/aaa22500-1d14-4161-b361-89d4e7d74008/Apps/advisor-crm/venv/lib/python3.13/site-packages/django/urls/base.py", line 98, in reverse
    resolved_url = resolver._reverse_with_prefix(view, prefix, *args, **kwargs)
  File "/mnt/aaa22500-1d14-4161-b361-89d4e7d74008/Apps/advisor-crm/venv/lib/python3.13/site-packages/django/urls/resolvers.py", line 831, in _reverse_with_prefix
    raise NoReverseMatch(msg)
django.urls.exceptions.NoReverseMatch: Reverse for 'application_add' not found. 'application_add' is not a valid view function or pattern name.
Internal Server Error: /applications/add/
Traceback (most recent call last):
  File "/mnt/aaa22500-1d14-4161-b361-89d4e7d74008/Apps/advisor-crm/venv/lib/python3.13/site-packages/django/core/handlers/exception.py", line 55, in inner
    response = get_response(request)
  File "/mnt/aaa22500-1d14-4161-b361-89d4e7d74008/Apps/advisor-crm/venv/lib/python3.13/site-packages/django/core/handlers/base.py", line 220, in _get_response
    response = response.render()
  File "/mnt/aaa22500-1d14-4161-b361-89d4e7d74008/Apps/advisor-crm/venv/lib/python3.13/site-packages/django/template/response.py", line 114, in render
    self.content = self.rendered_content
                   ^^^^^^^^^^^^^^^^^^^^^
  File "/mnt/aaa22500-1d14-4161-b361-89d4e7d74008/Apps/advisor-crm/venv/lib/python3.13/site-packages/django/template/response.py", line 92, in rendered_content
    return template.render(context, self._request)
           ~~~~~~~~~~~~~~~^^^^^^^^^^^^^^^^^^^^^^^^
  File "/mnt/aaa22500-1d14-4161-b361-89d4e7d74008/Apps/advisor-crm/venv/lib/python3.13/site-packages/django/template/backends/django.py", line 107, in render
    return self.template.render(context)
           ~~~~~~~~~~~~~~~~~~~~^^^^^^^^^
  File "/mnt/aaa22500-1d14-4161-b361-89d4e7d74008/Apps/advisor-crm/venv/lib/python3.13/site-packages/django/template/base.py", line 171, in render
    return self._render(context)
           ~~~~~~~~~~~~^^^^^^^^^
  File "/mnt/aaa22500-1d14-4161-b361-89d4e7d74008/Apps/advisor-crm/venv/lib/python3.13/site-packages/django/template/base.py", line 163, in _render
    return self.nodelist.render(context)
           ~~~~~~~~~~~~~~~~~~~~^^^^^^^^^
  File "/mnt/aaa22500-1d14-4161-b361-89d4e7d74008/Apps/advisor-crm/venv/lib/python3.13/site-packages/django/template/base.py", line 1016, in render
    return SafeString("".join([node.render_annotated(context) for node in self]))
                               ~~~~~~~~~~~~~~~~~~~~~^^^^^^^^^
  File "/mnt/aaa22500-1d14-4161-b361-89d4e7d74008/Apps/advisor-crm/venv/lib/python3.13/site-packages/django/template/base.py", line 977, in render_annotated
    return self.render(context)
           ~~~~~~~~~~~^^^^^^^^^
  File "/mnt/aaa22500-1d14-4161-b361-89d4e7d74008/Apps/advisor-crm/venv/lib/python3.13/site-packages/django/template/loader_tags.py", line 159, in render
    return compiled_parent._render(context)
           ~~~~~~~~~~~~~~~~~~~~~~~^^^^^^^^^
  File "/mnt/aaa22500-1d14-4161-b361-89d4e7d74008/Apps/advisor-crm/venv/lib/python3.13/site-packages/django/template/base.py", line 163, in _render
    return self.nodelist.render(context)
           ~~~~~~~~~~~~~~~~~~~~^^^^^^^^^
  File "/mnt/aaa22500-1d14-4161-b361-89d4e7d74008/Apps/advisor-crm/venv/lib/python3.13/site-packages/django/template/base.py", line 1016, in render
    return SafeString("".join([node.render_annotated(context) for node in self]))
                               ~~~~~~~~~~~~~~~~~~~~~^^^^^^^^^
  File "/mnt/aaa22500-1d14-4161-b361-89d4e7d74008/Apps/advisor-crm/venv/lib/python3.13/site-packages/django/template/base.py", line 977, in render_annotated
    return self.render(context)
           ~~~~~~~~~~~^^^^^^^^^
  File "/mnt/aaa22500-1d14-4161-b361-89d4e7d74008/Apps/advisor-crm/venv/lib/python3.13/site-packages/django/template/loader_tags.py", line 65, in render
    result = block.nodelist.render(context)
  File "/mnt/aaa22500-1d14-4161-b361-89d4e7d74008/Apps/advisor-crm/venv/lib/python3.13/site-packages/django/template/base.py", line 1016, in render
    return SafeString("".join([node.render_annotated(context) for node in self]))
                               ~~~~~~~~~~~~~~~~~~~~~^^^^^^^^^
  File "/mnt/aaa22500-1d14-4161-b361-89d4e7d74008/Apps/advisor-crm/venv/lib/python3.13/site-packages/django/template/base.py", line 977, in render_annotated
    return self.render(context)
           ~~~~~~~~~~~^^^^^^^^^
  File "/mnt/aaa22500-1d14-4161-b361-89d4e7d74008/Apps/advisor-crm/venv/lib/python3.13/site-packages/django/template/defaulttags.py", line 480, in render
    url = reverse(view_name, args=args, kwargs=kwargs, current_app=current_app)
  File "/mnt/aaa22500-1d14-4161-b361-89d4e7d74008/Apps/advisor-crm/venv/lib/python3.13/site-packages/django/urls/base.py", line 98, in reverse
    resolved_url = resolver._reverse_with_prefix(view, prefix, *args, **kwargs)
  File "/mnt/aaa22500-1d14-4161-b361-89d4e7d74008/Apps/advisor-crm/venv/lib/python3.13/site-packages/django/urls/resolvers.py", line 831, in _reverse_with_prefix
    raise NoReverseMatch(msg)
django.urls.exceptions.NoReverseMatch: Reverse for 'application_add' not found. 'application_add' is not a valid view function or pattern name.
Internal Server Error: /applications/add/
Traceback (most recent call last):
  File "/mnt/aaa22500-1d14-4161-b361-89d4e7d74008/Apps/advisor-crm/venv/lib/python3.13/site-packages/django/core/handlers/exception.py", line 55, in inner
    response = get_response(request)
  File "/mnt/aaa22500-1d14-4161-b361-89d4e7d74008/Apps/advisor-crm/venv/lib/python3.13/site-packages/django/core/handlers/base.py", line 220, in _get_response
    response = response.render()
  File "/mnt/aaa22500-1d14-4161-b361-89d4e7d74008/Apps/advisor-crm/venv/lib/python3.13/site-packages/django/template/response.py", line 114, in render
    self.content = self.rendered_content
                   ^^^^^^^^^^^^^^^^^^^^^
  File "/mnt/aaa22500-1d14-4161-b361-89d4e7d74008/Apps/advisor-crm/venv/lib/python3.13/site-packages/django/template/response.py", line 92, in rendered_content
    return template.render(context, self._request)
           ~~~~~~~~~~~~~~~^^^^^^^^^^^^^^^^^^^^^^^^
  File "/mnt/aaa22500-1d14-4161-b361-89d4e7d74008/Apps/advisor-crm/venv/lib/python3.13/site-packages/django/template/backends/django.py", line 107, in render
    return self.template.render(context)
           ~~~~~~~~~~~~~~~~~~~~^^^^^^^^^
  File "/mnt/aaa22500-1d14-4161-b361-89d4e7d74008/Apps/advisor-crm/venv/lib/python3.13/site-packages/django/template/base.py", line 171, in render
    return self._render(context)
           ~~~~~~~~~~~~^^^^^^^^^
  File "/mnt/aaa22500-1d14-4161-b361-89d4e7d74008/Apps/advisor-crm/venv/lib/python3.13/site-packages/django/template/base.py", line 163, in _render
    return self.nodelist.render(context)
           ~~~~~~~~~~~~~~~~~~~~^^^^^^^^^
  File "/mnt/aaa22500-1d14-4161-b361-89d4e7d74008/Apps/advisor-crm/venv/lib/python3.13/site-packages/django/template/base.py", line 1016, in render
    return SafeString("".join([node.render_annotated(context) for node in self]))
                               ~~~~~~~~~~~~~~~~~~~~~^^^^^^^^^
  File "/mnt/aaa22500-1d14-4161-b361-89d4e7d74008/Apps/advisor-crm/venv/lib/python3.13/site-packages/django/template/base.py", line 977, in render_annotated
    return self.render(context)
           ~~~~~~~~~~~^^^^^^^^^
  File "/mnt/aaa22500-1d14-4161-b361-89d4e7d74008/Apps/advisor-crm/venv/lib/python3.13/site-packages/django/template/loader_tags.py", line 159, in render
    return compiled_parent._render(context)
           ~~~~~~~~~~~~~~~~~~~~~~~^^^^^^^^^
  File "/mnt/aaa22500-1d14-4161-b361-89d4e7d74008/Apps/advisor-crm/venv/lib/python3.13/site-packages/django/template/base.py", line 163, in _render
    return self.nodelist.render(context)
           ~~~~~~~~~~~~~~~~~~~~^^^^^^^^^
  File "/mnt/aaa22500-1d14-4161-b361-89d4e7d74008/Apps/advisor-crm/venv/lib/python3.13/site-packages/django/template/base.py", line 1016, in render
    return SafeString("".join([node.render_annotated(context) for node in self]))
                               ~~~~~~~~~~~~~~~~~~~~~^^^^^^^^^
  File "/mnt/aaa22500-1d14-4161-b361-89d4e7d74008/Apps/advisor-crm/venv/lib/python3.13/site-packages/django/template/base.py", line 977, in render_annotated
    return self.render(context)
           ~~~~~~~~~~~^^^^^^^^^
  File "/mnt/aaa22500-1d14-4161-b361-89d4e7d74008/Apps/advisor-crm/venv/lib/python3.13/site-packages/django/template/loader_tags.py", line 65, in render
    result = block.nodelist.render(context)
  File "/mnt/aaa22500-1d14-4161-b361-89d4e7d74008/Apps/advisor-crm/venv/lib/python3.13/site-packages/django/template/base.py", line 1016, in render
    return SafeString("".join([node.render_annotated(context) for node in self]))
                               ~~~~~~~~~~~~~~~~~~~~~^^^^^^^^^
  File "/mnt/aaa22500-1d14-4161-b361-89d4e7d74008/Apps/advisor-crm/venv/lib/python3.13/site-packages/django/template/base.py", line 977, in render_annotated
    return self.render(context)
           ~~~~~~~~~~~^^^^^^^^^
  File "/mnt/aaa22500-1d14-4161-b361-89d4e7d74008/Apps/advisor-crm/venv/lib/python3.13/site-packages/django/template/defaulttags.py", line 480, in render
    url = reverse(view_name, args=args, kwargs=kwargs, current_app=current_app)
  File "/mnt/aaa22500-1d14-4161-b361-89d4e7d74008/Apps/advisor-crm/venv/lib/python3.13/site-packages/django/urls/base.py", line 98, in reverse
    resolved_url = resolver._reverse_with_prefix(view, prefix, *args, **kwargs)
  File "/mnt/aaa22500-1d14-4161-b361-89d4e7d74008/Apps/advisor-crm/venv/lib/python3.13/site-packages/django/urls/resolvers.py", line 831, in _reverse_with_prefix
    raise NoReverseMatch(msg)
django.urls.exceptions.NoReverseMatch: Reverse for 'application_add' not found. 'application_add' is not a valid view function or pattern name.
Internal Server Error: /dashboard/
Traceback (most recent call last):
  File "/mnt/aaa22500-1d14-4161-b361-89d4e7d74008/Apps/advisor-crm/venv/lib/python3.13/site-packages/django/core/handlers/exception.py", line 55, in inner
    response = get_response(request)
  File "/mnt/aaa22500-1d14-4161-b361-89d4e7d74008/Apps/advisor-crm/venv/lib/python3.13/site-packages/django/core/handlers/base.py", line 197, in _get_response
    response = wrapped_callback(request, *callback_args, **callback_kwargs)
  File "/mnt/aaa22500-1d14-4161-b361-89d4e7d74008/Apps/advisor-crm/venv/lib/python3.13/site-packages/django/contrib/auth/decorators.py", line 59, in _view_wrapper
    return view_func(request, *args, **kwargs)
  File "/mnt/aaa22500-1d14-4161-b361-89d4e7d74008/Apps/advisor-crm/advisor_crm/crm/views.py", line 80, in dashboard
    return render(request, 'crm/dashboard.html', context)
  File "/mnt/aaa22500-1d14-4161-b361-89d4e7d74008/Apps/advisor-crm/venv/lib/python3.13/site-packages/django/shortcuts.py", line 25, in render
    content = loader.render_to_string(template_name, context, request, using=using)
  File "/mnt/aaa22500-1d14-4161-b361-89d4e7d74008/Apps/advisor-crm/venv/lib/python3.13/site-packages/django/template/loader.py", line 62, in render_to_string
    return template.render(context, request)
           ~~~~~~~~~~~~~~~^^^^^^^^^^^^^^^^^^
  File "/mnt/aaa22500-1d14-4161-b361-89d4e7d74008/Apps/advisor-crm/venv/lib/python3.13/site-packages/django/template/backends/django.py", line 107, in render
    return self.template.render(context)
           ~~~~~~~~~~~~~~~~~~~~^^^^^^^^^
  File "/mnt/aaa22500-1d14-4161-b361-89d4e7d74008/Apps/advisor-crm/venv/lib/python3.13/site-packages/django/template/base.py", line 171, in render
    return self._render(context)
           ~~~~~~~~~~~~^^^^^^^^^
  File "/mnt/aaa22500-1d14-4161-b361-89d4e7d74008/Apps/advisor-crm/venv/lib/python3.13/site-packages/django/template/base.py", line 163, in _render
    return self.nodelist.render(context)
           ~~~~~~~~~~~~~~~~~~~~^^^^^^^^^
  File "/mnt/aaa22500-1d14-4161-b361-89d4e7d74008/Apps/advisor-crm/venv/lib/python3.13/site-packages/django/template/base.py", line 1016, in render
    return SafeString("".join([node.render_annotated(context) for node in self]))
                               ~~~~~~~~~~~~~~~~~~~~~^^^^^^^^^
  File "/mnt/aaa22500-1d14-4161-b361-89d4e7d74008/Apps/advisor-crm/venv/lib/python3.13/site-packages/django/template/base.py", line 977, in render_annotated
    return self.render(context)
           ~~~~~~~~~~~^^^^^^^^^
  File "/mnt/aaa22500-1d14-4161-b361-89d4e7d74008/Apps/advisor-crm/venv/lib/python3.13/site-packages/django/template/loader_tags.py", line 159, in render
    return compiled_parent._render(context)
           ~~~~~~~~~~~~~~~~~~~~~~~^^^^^^^^^
  File "/mnt/aaa22500-1d14-4161-b361-89d4e7d74008/Apps/advisor-crm/venv/lib/python3.13/site-packages/django/template/base.py", line 163, in _render
    return self.nodelist.render(context)
           ~~~~~~~~~~~~~~~~~~~~^^^^^^^^^
  File "/mnt/aaa22500-1d14-4161-b361-89d4e7d74008/Apps/advisor-crm/venv/lib/python3.13/site-packages/django/template/base.py", line 1016, in render
    return SafeString("".join([node.render_annotated(context) for node in self]))
                               ~~~~~~~~~~~~~~~~~~~~~^^^^^^^^^
  File "/mnt/aaa22500-1d14-4161-b361-89d4e7d74008/Apps/advisor-crm/venv/lib/python3.13/site-packages/django/template/base.py", line 977, in render_annotated
    return self.render(context)
           ~~~~~~~~~~~^^^^^^^^^
  File "/mnt/aaa22500-1d14-4161-b361-89d4e7d74008/Apps/advisor-crm/venv/lib/python3.13/site-packages/django/template/defaulttags.py", line 480, in render
    url = reverse(view_name, args=args, kwargs=kwargs, current_app=current_app)
  File "/mnt/aaa22500-1d14-4161-b361-89d4e7d74008/Apps/advisor-crm/venv/lib/python3.13/site-packages/django/urls/base.py", line 98, in reverse
    resolved_url = resolver._reverse_with_prefix(view, prefix, *args, **kwargs)
  File "/mnt/aaa22500-1d14-4161-b361-89d4e7d74008/Apps/advisor-crm/venv/lib/python3.13/site-packages/django/urls/resolvers.py", line 831, in _reverse_with_prefix
    raise NoReverseMatch(msg)
django.urls.exceptions.NoReverseMatch: Reverse for 'advisor' not found. 'advisor' is not a valid view function or pattern name.
Internal Server Error: /dashboard/
Traceback (most recent call last):
  File "/mnt/aaa22500-1d14-4161-b361-89d4e7d74008/Apps/advisor-crm/venv/lib/python3.13/site-packages/django/core/handlers/exception.py", line 55, in inner
    response = get_response(request)
  File "/mnt/aaa22500-1d14-4161-b361-89d4e7d74008/Apps/advisor-crm/venv/lib/python3.13/site-packages/django/core/handlers/base.py", line 197, in _get_response
    response = wrapped_callback(request, *callback_args, **callback_kwargs)
  File "/mnt/aaa22500-1d14-4161-b361-89d4e7d74008/Apps/advisor-crm/venv/lib/python3.13/site-packages/django/contrib/auth/decorators.py", line 59, in _view_wrapper
    return view_func(request, *args, **kwargs)
  File "/mnt/aaa22500-1d14-4161-b361-89d4e7d74008/Apps/advisor-crm/advisor_crm/crm/views.py", line 80, in dashboard
    return render(request, 'crm/dashboard.html', context)
  File "/mnt/aaa22500-1d14-4161-b361-89d4e7d74008/Apps/advisor-crm/venv/lib/python3.13/site-packages/django/shortcuts.py", line 25, in render
    content = loader.render_to_string(template_name, context, request, using=using)
  File "/mnt/aaa22500-1d14-4161-b361-89d4e7d74008/Apps/advisor-crm/venv/lib/python3.13/site-packages/django/template/loader.py", line 62, in render_to_string
    return template.render(context, request)
           ~~~~~~~~~~~~~~~^^^^^^^^^^^^^^^^^^
  File "/mnt/aaa22500-1d14-4161-b361-89d4e7d74008/Apps/advisor-crm/venv/lib/python3.13/site-packages/django/template/backends/django.py", line 107, in render
    return self.template.render(context)
           ~~~~~~~~~~~~~~~~~~~~^^^^^^^^^
  File "/mnt/aaa22500-1d14-4161-b361-89d4e7d74008/Apps/advisor-crm/venv/lib/python3.13/site-packages/django/template/base.py", line 171, in render
    return self._render(context)
           ~~~~~~~~~~~~^^^^^^^^^
  File "/mnt/aaa22500-1d14-4161-b361-89d4e7d74008/Apps/advisor-crm/venv/lib/python3.13/site-packages/django/template/base.py", line 163, in _render
    return self.nodelist.render(context)
           ~~~~~~~~~~~~~~~~~~~~^^^^^^^^^
  File "/mnt/aaa22500-1d14-4161-b361-89d4e7d74008/Apps/advisor-crm/venv/lib/python3.13/site-packages/django/template/base.py", line 1016, in render
    return SafeString("".join([node.render_annotated(context) for node in self]))
                               ~~~~~~~~~~~~~~~~~~~~~^^^^^^^^^
  File "/mnt/aaa22500-1d14-4161-b361-89d4e7d74008/Apps/advisor-crm/venv/lib/python3.13/site-packages/django/template/base.py", line 977, in render_annotated
    return self.render(context)
           ~~~~~~~~~~~^^^^^^^^^
  File "/mnt/aaa22500-1d14-4161-b361-89d4e7d74008/Apps/advisor-crm/venv/lib/python3.13/site-packages/django/template/loader_tags.py", line 159, in render
    return compiled_parent._render(context)
           ~~~~~~~~~~~~~~~~~~~~~~~^^^^^^^^^
  File "/mnt/aaa22500-1d14-4161-b361-89d4e7d74008/Apps/advisor-crm/venv/lib/python3.13/site-packages/django/template/base.py", line 163, in _render
    return self.nodelist.render(context)
           ~~~~~~~~~~~~~~~~~~~~^^^^^^^^^
  File "/mnt/aaa22500-1d14-4161-b361-89d4e7d74008/Apps/advisor-crm/venv/lib/python3.13/site-packages/django/template/base.py", line 1016, in render
    return SafeString("".join([node.render_annotated(context) for node in self]))
                               ~~~~~~~~~~~~~~~~~~~~~^^^^^^^^^
  File "/mnt/aaa22500-1d14-4161-b361-89d4e7d74008/Apps/advisor-crm/venv/lib/python3.13/site-packages/django/template/base.py", line 977, in render_annotated
    return self.render(context)
           ~~~~~~~~~~~^^^^^^^^^
  File "/mnt/aaa22500-1d14-4161-b361-89d4e7d74008/Apps/advisor-crm/venv/lib/python3.13/site-packages/django/template/defaulttags.py", line 480, in render
    url = reverse(view_name, args=args, kwargs=kwargs, current_app=current_app)
  File "/mnt/aaa22500-1d14-4161-b361-89d4e7d74008/Apps/advisor-crm/venv/lib/python3.13/site-packages/django/urls/base.py", line 98, in reverse
    resolved_url = resolver._reverse_with_prefix(view, prefix, *args, **kwargs)
  File "/mnt/aaa22500-1d14-4161-b361-89d4e7d74008/Apps/advisor-crm/venv/lib/python3.13/site-packages/django/urls/resolvers.py", line 831, in _reverse_with_prefix
    raise NoReverseMatch(msg)
django.urls.exceptions.NoReverseMatch: Reverse for 'advisor' not found. 'advisor' is not a valid view function or pattern name.
Internal Server Error: /dashboard/
Traceback (most recent call last):
  File "/mnt/aaa22500-1d14-4161-b361-89d4e7d74008/Apps/advisor-crm/venv/lib/python3.13/site-packages/django/core/handlers/exception.py", line 55, in inner
    response = get_response(request)
  File "/mnt/aaa22500-1d14-4161-b361-89d4e7d74008/Apps/advisor-crm/venv/lib/python3.13/site-packages/django/core/handlers/base.py", line 197, in _get_response
    response = wrapped_callback(request, *callback_args, **callback_kwargs)
  File "/mnt/aaa22500-1d14-4161-b361-89d4e7d74008/Apps/advisor-crm/venv/lib/python3.13/site-packages/django/contrib/auth/decorators.py", line 59, in _view_wrapper
    return view_func(request, *args, **kwargs)
  File "/mnt/aaa22500-1d14-4161-b361-89d4e7d74008/Apps/advisor-crm/advisor_crm/crm/views.py", line 80, in dashboard
    return render(request, 'crm/dashboard.html', context)
  File "/mnt/aaa22500-1d14-4161-b361-89d4e7d74008/Apps/advisor-crm/venv/lib/python3.13/site-packages/django/shortcuts.py", line 25, in render
    content = loader.render_to_string(template_name, context, request, using=using)
  File "/mnt/aaa22500-1d14-4161-b361-89d4e7d74008/Apps/advisor-crm/venv/lib/python3.13/site-packages/django/template/loader.py", line 62, in render_to_string
    return template.render(context, request)
           ~~~~~~~~~~~~~~~^^^^^^^^^^^^^^^^^^
  File "/mnt/aaa22500-1d14-4161-b361-89d4e7d74008/Apps/advisor-crm/venv/lib/python3.13/site-packages/django/template/backends/django.py", line 107, in render
    return self.template.render(context)
           ~~~~~~~~~~~~~~~~~~~~^^^^^^^^^
  File "/mnt/aaa22500-1d14-4161-b361-89d4e7d74008/Apps/advisor-crm/venv/lib/python3.13/site-packages/django/template/base.py", line 171, in render
    return self._render(context)
           ~~~~~~~~~~~~^^^^^^^^^
  File "/mnt/aaa22500-1d14-4161-b361-89d4e7d74008/Apps/advisor-crm/venv/lib/python3.13/site-packages/django/template/base.py", line 163, in _render
    return self.nodelist.render(context)
           ~~~~~~~~~~~~~~~~~~~~^^^^^^^^^
  File "/mnt/aaa22500-1d14-4161-b361-89d4e7d74008/Apps/advisor-crm/venv/lib/python3.13/site-packages/django/template/base.py", line 1016, in render
    return SafeString("".join([node.render_annotated(context) for node in self]))
                               ~~~~~~~~~~~~~~~~~~~~~^^^^^^^^^
  File "/mnt/aaa22500-1d14-4161-b361-89d4e7d74008/Apps/advisor-crm/venv/lib/python3.13/site-packages/django/template/base.py", line 977, in render_annotated
    return self.render(context)
           ~~~~~~~~~~~^^^^^^^^^
  File "/mnt/aaa22500-1d14-4161-b361-89d4e7d74008/Apps/advisor-crm/venv/lib/python3.13/site-packages/django/template/loader_tags.py", line 159, in render
    return compiled_parent._render(context)
           ~~~~~~~~~~~~~~~~~~~~~~~^^^^^^^^^
  File "/mnt/aaa22500-1d14-4161-b361-89d4e7d74008/Apps/advisor-crm/venv/lib/python3.13/site-packages/django/template/base.py", line 163, in _render
    return self.nodelist.render(context)
           ~~~~~~~~~~~~~~~~~~~~^^^^^^^^^
  File "/mnt/aaa22500-1d14-4161-b361-89d4e7d74008/Apps/advisor-crm/venv/lib/python3.13/site-packages/django/template/base.py", line 1016, in render
    return SafeString("".join([node.render_annotated(context) for node in self]))
                               ~~~~~~~~~~~~~~~~~~~~~^^^^^^^^^
  File "/mnt/aaa22500-1d14-4161-b361-89d4e7d74008/Apps/advisor-crm/venv/lib/python3.13/site-packages/django/template/base.py", line 977, in render_annotated
    return self.render(context)
           ~~~~~~~~~~~^^^^^^^^^
  File "/mnt/aaa22500-1d14-4161-b361-89d4e7d74008/Apps/advisor-crm/venv/lib/python3.13/site-packages/django/template/defaulttags.py", line 480, in render
    url = reverse(view_name, args=args, kwargs=kwargs, current_app=current_app)
  File "/mnt/aaa22500-1d14-4161-b361-89d4e7d74008/Apps/advisor-crm/venv/lib/python3.13/site-packages/django/urls/base.py", line 98, in reverse
    resolved_url = resolver._reverse_with_prefix(view, prefix, *args, **kwargs)
  File "/mnt/aaa22500-1d14-4161-b361-89d4e7d74008/Apps/advisor-crm/venv/lib/python3.13/site-packages/django/urls/resolvers.py", line 831, in _reverse_with_prefix
    raise NoReverseMatch(msg)
django.urls.exceptions.NoReverseMatch: Reverse for 'advisor_list' not found. 'advisor_list' is not a valid view function or pattern name.
Internal Server Error: /dashboard/
Traceback (most recent call last):
  File "/mnt/aaa22500-1d14-4161-b361-89d4e7d74008/Apps/advisor-crm/venv/lib/python3.13/site-packages/django/core/handlers/exception.py", line 55, in inner
    response = get_response(request)
  File "/mnt/aaa22500-1d14-4161-b361-89d4e7d74008/Apps/advisor-crm/venv/lib/python3.13/site-packages/django/core/handlers/base.py", line 197, in _get_response
    response = wrapped_callback(request, *callback_args, **callback_kwargs)
  File "/mnt/aaa22500-1d14-4161-b361-89d4e7d74008/Apps/advisor-crm/venv/lib/python3.13/site-packages/django/contrib/auth/decorators.py", line 59, in _view_wrapper
    return view_func(request, *args, **kwargs)
  File "/mnt/aaa22500-1d14-4161-b361-89d4e7d74008/Apps/advisor-crm/advisor_crm/crm/views.py", line 80, in dashboard
    return render(request, 'crm/dashboard.html', context)
  File "/mnt/aaa22500-1d14-4161-b361-89d4e7d74008/Apps/advisor-crm/venv/lib/python3.13/site-packages/django/shortcuts.py", line 25, in render
    content = loader.render_to_string(template_name, context, request, using=using)
  File "/mnt/aaa22500-1d14-4161-b361-89d4e7d74008/Apps/advisor-crm/venv/lib/python3.13/site-packages/django/template/loader.py", line 62, in render_to_string
    return template.render(context, request)
           ~~~~~~~~~~~~~~~^^^^^^^^^^^^^^^^^^
  File "/mnt/aaa22500-1d14-4161-b361-89d4e7d74008/Apps/advisor-crm/venv/lib/python3.13/site-packages/django/template/backends/django.py", line 107, in render
    return self.template.render(context)
           ~~~~~~~~~~~~~~~~~~~~^^^^^^^^^
  File "/mnt/aaa22500-1d14-4161-b361-89d4e7d74008/Apps/advisor-crm/venv/lib/python3.13/site-packages/django/template/base.py", line 171, in render
    return self._render(context)
           ~~~~~~~~~~~~^^^^^^^^^
  File "/mnt/aaa22500-1d14-4161-b361-89d4e7d74008/Apps/advisor-crm/venv/lib/python3.13/site-packages/django/template/base.py", line 163, in _render
    return self.nodelist.render(context)
           ~~~~~~~~~~~~~~~~~~~~^^^^^^^^^
  File "/mnt/aaa22500-1d14-4161-b361-89d4e7d74008/Apps/advisor-crm/venv/lib/python3.13/site-packages/django/template/base.py", line 1016, in render
    return SafeString("".join([node.render_annotated(context) for node in self]))
                               ~~~~~~~~~~~~~~~~~~~~~^^^^^^^^^
  File "/mnt/aaa22500-1d14-4161-b361-89d4e7d74008/Apps/advisor-crm/venv/lib/python3.13/site-packages/django/template/base.py", line 977, in render_annotated
    return self.render(context)
           ~~~~~~~~~~~^^^^^^^^^
  File "/mnt/aaa22500-1d14-4161-b361-89d4e7d74008/Apps/advisor-crm/venv/lib/python3.13/site-packages/django/template/loader_tags.py", line 159, in render
    return compiled_parent._render(context)
           ~~~~~~~~~~~~~~~~~~~~~~~^^^^^^^^^
  File "/mnt/aaa22500-1d14-4161-b361-89d4e7d74008/Apps/advisor-crm/venv/lib/python3.13/site-packages/django/template/base.py", line 163, in _render
    return self.nodelist.render(context)
           ~~~~~~~~~~~~~~~~~~~~^^^^^^^^^
  File "/mnt/aaa22500-1d14-4161-b361-89d4e7d74008/Apps/advisor-crm/venv/lib/python3.13/site-packages/django/template/base.py", line 1016, in render
    return SafeString("".join([node.render_annotated(context) for node in self]))
                               ~~~~~~~~~~~~~~~~~~~~~^^^^^^^^^
  File "/mnt/aaa22500-1d14-4161-b361-89d4e7d74008/Apps/advisor-crm/venv/lib/python3.13/site-packages/django/template/base.py", line 977, in render_annotated
    return self.render(context)
           ~~~~~~~~~~~^^^^^^^^^
  File "/mnt/aaa22500-1d14-4161-b361-89d4e7d74008/Apps/advisor-crm/venv/lib/python3.13/site-packages/django/template/defaulttags.py", line 480, in render
    url = reverse(view_name, args=args, kwargs=kwargs, current_app=current_app)
  File "/mnt/aaa22500-1d14-4161-b361-89d4e7d74008/Apps/advisor-crm/venv/lib/python3.13/site-packages/django/urls/base.py", line 98, in reverse
    resolved_url = resolver._reverse_with_prefix(view, prefix, *args, **kwargs)
  File "/mnt/aaa22500-1d14-4161-b361-89d4e7d74008/Apps/advisor-crm/venv/lib/python3.13/site-packages/django/urls/resolvers.py", line 831, in _reverse_with_prefix
    raise NoReverseMatch(msg)
django.urls.exceptions.NoReverseMatch: Reverse for 'advisor_list' not found. 'advisor_list' is not a valid view function or pattern name.
/mnt/aaa22500-1d14-4161-b361-89d4e7d74008/Apps/advisor-crm/advisor_crm/crm/urls.py changed, reloading.
Watching for file changes with StatReloader
/mnt/aaa22500-1d14-4161-b361-89d4e7d74008/Apps/advisor-crm/advisor_crm/crm/views.py changed, reloading.
Watching for file changes with StatReloader
/mnt/aaa22500-1d14-4161-b361-89d4e7d74008/Apps/advisor-crm/advisor_crm/crm/views.py changed, reloading.
Watching for file changes with StatReloader
/mnt/aaa22500-1d14-4161-b361-89d4e7d74008/Apps/advisor-crm/advisor_crm/crm/forms.py changed, reloading.
Watching for file changes with StatReloader
/mnt/aaa22500-1d14-4161-b361-89d4e7d74008/Apps/advisor-crm/advisor_crm/crm/views.py changed, reloading.
Watching for file changes with StatReloader
/mnt/aaa22500-1d14-4161-b361-89d4e7d74008/Apps/advisor-crm/advisor_crm/crm/views.py changed, reloading.
Watching for file changes with StatReloader
Watching for file changes with StatReloader
/mnt/aaa22500-1d14-4161-b361-89d4e7d74008/Apps/advisor-crm/advisor_crm/crm/views.py changed, reloading.
Watching for file changes with StatReloader
Watching for file changes with StatReloader
Internal Server Error: /advisor/
Traceback (most recent call last):
  File "/mnt/aaa22500-1d14-4161-b361-89d4e7d74008/Apps/advisor-crm/venv/lib/python3.13/site-packages/django/core/handlers/exception.py", line 55, in inner
    response = get_response(request)
  File "/mnt/aaa22500-1d14-4161-b361-89d4e7d74008/Apps/advisor-crm/venv/lib/python3.13/site-packages/django/core/handlers/base.py", line 197, in _get_response
    response = wrapped_callback(request, *callback_args, **callback_kwargs)
  File "/mnt/aaa22500-1d14-4161-b361-89d4e7d74008/Apps/advisor-crm/venv/lib/python3.13/site-packages/django/views/generic/base.py", line 105, in view
    return self.dispatch(request, *args, **kwargs)
           ~~~~~~~~~~~~~^^^^^^^^^^^^^^^^^^^^^^^^^^
  File "/mnt/aaa22500-1d14-4161-b361-89d4e7d74008/Apps/advisor-crm/venv/lib/python3.13/site-packages/django/contrib/auth/mixins.py", line 73, in dispatch
    return super().dispatch(request, *args, **kwargs)
           ~~~~~~~~~~~~~~~~^^^^^^^^^^^^^^^^^^^^^^^^^^
  File "/mnt/aaa22500-1d14-4161-b361-89d4e7d74008/Apps/advisor-crm/venv/lib/python3.13/site-packages/django/views/generic/base.py", line 144, in dispatch
    return handler(request, *args, **kwargs)
  File "/mnt/aaa22500-1d14-4161-b361-89d4e7d74008/Apps/advisor-crm/venv/lib/python3.13/site-packages/django/views/generic/list.py", line 158, in get
    self.object_list = self.get_queryset()
                       ~~~~~~~~~~~~~~~~~^^
  File "/mnt/aaa22500-1d14-4161-b361-89d4e7d74008/Apps/advisor-crm/advisor_crm/crm/views.py", line 89, in get_queryset
    queryset = Advisor.objects.filter(advisor=self.request.user).order_by('-created_at')
               ~~~~~~~~~~~~~~~~~~~~~~^^^^^^^^^^^^^^^^^^^^^^^^^^^
  File "/mnt/aaa22500-1d14-4161-b361-89d4e7d74008/Apps/advisor-crm/venv/lib/python3.13/site-packages/django/db/models/manager.py", line 87, in manager_method
    return getattr(self.get_queryset(), name)(*args, **kwargs)
           ~~~~~~~~~~~~~~~~~~~~~~~~~~~~~~~~~~^^^^^^^^^^^^^^^^^
  File "/mnt/aaa22500-1d14-4161-b361-89d4e7d74008/Apps/advisor-crm/venv/lib/python3.13/site-packages/django/db/models/query.py", line 1493, in filter
    return self._filter_or_exclude(False, args, kwargs)
           ~~~~~~~~~~~~~~~~~~~~~~~^^^^^^^^^^^^^^^^^^^^^
  File "/mnt/aaa22500-1d14-4161-b361-89d4e7d74008/Apps/advisor-crm/venv/lib/python3.13/site-packages/django/db/models/query.py", line 1511, in _filter_or_exclude
    clone._filter_or_exclude_inplace(negate, args, kwargs)
    ~~~~~~~~~~~~~~~~~~~~~~~~~~~~~~~~^^^^^^^^^^^^^^^^^^^^^^
  File "/mnt/aaa22500-1d14-4161-b361-89d4e7d74008/Apps/advisor-crm/venv/lib/python3.13/site-packages/django/db/models/query.py", line 1518, in _filter_or_exclude_inplace
    self._query.add_q(Q(*args, **kwargs))
    ~~~~~~~~~~~~~~~~~^^^^^^^^^^^^^^^^^^^^
  File "/mnt/aaa22500-1d14-4161-b361-89d4e7d74008/Apps/advisor-crm/venv/lib/python3.13/site-packages/django/db/models/sql/query.py", line 1646, in add_q
    clause, _ = self._add_q(q_object, can_reuse)
                ~~~~~~~~~~~^^^^^^^^^^^^^^^^^^^^^
  File "/mnt/aaa22500-1d14-4161-b361-89d4e7d74008/Apps/advisor-crm/venv/lib/python3.13/site-packages/django/db/models/sql/query.py", line 1678, in _add_q
    child_clause, needed_inner = self.build_filter(
                                 ~~~~~~~~~~~~~~~~~^
        child,
        ^^^^^^
    ...<7 lines>...
        update_join_types=update_join_types,
        ^^^^^^^^^^^^^^^^^^^^^^^^^^^^^^^^^^^^
    )
    ^
  File "/mnt/aaa22500-1d14-4161-b361-89d4e7d74008/Apps/advisor-crm/venv/lib/python3.13/site-packages/django/db/models/sql/query.py", line 1526, in build_filter
    lookups, parts, reffed_expression = self.solve_lookup_type(arg, summarize)
                                        ~~~~~~~~~~~~~~~~~~~~~~^^^^^^^^^^^^^^^^
  File "/mnt/aaa22500-1d14-4161-b361-89d4e7d74008/Apps/advisor-crm/venv/lib/python3.13/site-packages/django/db/models/sql/query.py", line 1333, in solve_lookup_type
    _, field, _, lookup_parts = self.names_to_path(lookup_splitted, self.get_meta())
                                ~~~~~~~~~~~~~~~~~~^^^^^^^^^^^^^^^^^^^^^^^^^^^^^^^^^^
  File "/mnt/aaa22500-1d14-4161-b361-89d4e7d74008/Apps/advisor-crm/venv/lib/python3.13/site-packages/django/db/models/sql/query.py", line 1805, in names_to_path
    raise FieldError(
    ...<2 lines>...
    )
django.core.exceptions.FieldError: Cannot resolve keyword 'advisor' into field. Choices are: active, application, commission, communication, created_at, customer, date_joined, document, email, first_name, groups, hire_date, id, insurancepolicy, is_active, is_staff, is_superuser, last_login, last_name, license_number, logentry, mortgage, password, phone, specialization, updated_at, user_permissions, username
Internal Server Error: /advisor/
Traceback (most recent call last):
  File "/mnt/aaa22500-1d14-4161-b361-89d4e7d74008/Apps/advisor-crm/venv/lib/python3.13/site-packages/django/core/handlers/exception.py", line 55, in inner
    response = get_response(request)
  File "/mnt/aaa22500-1d14-4161-b361-89d4e7d74008/Apps/advisor-crm/venv/lib/python3.13/site-packages/django/core/handlers/base.py", line 197, in _get_response
    response = wrapped_callback(request, *callback_args, **callback_kwargs)
  File "/mnt/aaa22500-1d14-4161-b361-89d4e7d74008/Apps/advisor-crm/venv/lib/python3.13/site-packages/django/views/generic/base.py", line 105, in view
    return self.dispatch(request, *args, **kwargs)
           ~~~~~~~~~~~~~^^^^^^^^^^^^^^^^^^^^^^^^^^
  File "/mnt/aaa22500-1d14-4161-b361-89d4e7d74008/Apps/advisor-crm/venv/lib/python3.13/site-packages/django/contrib/auth/mixins.py", line 73, in dispatch
    return super().dispatch(request, *args, **kwargs)
           ~~~~~~~~~~~~~~~~^^^^^^^^^^^^^^^^^^^^^^^^^^
  File "/mnt/aaa22500-1d14-4161-b361-89d4e7d74008/Apps/advisor-crm/venv/lib/python3.13/site-packages/django/views/generic/base.py", line 144, in dispatch
    return handler(request, *args, **kwargs)
  File "/mnt/aaa22500-1d14-4161-b361-89d4e7d74008/Apps/advisor-crm/venv/lib/python3.13/site-packages/django/views/generic/list.py", line 158, in get
    self.object_list = self.get_queryset()
                       ~~~~~~~~~~~~~~~~~^^
  File "/mnt/aaa22500-1d14-4161-b361-89d4e7d74008/Apps/advisor-crm/advisor_crm/crm/views.py", line 89, in get_queryset
    queryset = Advisor.objects.filter(advisor=self.request.user).order_by('-created_at')
               ~~~~~~~~~~~~~~~~~~~~~~^^^^^^^^^^^^^^^^^^^^^^^^^^^
  File "/mnt/aaa22500-1d14-4161-b361-89d4e7d74008/Apps/advisor-crm/venv/lib/python3.13/site-packages/django/db/models/manager.py", line 87, in manager_method
    return getattr(self.get_queryset(), name)(*args, **kwargs)
           ~~~~~~~~~~~~~~~~~~~~~~~~~~~~~~~~~~^^^^^^^^^^^^^^^^^
  File "/mnt/aaa22500-1d14-4161-b361-89d4e7d74008/Apps/advisor-crm/venv/lib/python3.13/site-packages/django/db/models/query.py", line 1493, in filter
    return self._filter_or_exclude(False, args, kwargs)
           ~~~~~~~~~~~~~~~~~~~~~~~^^^^^^^^^^^^^^^^^^^^^
  File "/mnt/aaa22500-1d14-4161-b361-89d4e7d74008/Apps/advisor-crm/venv/lib/python3.13/site-packages/django/db/models/query.py", line 1511, in _filter_or_exclude
    clone._filter_or_exclude_inplace(negate, args, kwargs)
    ~~~~~~~~~~~~~~~~~~~~~~~~~~~~~~~~^^^^^^^^^^^^^^^^^^^^^^
  File "/mnt/aaa22500-1d14-4161-b361-89d4e7d74008/Apps/advisor-crm/venv/lib/python3.13/site-packages/django/db/models/query.py", line 1518, in _filter_or_exclude_inplace
    self._query.add_q(Q(*args, **kwargs))
    ~~~~~~~~~~~~~~~~~^^^^^^^^^^^^^^^^^^^^
  File "/mnt/aaa22500-1d14-4161-b361-89d4e7d74008/Apps/advisor-crm/venv/lib/python3.13/site-packages/django/db/models/sql/query.py", line 1646, in add_q
    clause, _ = self._add_q(q_object, can_reuse)
                ~~~~~~~~~~~^^^^^^^^^^^^^^^^^^^^^
  File "/mnt/aaa22500-1d14-4161-b361-89d4e7d74008/Apps/advisor-crm/venv/lib/python3.13/site-packages/django/db/models/sql/query.py", line 1678, in _add_q
    child_clause, needed_inner = self.build_filter(
                                 ~~~~~~~~~~~~~~~~~^
        child,
        ^^^^^^
    ...<7 lines>...
        update_join_types=update_join_types,
        ^^^^^^^^^^^^^^^^^^^^^^^^^^^^^^^^^^^^
    )
    ^
  File "/mnt/aaa22500-1d14-4161-b361-89d4e7d74008/Apps/advisor-crm/venv/lib/python3.13/site-packages/django/db/models/sql/query.py", line 1526, in build_filter
    lookups, parts, reffed_expression = self.solve_lookup_type(arg, summarize)
                                        ~~~~~~~~~~~~~~~~~~~~~~^^^^^^^^^^^^^^^^
  File "/mnt/aaa22500-1d14-4161-b361-89d4e7d74008/Apps/advisor-crm/venv/lib/python3.13/site-packages/django/db/models/sql/query.py", line 1333, in solve_lookup_type
    _, field, _, lookup_parts = self.names_to_path(lookup_splitted, self.get_meta())
                                ~~~~~~~~~~~~~~~~~~^^^^^^^^^^^^^^^^^^^^^^^^^^^^^^^^^^
  File "/mnt/aaa22500-1d14-4161-b361-89d4e7d74008/Apps/advisor-crm/venv/lib/python3.13/site-packages/django/db/models/sql/query.py", line 1805, in names_to_path
    raise FieldError(
    ...<2 lines>...
    )
django.core.exceptions.FieldError: Cannot resolve keyword 'advisor' into field. Choices are: active, application, commission, communication, created_at, customer, date_joined, document, email, first_name, groups, hire_date, id, insurancepolicy, is_active, is_staff, is_superuser, last_login, last_name, license_number, logentry, mortgage, password, phone, specialization, updated_at, user_permissions, username
Internal Server Error: /advisor/
Traceback (most recent call last):
  File "/mnt/aaa22500-1d14-4161-b361-89d4e7d74008/Apps/advisor-crm/venv/lib/python3.13/site-packages/django/core/handlers/exception.py", line 55, in inner
    response = get_response(request)
  File "/mnt/aaa22500-1d14-4161-b361-89d4e7d74008/Apps/advisor-crm/venv/lib/python3.13/site-packages/django/core/handlers/base.py", line 197, in _get_response
    response = wrapped_callback(request, *callback_args, **callback_kwargs)
  File "/mnt/aaa22500-1d14-4161-b361-89d4e7d74008/Apps/advisor-crm/venv/lib/python3.13/site-packages/django/views/generic/base.py", line 105, in view
    return self.dispatch(request, *args, **kwargs)
           ~~~~~~~~~~~~~^^^^^^^^^^^^^^^^^^^^^^^^^^
  File "/mnt/aaa22500-1d14-4161-b361-89d4e7d74008/Apps/advisor-crm/venv/lib/python3.13/site-packages/django/contrib/auth/mixins.py", line 73, in dispatch
    return super().dispatch(request, *args, **kwargs)
           ~~~~~~~~~~~~~~~~^^^^^^^^^^^^^^^^^^^^^^^^^^
  File "/mnt/aaa22500-1d14-4161-b361-89d4e7d74008/Apps/advisor-crm/venv/lib/python3.13/site-packages/django/views/generic/base.py", line 144, in dispatch
    return handler(request, *args, **kwargs)
  File "/mnt/aaa22500-1d14-4161-b361-89d4e7d74008/Apps/advisor-crm/venv/lib/python3.13/site-packages/django/views/generic/list.py", line 158, in get
    self.object_list = self.get_queryset()
                       ~~~~~~~~~~~~~~~~~^^
  File "/mnt/aaa22500-1d14-4161-b361-89d4e7d74008/Apps/advisor-crm/advisor_crm/crm/views.py", line 89, in get_queryset
    queryset = Advisor.objects.filter(advisor=self.request.user).order_by('-created_at')
               ~~~~~~~~~~~~~~~~~~~~~~^^^^^^^^^^^^^^^^^^^^^^^^^^^
  File "/mnt/aaa22500-1d14-4161-b361-89d4e7d74008/Apps/advisor-crm/venv/lib/python3.13/site-packages/django/db/models/manager.py", line 87, in manager_method
    return getattr(self.get_queryset(), name)(*args, **kwargs)
           ~~~~~~~~~~~~~~~~~~~~~~~~~~~~~~~~~~^^^^^^^^^^^^^^^^^
  File "/mnt/aaa22500-1d14-4161-b361-89d4e7d74008/Apps/advisor-crm/venv/lib/python3.13/site-packages/django/db/models/query.py", line 1493, in filter
    return self._filter_or_exclude(False, args, kwargs)
           ~~~~~~~~~~~~~~~~~~~~~~~^^^^^^^^^^^^^^^^^^^^^
  File "/mnt/aaa22500-1d14-4161-b361-89d4e7d74008/Apps/advisor-crm/venv/lib/python3.13/site-packages/django/db/models/query.py", line 1511, in _filter_or_exclude
    clone._filter_or_exclude_inplace(negate, args, kwargs)
    ~~~~~~~~~~~~~~~~~~~~~~~~~~~~~~~~^^^^^^^^^^^^^^^^^^^^^^
  File "/mnt/aaa22500-1d14-4161-b361-89d4e7d74008/Apps/advisor-crm/venv/lib/python3.13/site-packages/django/db/models/query.py", line 1518, in _filter_or_exclude_inplace
    self._query.add_q(Q(*args, **kwargs))
    ~~~~~~~~~~~~~~~~~^^^^^^^^^^^^^^^^^^^^
  File "/mnt/aaa22500-1d14-4161-b361-89d4e7d74008/Apps/advisor-crm/venv/lib/python3.13/site-packages/django/db/models/sql/query.py", line 1646, in add_q
    clause, _ = self._add_q(q_object, can_reuse)
                ~~~~~~~~~~~^^^^^^^^^^^^^^^^^^^^^
  File "/mnt/aaa22500-1d14-4161-b361-89d4e7d74008/Apps/advisor-crm/venv/lib/python3.13/site-packages/django/db/models/sql/query.py", line 1678, in _add_q
    child_clause, needed_inner = self.build_filter(
                                 ~~~~~~~~~~~~~~~~~^
        child,
        ^^^^^^
    ...<7 lines>...
        update_join_types=update_join_types,
        ^^^^^^^^^^^^^^^^^^^^^^^^^^^^^^^^^^^^
    )
    ^
  File "/mnt/aaa22500-1d14-4161-b361-89d4e7d74008/Apps/advisor-crm/venv/lib/python3.13/site-packages/django/db/models/sql/query.py", line 1526, in build_filter
    lookups, parts, reffed_expression = self.solve_lookup_type(arg, summarize)
                                        ~~~~~~~~~~~~~~~~~~~~~~^^^^^^^^^^^^^^^^
  File "/mnt/aaa22500-1d14-4161-b361-89d4e7d74008/Apps/advisor-crm/venv/lib/python3.13/site-packages/django/db/models/sql/query.py", line 1333, in solve_lookup_type
    _, field, _, lookup_parts = self.names_to_path(lookup_splitted, self.get_meta())
                                ~~~~~~~~~~~~~~~~~~^^^^^^^^^^^^^^^^^^^^^^^^^^^^^^^^^^
  File "/mnt/aaa22500-1d14-4161-b361-89d4e7d74008/Apps/advisor-crm/venv/lib/python3.13/site-packages/django/db/models/sql/query.py", line 1805, in names_to_path
    raise FieldError(
    ...<2 lines>...
    )
django.core.exceptions.FieldError: Cannot resolve keyword 'advisor' into field. Choices are: active, application, commission, communication, created_at, customer, date_joined, document, email, first_name, groups, hire_date, id, insurancepolicy, is_active, is_staff, is_superuser, last_login, last_name, license_number, logentry, mortgage, password, phone, specialization, updated_at, user_permissions, username
/mnt/aaa22500-1d14-4161-b361-89d4e7d74008/Apps/advisor-crm/advisor_crm/crm/models.py changed, reloading.
Watching for file changes with StatReloader
/mnt/aaa22500-1d14-4161-b361-89d4e7d74008/Apps/advisor-crm/advisor_crm/crm/views.py changed, reloading.
Watching for file changes with StatReloader
Watching for file changes with StatReloader
/mnt/aaa22500-1d14-4161-b361-89d4e7d74008/Apps/advisor-crm/advisor_crm/crm/models.py changed, reloading.
Watching for file changes with StatReloader
/mnt/aaa22500-1d14-4161-b361-89d4e7d74008/Apps/advisor-crm/advisor_crm/crm/views.py changed, reloading.
Watching for file changes with StatReloader
Watching for file changes with StatReloader
/mnt/aaa22500-1d14-4161-b361-89d4e7d74008/Apps/advisor-crm/advisor_crm/crm/models.py changed, reloading.
Watching for file changes with StatReloader
/mnt/aaa22500-1d14-4161-b361-89d4e7d74008/Apps/advisor-crm/advisor_crm/crm/views.py changed, reloading.
Watching for file changes with StatReloader
/mnt/aaa22500-1d14-4161-b361-89d4e7d74008/Apps/advisor-crm/advisor_crm/crm/forms.py changed, reloading.
Watching for file changes with StatReloader
/mnt/aaa22500-1d14-4161-b361-89d4e7d74008/Apps/advisor-crm/advisor_crm/crm/views.py changed, reloading.
Watching for file changes with StatReloader
Watching for file changes with StatReloader
/mnt/aaa22500-1d14-4161-b361-89d4e7d74008/Apps/advisor-crm/advisor_crm/crm/views.py changed, reloading.
Watching for file changes with StatReloader
Watching for file changes with StatReloader
/mnt/aaa22500-1d14-4161-b361-89d4e7d74008/Apps/advisor-crm/advisor_crm/crm/models.py changed, reloading.
Watching for file changes with StatReloader
/mnt/aaa22500-1d14-4161-b361-89d4e7d74008/Apps/advisor-crm/advisor_crm/crm/models.py changed, reloading.
Watching for file changes with StatReloader
/mnt/aaa22500-1d14-4161-b361-89d4e7d74008/Apps/advisor-crm/advisor_crm/crm/forms.py changed, reloading.
Watching for file changes with StatReloader
/mnt/aaa22500-1d14-4161-b361-89d4e7d74008/Apps/advisor-crm/advisor_crm/advisor_crm/settings.py changed, reloading.
Watching for file changes with StatReloader
/mnt/aaa22500-1d14-4161-b361-89d4e7d74008/Apps/advisor-crm/advisor_crm/crm/views.py changed, reloading.
Watching for file changes with StatReloader
Watching for file changes with StatReloader
/mnt/aaa22500-1d14-4161-b361-89d4e7d74008/Apps/advisor-crm/advisor_crm/crm/models.py changed, reloading.
Watching for file changes with StatReloader
Watching for file changes with StatReloader
Internal Server Error: /advisor/
Traceback (most recent call last):
  File "/home/vivek/anaconda3/lib/python3.13/site-packages/django/template/base.py", line 505, in parse
    compile_func = self.tags[command]
                   ~~~~~~~~~^^^^^^^^^
KeyError: 'endfor'

During handling of the above exception, another exception occurred:

Traceback (most recent call last):
  File "/home/vivek/anaconda3/lib/python3.13/site-packages/django/core/handlers/exception.py", line 55, in inner
    response = get_response(request)
  File "/home/vivek/anaconda3/lib/python3.13/site-packages/django/core/handlers/base.py", line 220, in _get_response
    response = response.render()
  File "/home/vivek/anaconda3/lib/python3.13/site-packages/django/template/response.py", line 114, in render
    self.content = self.rendered_content
                   ^^^^^^^^^^^^^^^^^^^^^
  File "/home/vivek/anaconda3/lib/python3.13/site-packages/django/template/response.py", line 90, in rendered_content
    template = self.resolve_template(self.template_name)
  File "/home/vivek/anaconda3/lib/python3.13/site-packages/django/template/response.py", line 72, in resolve_template
    return select_template(template, using=self.using)
  File "/home/vivek/anaconda3/lib/python3.13/site-packages/django/template/loader.py", line 42, in select_template
    return engine.get_template(template_name)
           ~~~~~~~~~~~~~~~~~~~^^^^^^^^^^^^^^^
  File "/home/vivek/anaconda3/lib/python3.13/site-packages/django/template/backends/django.py", line 33, in get_template
    return Template(self.engine.get_template(template_name), self)
                    ~~~~~~~~~~~~~~~~~~~~~~~~^^^^^^^^^^^^^^^
  File "/home/vivek/anaconda3/lib/python3.13/site-packages/django/template/engine.py", line 175, in get_template
    template, origin = self.find_template(template_name)
                       ~~~~~~~~~~~~~~~~~~^^^^^^^^^^^^^^^
  File "/home/vivek/anaconda3/lib/python3.13/site-packages/django/template/engine.py", line 157, in find_template
    template = loader.get_template(name, skip=skip)
  File "/home/vivek/anaconda3/lib/python3.13/site-packages/django/template/loaders/cached.py", line 57, in get_template
    template = super().get_template(template_name, skip)
  File "/home/vivek/anaconda3/lib/python3.13/site-packages/django/template/loaders/base.py", line 28, in get_template
    return Template(
        contents,
    ...<2 lines>...
        self.engine,
    )
  File "/home/vivek/anaconda3/lib/python3.13/site-packages/django/template/base.py", line 154, in __init__
    self.nodelist = self.compile_nodelist()
                    ~~~~~~~~~~~~~~~~~~~~~^^
  File "/home/vivek/anaconda3/lib/python3.13/site-packages/django/template/base.py", line 200, in compile_nodelist
    return parser.parse()
           ~~~~~~~~~~~~^^
  File "/home/vivek/anaconda3/lib/python3.13/site-packages/django/template/base.py", line 513, in parse
    raise self.error(token, e)
  File "/home/vivek/anaconda3/lib/python3.13/site-packages/django/template/base.py", line 511, in parse
    compiled_result = compile_func(self, token)
  File "/home/vivek/anaconda3/lib/python3.13/site-packages/django/template/loader_tags.py", line 293, in do_extends
    nodelist = parser.parse()
  File "/home/vivek/anaconda3/lib/python3.13/site-packages/django/template/base.py", line 513, in parse
    raise self.error(token, e)
  File "/home/vivek/anaconda3/lib/python3.13/site-packages/django/template/base.py", line 511, in parse
    compiled_result = compile_func(self, token)
  File "/home/vivek/anaconda3/lib/python3.13/site-packages/django/template/loader_tags.py", line 232, in do_block
    nodelist = parser.parse(("endblock",))
  File "/home/vivek/anaconda3/lib/python3.13/site-packages/django/template/base.py", line 513, in parse
    raise self.error(token, e)
  File "/home/vivek/anaconda3/lib/python3.13/site-packages/django/template/base.py", line 511, in parse
    compiled_result = compile_func(self, token)
  File "/home/vivek/anaconda3/lib/python3.13/site-packages/django/template/defaulttags.py", line 953, in do_if
    nodelist = parser.parse(("elif", "else", "endif"))
  File "/home/vivek/anaconda3/lib/python3.13/site-packages/django/template/base.py", line 507, in parse
    self.invalid_block_tag(token, command, parse_until)
    ~~~~~~~~~~~~~~~~~~~~~~^^^^^^^^^^^^^^^^^^^^^^^^^^^^^
  File "/home/vivek/anaconda3/lib/python3.13/site-packages/django/template/base.py", line 558, in invalid_block_tag
    raise self.error(
    ...<8 lines>...
    )
django.template.exceptions.TemplateSyntaxError: Invalid block tag on line 71: 'endfor', expected 'elif', 'else' or 'endif'. Did you forget to register or load this tag?
/mnt/aaa22500-1d14-4161-b361-89d4e7d74008/Apps/advisor-crm/advisor_crm/crm/forms.py changed, reloading.
Watching for file changes with StatReloader
Watching for file changes with StatReloader
Internal Server Error: /advisor/add/
Traceback (most recent call last):
  File "/home/vivek/anaconda3/lib/python3.13/site-packages/django/template/defaulttags.py", line 1026, in find_library
    return parser.libraries[name]
           ~~~~~~~~~~~~~~~~^^^^^^
KeyError: 'widget_tweaks'

During handling of the above exception, another exception occurred:

Traceback (most recent call last):
  File "/home/vivek/anaconda3/lib/python3.13/site-packages/django/core/handlers/exception.py", line 55, in inner
    response = get_response(request)
  File "/home/vivek/anaconda3/lib/python3.13/site-packages/django/core/handlers/base.py", line 220, in _get_response
    response = response.render()
  File "/home/vivek/anaconda3/lib/python3.13/site-packages/django/template/response.py", line 114, in render
    self.content = self.rendered_content
                   ^^^^^^^^^^^^^^^^^^^^^
  File "/home/vivek/anaconda3/lib/python3.13/site-packages/django/template/response.py", line 90, in rendered_content
    template = self.resolve_template(self.template_name)
  File "/home/vivek/anaconda3/lib/python3.13/site-packages/django/template/response.py", line 72, in resolve_template
    return select_template(template, using=self.using)
  File "/home/vivek/anaconda3/lib/python3.13/site-packages/django/template/loader.py", line 42, in select_template
    return engine.get_template(template_name)
           ~~~~~~~~~~~~~~~~~~~^^^^^^^^^^^^^^^
  File "/home/vivek/anaconda3/lib/python3.13/site-packages/django/template/backends/django.py", line 33, in get_template
    return Template(self.engine.get_template(template_name), self)
                    ~~~~~~~~~~~~~~~~~~~~~~~~^^^^^^^^^^^^^^^
  File "/home/vivek/anaconda3/lib/python3.13/site-packages/django/template/engine.py", line 175, in get_template
    template, origin = self.find_template(template_name)
                       ~~~~~~~~~~~~~~~~~~^^^^^^^^^^^^^^^
  File "/home/vivek/anaconda3/lib/python3.13/site-packages/django/template/engine.py", line 157, in find_template
    template = loader.get_template(name, skip=skip)
  File "/home/vivek/anaconda3/lib/python3.13/site-packages/django/template/loaders/cached.py", line 57, in get_template
    template = super().get_template(template_name, skip)
  File "/home/vivek/anaconda3/lib/python3.13/site-packages/django/template/loaders/base.py", line 28, in get_template
    return Template(
        contents,
    ...<2 lines>...
        self.engine,
    )
  File "/home/vivek/anaconda3/lib/python3.13/site-packages/django/template/base.py", line 154, in __init__
    self.nodelist = self.compile_nodelist()
                    ~~~~~~~~~~~~~~~~~~~~~^^
  File "/home/vivek/anaconda3/lib/python3.13/site-packages/django/template/base.py", line 200, in compile_nodelist
    return parser.parse()
           ~~~~~~~~~~~~^^
  File "/home/vivek/anaconda3/lib/python3.13/site-packages/django/template/base.py", line 513, in parse
    raise self.error(token, e)
  File "/home/vivek/anaconda3/lib/python3.13/site-packages/django/template/base.py", line 511, in parse
    compiled_result = compile_func(self, token)
  File "/home/vivek/anaconda3/lib/python3.13/site-packages/django/template/loader_tags.py", line 293, in do_extends
    nodelist = parser.parse()
  File "/home/vivek/anaconda3/lib/python3.13/site-packages/django/template/base.py", line 513, in parse
    raise self.error(token, e)
  File "/home/vivek/anaconda3/lib/python3.13/site-packages/django/template/base.py", line 511, in parse
    compiled_result = compile_func(self, token)
  File "/home/vivek/anaconda3/lib/python3.13/site-packages/django/template/defaulttags.py", line 1088, in load
    lib = find_library(parser, name)
  File "/home/vivek/anaconda3/lib/python3.13/site-packages/django/template/defaulttags.py", line 1028, in find_library
    raise TemplateSyntaxError(
    ...<5 lines>...
    )
django.template.exceptions.TemplateSyntaxError: 'widget_tweaks' is not a registered tag library. Must be one of:
admin_list
admin_modify
admin_urls
cache
i18n
l10n
log
static
tz
Internal Server Error: /advisor/add/
Traceback (most recent call last):
  File "/home/vivek/anaconda3/lib/python3.13/site-packages/django/template/defaulttags.py", line 1026, in find_library
    return parser.libraries[name]
           ~~~~~~~~~~~~~~~~^^^^^^
KeyError: 'widget_tweaks'

During handling of the above exception, another exception occurred:

Traceback (most recent call last):
  File "/home/vivek/anaconda3/lib/python3.13/site-packages/django/core/handlers/exception.py", line 55, in inner
    response = get_response(request)
  File "/home/vivek/anaconda3/lib/python3.13/site-packages/django/core/handlers/base.py", line 220, in _get_response
    response = response.render()
  File "/home/vivek/anaconda3/lib/python3.13/site-packages/django/template/response.py", line 114, in render
    self.content = self.rendered_content
                   ^^^^^^^^^^^^^^^^^^^^^
  File "/home/vivek/anaconda3/lib/python3.13/site-packages/django/template/response.py", line 90, in rendered_content
    template = self.resolve_template(self.template_name)
  File "/home/vivek/anaconda3/lib/python3.13/site-packages/django/template/response.py", line 72, in resolve_template
    return select_template(template, using=self.using)
  File "/home/vivek/anaconda3/lib/python3.13/site-packages/django/template/loader.py", line 42, in select_template
    return engine.get_template(template_name)
           ~~~~~~~~~~~~~~~~~~~^^^^^^^^^^^^^^^
  File "/home/vivek/anaconda3/lib/python3.13/site-packages/django/template/backends/django.py", line 33, in get_template
    return Template(self.engine.get_template(template_name), self)
                    ~~~~~~~~~~~~~~~~~~~~~~~~^^^^^^^^^^^^^^^
  File "/home/vivek/anaconda3/lib/python3.13/site-packages/django/template/engine.py", line 175, in get_template
    template, origin = self.find_template(template_name)
                       ~~~~~~~~~~~~~~~~~~^^^^^^^^^^^^^^^
  File "/home/vivek/anaconda3/lib/python3.13/site-packages/django/template/engine.py", line 157, in find_template
    template = loader.get_template(name, skip=skip)
  File "/home/vivek/anaconda3/lib/python3.13/site-packages/django/template/loaders/cached.py", line 57, in get_template
    template = super().get_template(template_name, skip)
  File "/home/vivek/anaconda3/lib/python3.13/site-packages/django/template/loaders/base.py", line 28, in get_template
    return Template(
        contents,
    ...<2 lines>...
        self.engine,
    )
  File "/home/vivek/anaconda3/lib/python3.13/site-packages/django/template/base.py", line 154, in __init__
    self.nodelist = self.compile_nodelist()
                    ~~~~~~~~~~~~~~~~~~~~~^^
  File "/home/vivek/anaconda3/lib/python3.13/site-packages/django/template/base.py", line 200, in compile_nodelist
    return parser.parse()
           ~~~~~~~~~~~~^^
  File "/home/vivek/anaconda3/lib/python3.13/site-packages/django/template/base.py", line 513, in parse
    raise self.error(token, e)
  File "/home/vivek/anaconda3/lib/python3.13/site-packages/django/template/base.py", line 511, in parse
    compiled_result = compile_func(self, token)
  File "/home/vivek/anaconda3/lib/python3.13/site-packages/django/template/loader_tags.py", line 293, in do_extends
    nodelist = parser.parse()
  File "/home/vivek/anaconda3/lib/python3.13/site-packages/django/template/base.py", line 513, in parse
    raise self.error(token, e)
  File "/home/vivek/anaconda3/lib/python3.13/site-packages/django/template/base.py", line 511, in parse
    compiled_result = compile_func(self, token)
  File "/home/vivek/anaconda3/lib/python3.13/site-packages/django/template/defaulttags.py", line 1088, in load
    lib = find_library(parser, name)
  File "/home/vivek/anaconda3/lib/python3.13/site-packages/django/template/defaulttags.py", line 1028, in find_library
    raise TemplateSyntaxError(
    ...<5 lines>...
    )
django.template.exceptions.TemplateSyntaxError: 'widget_tweaks' is not a registered tag library. Must be one of:
admin_list
admin_modify
admin_urls
cache
i18n
l10n
log
static
tz
Watching for file changes with StatReloader
Internal Server Error: /advisor/add/
Traceback (most recent call last):
  File "/mnt/aaa22500-1d14-4161-b361-89d4e7d74008/Apps/advisor-crm/venv/lib/python3.13/site-packages/django/core/handlers/exception.py", line 55, in inner
    response = get_response(request)
  File "/mnt/aaa22500-1d14-4161-b361-89d4e7d74008/Apps/advisor-crm/venv/lib/python3.13/site-packages/django/core/handlers/base.py", line 197, in _get_response
    response = wrapped_callback(request, *callback_args, **callback_kwargs)
  File "/mnt/aaa22500-1d14-4161-b361-89d4e7d74008/Apps/advisor-crm/venv/lib/python3.13/site-packages/django/views/generic/base.py", line 105, in view
    return self.dispatch(request, *args, **kwargs)
           ~~~~~~~~~~~~~^^^^^^^^^^^^^^^^^^^^^^^^^^
  File "/mnt/aaa22500-1d14-4161-b361-89d4e7d74008/Apps/advisor-crm/venv/lib/python3.13/site-packages/django/contrib/auth/mixins.py", line 73, in dispatch
    return super().dispatch(request, *args, **kwargs)
           ~~~~~~~~~~~~~~~~^^^^^^^^^^^^^^^^^^^^^^^^^^
  File "/mnt/aaa22500-1d14-4161-b361-89d4e7d74008/Apps/advisor-crm/venv/lib/python3.13/site-packages/django/views/generic/base.py", line 144, in dispatch
    return handler(request, *args, **kwargs)
  File "/mnt/aaa22500-1d14-4161-b361-89d4e7d74008/Apps/advisor-crm/venv/lib/python3.13/site-packages/django/views/generic/edit.py", line 182, in post
    return super().post(request, *args, **kwargs)
           ~~~~~~~~~~~~^^^^^^^^^^^^^^^^^^^^^^^^^^
  File "/mnt/aaa22500-1d14-4161-b361-89d4e7d74008/Apps/advisor-crm/venv/lib/python3.13/site-packages/django/views/generic/edit.py", line 151, in post
    return self.form_valid(form)
           ~~~~~~~~~~~~~~~^^^^^^
  File "/mnt/aaa22500-1d14-4161-b361-89d4e7d74008/Apps/advisor-crm/venv/lib/python3.13/site-packages/django/views/generic/edit.py", line 133, in form_valid
    self.object = form.save()
                  ~~~~~~~~~^^
  File "/mnt/aaa22500-1d14-4161-b361-89d4e7d74008/Apps/advisor-crm/advisor_crm/crm/forms.py", line 69, in save
    user = User.objects.create_user(
           ^^^^^^^^^^^^
  File "/mnt/aaa22500-1d14-4161-b361-89d4e7d74008/Apps/advisor-crm/venv/lib/python3.13/site-packages/django/db/models/manager.py", line 196, in __get__
    raise AttributeError(
    ...<5 lines>...
    )
AttributeError: Manager isn't available; 'auth.User' has been swapped for 'crm.Advisor'
/mnt/aaa22500-1d14-4161-b361-89d4e7d74008/Apps/advisor-crm/advisor_crm/crm/models.py changed, reloading.
Watching for file changes with StatReloader
/mnt/aaa22500-1d14-4161-b361-89d4e7d74008/Apps/advisor-crm/advisor_crm/crm/models.py changed, reloading.
Watching for file changes with StatReloader
Watching for file changes with StatReloader
Internal Server Error: /advisor/add/
Traceback (most recent call last):
  File "/mnt/aaa22500-1d14-4161-b361-89d4e7d74008/Apps/advisor-crm/venv/lib/python3.13/site-packages/django/core/handlers/exception.py", line 55, in inner
    response = get_response(request)
  File "/mnt/aaa22500-1d14-4161-b361-89d4e7d74008/Apps/advisor-crm/venv/lib/python3.13/site-packages/django/core/handlers/base.py", line 197, in _get_response
    response = wrapped_callback(request, *callback_args, **callback_kwargs)
  File "/mnt/aaa22500-1d14-4161-b361-89d4e7d74008/Apps/advisor-crm/venv/lib/python3.13/site-packages/django/views/generic/base.py", line 105, in view
    return self.dispatch(request, *args, **kwargs)
           ~~~~~~~~~~~~~^^^^^^^^^^^^^^^^^^^^^^^^^^
  File "/mnt/aaa22500-1d14-4161-b361-89d4e7d74008/Apps/advisor-crm/venv/lib/python3.13/site-packages/django/contrib/auth/mixins.py", line 73, in dispatch
    return super().dispatch(request, *args, **kwargs)
           ~~~~~~~~~~~~~~~~^^^^^^^^^^^^^^^^^^^^^^^^^^
  File "/mnt/aaa22500-1d14-4161-b361-89d4e7d74008/Apps/advisor-crm/venv/lib/python3.13/site-packages/django/views/generic/base.py", line 144, in dispatch
    return handler(request, *args, **kwargs)
  File "/mnt/aaa22500-1d14-4161-b361-89d4e7d74008/Apps/advisor-crm/venv/lib/python3.13/site-packages/django/views/generic/edit.py", line 182, in post
    return super().post(request, *args, **kwargs)
           ~~~~~~~~~~~~^^^^^^^^^^^^^^^^^^^^^^^^^^
  File "/mnt/aaa22500-1d14-4161-b361-89d4e7d74008/Apps/advisor-crm/venv/lib/python3.13/site-packages/django/views/generic/edit.py", line 151, in post
    return self.form_valid(form)
           ~~~~~~~~~~~~~~~^^^^^^
  File "/mnt/aaa22500-1d14-4161-b361-89d4e7d74008/Apps/advisor-crm/venv/lib/python3.13/site-packages/django/views/generic/edit.py", line 133, in form_valid
    self.object = form.save()
                  ~~~~~~~~~^^
  File "/mnt/aaa22500-1d14-4161-b361-89d4e7d74008/Apps/advisor-crm/advisor_crm/crm/forms.py", line 69, in save
    user = User.objects.create_user(
           ^^^^^^^^^^^^
  File "/mnt/aaa22500-1d14-4161-b361-89d4e7d74008/Apps/advisor-crm/venv/lib/python3.13/site-packages/django/db/models/manager.py", line 196, in __get__
    raise AttributeError(
    ...<5 lines>...
    )
AttributeError: Manager isn't available; 'auth.User' has been swapped for 'crm.Advisor'
/mnt/aaa22500-1d14-4161-b361-89d4e7d74008/Apps/advisor-crm/advisor_crm/crm/views.py changed, reloading.
Watching for file changes with StatReloader
/mnt/aaa22500-1d14-4161-b361-89d4e7d74008/Apps/advisor-crm/advisor_crm/crm/models.py changed, reloading.
Watching for file changes with StatReloader
Watching for file changes with StatReloader
Watching for file changes with StatReloader
Watching for file changes with StatReloader
Internal Server Error: /advisor/add/
Traceback (most recent call last):
  File "/mnt/aaa22500-1d14-4161-b361-89d4e7d74008/Apps/advisor-crm/venv/lib/python3.13/site-packages/django/db/backends/utils.py", line 105, in _execute
    return self.cursor.execute(sql, params)
           ~~~~~~~~~~~~~~~~~~~^^^^^^^^^^^^^
  File "/mnt/aaa22500-1d14-4161-b361-89d4e7d74008/Apps/advisor-crm/venv/lib/python3.13/site-packages/django/db/backends/mysql/base.py", line 76, in execute
    return self.cursor.execute(query, args)
           ~~~~~~~~~~~~~~~~~~~^^^^^^^^^^^^^
  File "/mnt/aaa22500-1d14-4161-b361-89d4e7d74008/Apps/advisor-crm/venv/lib/python3.13/site-packages/MySQLdb/cursors.py", line 179, in execute
    res = self._query(mogrified_query)
  File "/mnt/aaa22500-1d14-4161-b361-89d4e7d74008/Apps/advisor-crm/venv/lib/python3.13/site-packages/MySQLdb/cursors.py", line 331, in _query
    self._do_get_result(db)
    ~~~~~~~~~~~~~~~~~~~^^^^
  File "/mnt/aaa22500-1d14-4161-b361-89d4e7d74008/Apps/advisor-crm/venv/lib/python3.13/site-packages/MySQLdb/cursors.py", line 136, in _do_get_result
    self._result = result = self._get_result()
                            ~~~~~~~~~~~~~~~~^^
  File "/mnt/aaa22500-1d14-4161-b361-89d4e7d74008/Apps/advisor-crm/venv/lib/python3.13/site-packages/MySQLdb/cursors.py", line 363, in _get_result
    return self._get_db().store_result()
           ~~~~~~~~~~~~~~~~~~~~~~~~~~~^^
MySQLdb.IntegrityError: (1062, "Duplicate entry '' for key 'username'")

The above exception was the direct cause of the following exception:

Traceback (most recent call last):
  File "/mnt/aaa22500-1d14-4161-b361-89d4e7d74008/Apps/advisor-crm/venv/lib/python3.13/site-packages/django/core/handlers/exception.py", line 55, in inner
    response = get_response(request)
  File "/mnt/aaa22500-1d14-4161-b361-89d4e7d74008/Apps/advisor-crm/venv/lib/python3.13/site-packages/django/core/handlers/base.py", line 197, in _get_response
    response = wrapped_callback(request, *callback_args, **callback_kwargs)
  File "/mnt/aaa22500-1d14-4161-b361-89d4e7d74008/Apps/advisor-crm/venv/lib/python3.13/site-packages/django/views/generic/base.py", line 105, in view
    return self.dispatch(request, *args, **kwargs)
           ~~~~~~~~~~~~~^^^^^^^^^^^^^^^^^^^^^^^^^^
  File "/mnt/aaa22500-1d14-4161-b361-89d4e7d74008/Apps/advisor-crm/venv/lib/python3.13/site-packages/django/contrib/auth/mixins.py", line 73, in dispatch
    return super().dispatch(request, *args, **kwargs)
           ~~~~~~~~~~~~~~~~^^^^^^^^^^^^^^^^^^^^^^^^^^
  File "/mnt/aaa22500-1d14-4161-b361-89d4e7d74008/Apps/advisor-crm/venv/lib/python3.13/site-packages/django/views/generic/base.py", line 144, in dispatch
    return handler(request, *args, **kwargs)
  File "/mnt/aaa22500-1d14-4161-b361-89d4e7d74008/Apps/advisor-crm/venv/lib/python3.13/site-packages/django/views/generic/edit.py", line 182, in post
    return super().post(request, *args, **kwargs)
           ~~~~~~~~~~~~^^^^^^^^^^^^^^^^^^^^^^^^^^
  File "/mnt/aaa22500-1d14-4161-b361-89d4e7d74008/Apps/advisor-crm/venv/lib/python3.13/site-packages/django/views/generic/edit.py", line 151, in post
    return self.form_valid(form)
           ~~~~~~~~~~~~~~~^^^^^^
  File "/mnt/aaa22500-1d14-4161-b361-89d4e7d74008/Apps/advisor-crm/venv/lib/python3.13/site-packages/django/views/generic/edit.py", line 133, in form_valid
    self.object = form.save()
                  ~~~~~~~~~^^
  File "/mnt/aaa22500-1d14-4161-b361-89d4e7d74008/Apps/advisor-crm/advisor_crm/crm/forms.py", line 93, in save
    advisor_profile.save()
    ~~~~~~~~~~~~~~~~~~~~^^
  File "/mnt/aaa22500-1d14-4161-b361-89d4e7d74008/Apps/advisor-crm/venv/lib/python3.13/site-packages/django/contrib/auth/base_user.py", line 65, in save
    super().save(*args, **kwargs)
    ~~~~~~~~~~~~^^^^^^^^^^^^^^^^^
  File "/mnt/aaa22500-1d14-4161-b361-89d4e7d74008/Apps/advisor-crm/venv/lib/python3.13/site-packages/django/db/models/base.py", line 902, in save
    self.save_base(
    ~~~~~~~~~~~~~~^
        using=using,
        ^^^^^^^^^^^^
    ...<2 lines>...
        update_fields=update_fields,
        ^^^^^^^^^^^^^^^^^^^^^^^^^^^^
    )
    ^
  File "/mnt/aaa22500-1d14-4161-b361-89d4e7d74008/Apps/advisor-crm/venv/lib/python3.13/site-packages/django/db/models/base.py", line 1008, in save_base
    updated = self._save_table(
        raw,
    ...<4 lines>...
        update_fields,
    )
  File "/mnt/aaa22500-1d14-4161-b361-89d4e7d74008/Apps/advisor-crm/venv/lib/python3.13/site-packages/django/db/models/base.py", line 1169, in _save_table
    results = self._do_insert(
        cls._base_manager, using, fields, returning_fields, raw
    )
  File "/mnt/aaa22500-1d14-4161-b361-89d4e7d74008/Apps/advisor-crm/venv/lib/python3.13/site-packages/django/db/models/base.py", line 1210, in _do_insert
    return manager._insert(
           ~~~~~~~~~~~~~~~^
        [self],
        ^^^^^^^
    ...<3 lines>...
        raw=raw,
        ^^^^^^^^
    )
    ^
  File "/mnt/aaa22500-1d14-4161-b361-89d4e7d74008/Apps/advisor-crm/venv/lib/python3.13/site-packages/django/db/models/manager.py", line 87, in manager_method
    return getattr(self.get_queryset(), name)(*args, **kwargs)
           ~~~~~~~~~~~~~~~~~~~~~~~~~~~~~~~~~~^^^^^^^^^^^^^^^^^
  File "/mnt/aaa22500-1d14-4161-b361-89d4e7d74008/Apps/advisor-crm/venv/lib/python3.13/site-packages/django/db/models/query.py", line 1868, in _insert
    return query.get_compiler(using=using).execute_sql(returning_fields)
           ~~~~~~~~~~~~~~~~~~~~~~~~~~~~~~~~~~~~~~~~~~~^^^^^^^^^^^^^^^^^^
  File "/mnt/aaa22500-1d14-4161-b361-89d4e7d74008/Apps/advisor-crm/venv/lib/python3.13/site-packages/django/db/models/sql/compiler.py", line 1882, in execute_sql
    cursor.execute(sql, params)
    ~~~~~~~~~~~~~~^^^^^^^^^^^^^
  File "/mnt/aaa22500-1d14-4161-b361-89d4e7d74008/Apps/advisor-crm/venv/lib/python3.13/site-packages/django/db/backends/utils.py", line 122, in execute
    return super().execute(sql, params)
           ~~~~~~~~~~~~~~~^^^^^^^^^^^^^
  File "/mnt/aaa22500-1d14-4161-b361-89d4e7d74008/Apps/advisor-crm/venv/lib/python3.13/site-packages/django/db/backends/utils.py", line 79, in execute
    return self._execute_with_wrappers(
           ~~~~~~~~~~~~~~~~~~~~~~~~~~~^
        sql, params, many=False, executor=self._execute
        ^^^^^^^^^^^^^^^^^^^^^^^^^^^^^^^^^^^^^^^^^^^^^^^
    )
    ^
  File "/mnt/aaa22500-1d14-4161-b361-89d4e7d74008/Apps/advisor-crm/venv/lib/python3.13/site-packages/django/db/backends/utils.py", line 92, in _execute_with_wrappers
    return executor(sql, params, many, context)
  File "/mnt/aaa22500-1d14-4161-b361-89d4e7d74008/Apps/advisor-crm/venv/lib/python3.13/site-packages/django/db/backends/utils.py", line 100, in _execute
    with self.db.wrap_database_errors:
         ^^^^^^^^^^^^^^^^^^^^^^^^^^^^
  File "/mnt/aaa22500-1d14-4161-b361-89d4e7d74008/Apps/advisor-crm/venv/lib/python3.13/site-packages/django/db/utils.py", line 91, in __exit__
    raise dj_exc_value.with_traceback(traceback) from exc_value
  File "/mnt/aaa22500-1d14-4161-b361-89d4e7d74008/Apps/advisor-crm/venv/lib/python3.13/site-packages/django/db/backends/utils.py", line 105, in _execute
    return self.cursor.execute(sql, params)
           ~~~~~~~~~~~~~~~~~~~^^^^^^^^^^^^^
  File "/mnt/aaa22500-1d14-4161-b361-89d4e7d74008/Apps/advisor-crm/venv/lib/python3.13/site-packages/django/db/backends/mysql/base.py", line 76, in execute
    return self.cursor.execute(query, args)
           ~~~~~~~~~~~~~~~~~~~^^^^^^^^^^^^^
  File "/mnt/aaa22500-1d14-4161-b361-89d4e7d74008/Apps/advisor-crm/venv/lib/python3.13/site-packages/MySQLdb/cursors.py", line 179, in execute
    res = self._query(mogrified_query)
  File "/mnt/aaa22500-1d14-4161-b361-89d4e7d74008/Apps/advisor-crm/venv/lib/python3.13/site-packages/MySQLdb/cursors.py", line 331, in _query
    self._do_get_result(db)
    ~~~~~~~~~~~~~~~~~~~^^^^
  File "/mnt/aaa22500-1d14-4161-b361-89d4e7d74008/Apps/advisor-crm/venv/lib/python3.13/site-packages/MySQLdb/cursors.py", line 136, in _do_get_result
    self._result = result = self._get_result()
                            ~~~~~~~~~~~~~~~~^^
  File "/mnt/aaa22500-1d14-4161-b361-89d4e7d74008/Apps/advisor-crm/venv/lib/python3.13/site-packages/MySQLdb/cursors.py", line 363, in _get_result
    return self._get_db().store_result()
           ~~~~~~~~~~~~~~~~~~~~~~~~~~~^^
django.db.utils.IntegrityError: (1062, "Duplicate entry '' for key 'username'")
/mnt/aaa22500-1d14-4161-b361-89d4e7d74008/Apps/advisor-crm/advisor_crm/crm/views.py changed, reloading.
Watching for file changes with StatReloader
Watching for file changes with StatReloader
Internal Server Error: /advisor/4/edit/
Traceback (most recent call last):
  File "/mnt/aaa22500-1d14-4161-b361-89d4e7d74008/Apps/advisor-crm/venv/lib/python3.13/site-packages/django/core/handlers/exception.py", line 55, in inner
    response = get_response(request)
  File "/mnt/aaa22500-1d14-4161-b361-89d4e7d74008/Apps/advisor-crm/venv/lib/python3.13/site-packages/django/core/handlers/base.py", line 197, in _get_response
    response = wrapped_callback(request, *callback_args, **callback_kwargs)
  File "/mnt/aaa22500-1d14-4161-b361-89d4e7d74008/Apps/advisor-crm/venv/lib/python3.13/site-packages/django/views/generic/base.py", line 105, in view
    return self.dispatch(request, *args, **kwargs)
           ~~~~~~~~~~~~~^^^^^^^^^^^^^^^^^^^^^^^^^^
  File "/mnt/aaa22500-1d14-4161-b361-89d4e7d74008/Apps/advisor-crm/venv/lib/python3.13/site-packages/django/contrib/auth/mixins.py", line 73, in dispatch
    return super().dispatch(request, *args, **kwargs)
           ~~~~~~~~~~~~~~~~^^^^^^^^^^^^^^^^^^^^^^^^^^
  File "/mnt/aaa22500-1d14-4161-b361-89d4e7d74008/Apps/advisor-crm/venv/lib/python3.13/site-packages/django/views/generic/base.py", line 144, in dispatch
    return handler(request, *args, **kwargs)
  File "/mnt/aaa22500-1d14-4161-b361-89d4e7d74008/Apps/advisor-crm/venv/lib/python3.13/site-packages/django/views/generic/edit.py", line 202, in get
    return super().get(request, *args, **kwargs)
           ~~~~~~~~~~~^^^^^^^^^^^^^^^^^^^^^^^^^^
  File "/mnt/aaa22500-1d14-4161-b361-89d4e7d74008/Apps/advisor-crm/venv/lib/python3.13/site-packages/django/views/generic/edit.py", line 142, in get
    return self.render_to_response(self.get_context_data())
                                   ~~~~~~~~~~~~~~~~~~~~~^^
  File "/mnt/aaa22500-1d14-4161-b361-89d4e7d74008/Apps/advisor-crm/venv/lib/python3.13/site-packages/django/views/generic/edit.py", line 72, in get_context_data
    kwargs["form"] = self.get_form()
                     ~~~~~~~~~~~~~^^
  File "/mnt/aaa22500-1d14-4161-b361-89d4e7d74008/Apps/advisor-crm/venv/lib/python3.13/site-packages/django/views/generic/edit.py", line 37, in get_form
    return form_class(**self.get_form_kwargs())
  File "/mnt/aaa22500-1d14-4161-b361-89d4e7d74008/Apps/advisor-crm/advisor_crm/crm/forms.py", line 62, in __init__
    self.fields['first_name'].initial = self.instance.user.first_name
                                        ^^^^^^^^^^^^^^^^^^
AttributeError: 'Advisor' object has no attribute 'user'
Internal Server Error: /advisor/4/edit/
Traceback (most recent call last):
  File "/mnt/aaa22500-1d14-4161-b361-89d4e7d74008/Apps/advisor-crm/venv/lib/python3.13/site-packages/django/core/handlers/exception.py", line 55, in inner
    response = get_response(request)
  File "/mnt/aaa22500-1d14-4161-b361-89d4e7d74008/Apps/advisor-crm/venv/lib/python3.13/site-packages/django/core/handlers/base.py", line 197, in _get_response
    response = wrapped_callback(request, *callback_args, **callback_kwargs)
  File "/mnt/aaa22500-1d14-4161-b361-89d4e7d74008/Apps/advisor-crm/venv/lib/python3.13/site-packages/django/views/generic/base.py", line 105, in view
    return self.dispatch(request, *args, **kwargs)
           ~~~~~~~~~~~~~^^^^^^^^^^^^^^^^^^^^^^^^^^
  File "/mnt/aaa22500-1d14-4161-b361-89d4e7d74008/Apps/advisor-crm/venv/lib/python3.13/site-packages/django/contrib/auth/mixins.py", line 73, in dispatch
    return super().dispatch(request, *args, **kwargs)
           ~~~~~~~~~~~~~~~~^^^^^^^^^^^^^^^^^^^^^^^^^^
  File "/mnt/aaa22500-1d14-4161-b361-89d4e7d74008/Apps/advisor-crm/venv/lib/python3.13/site-packages/django/views/generic/base.py", line 144, in dispatch
    return handler(request, *args, **kwargs)
  File "/mnt/aaa22500-1d14-4161-b361-89d4e7d74008/Apps/advisor-crm/venv/lib/python3.13/site-packages/django/views/generic/edit.py", line 202, in get
    return super().get(request, *args, **kwargs)
           ~~~~~~~~~~~^^^^^^^^^^^^^^^^^^^^^^^^^^
  File "/mnt/aaa22500-1d14-4161-b361-89d4e7d74008/Apps/advisor-crm/venv/lib/python3.13/site-packages/django/views/generic/edit.py", line 142, in get
    return self.render_to_response(self.get_context_data())
                                   ~~~~~~~~~~~~~~~~~~~~~^^
  File "/mnt/aaa22500-1d14-4161-b361-89d4e7d74008/Apps/advisor-crm/venv/lib/python3.13/site-packages/django/views/generic/edit.py", line 72, in get_context_data
    kwargs["form"] = self.get_form()
                     ~~~~~~~~~~~~~^^
  File "/mnt/aaa22500-1d14-4161-b361-89d4e7d74008/Apps/advisor-crm/venv/lib/python3.13/site-packages/django/views/generic/edit.py", line 37, in get_form
    return form_class(**self.get_form_kwargs())
  File "/mnt/aaa22500-1d14-4161-b361-89d4e7d74008/Apps/advisor-crm/advisor_crm/crm/forms.py", line 62, in __init__
    self.fields['first_name'].initial = self.instance.user.first_name
                                        ^^^^^^^^^^^^^^^^^^
AttributeError: 'Advisor' object has no attribute 'user'
Internal Server Error: /advisor/4/edit/
Traceback (most recent call last):
  File "/mnt/aaa22500-1d14-4161-b361-89d4e7d74008/Apps/advisor-crm/venv/lib/python3.13/site-packages/django/core/handlers/exception.py", line 55, in inner
    response = get_response(request)
  File "/mnt/aaa22500-1d14-4161-b361-89d4e7d74008/Apps/advisor-crm/venv/lib/python3.13/site-packages/django/core/handlers/base.py", line 197, in _get_response
    response = wrapped_callback(request, *callback_args, **callback_kwargs)
  File "/mnt/aaa22500-1d14-4161-b361-89d4e7d74008/Apps/advisor-crm/venv/lib/python3.13/site-packages/django/views/generic/base.py", line 105, in view
    return self.dispatch(request, *args, **kwargs)
           ~~~~~~~~~~~~~^^^^^^^^^^^^^^^^^^^^^^^^^^
  File "/mnt/aaa22500-1d14-4161-b361-89d4e7d74008/Apps/advisor-crm/venv/lib/python3.13/site-packages/django/contrib/auth/mixins.py", line 73, in dispatch
    return super().dispatch(request, *args, **kwargs)
           ~~~~~~~~~~~~~~~~^^^^^^^^^^^^^^^^^^^^^^^^^^
  File "/mnt/aaa22500-1d14-4161-b361-89d4e7d74008/Apps/advisor-crm/venv/lib/python3.13/site-packages/django/views/generic/base.py", line 144, in dispatch
    return handler(request, *args, **kwargs)
  File "/mnt/aaa22500-1d14-4161-b361-89d4e7d74008/Apps/advisor-crm/venv/lib/python3.13/site-packages/django/views/generic/edit.py", line 202, in get
    return super().get(request, *args, **kwargs)
           ~~~~~~~~~~~^^^^^^^^^^^^^^^^^^^^^^^^^^
  File "/mnt/aaa22500-1d14-4161-b361-89d4e7d74008/Apps/advisor-crm/venv/lib/python3.13/site-packages/django/views/generic/edit.py", line 142, in get
    return self.render_to_response(self.get_context_data())
                                   ~~~~~~~~~~~~~~~~~~~~~^^
  File "/mnt/aaa22500-1d14-4161-b361-89d4e7d74008/Apps/advisor-crm/venv/lib/python3.13/site-packages/django/views/generic/edit.py", line 72, in get_context_data
    kwargs["form"] = self.get_form()
                     ~~~~~~~~~~~~~^^
  File "/mnt/aaa22500-1d14-4161-b361-89d4e7d74008/Apps/advisor-crm/venv/lib/python3.13/site-packages/django/views/generic/edit.py", line 37, in get_form
    return form_class(**self.get_form_kwargs())
  File "/mnt/aaa22500-1d14-4161-b361-89d4e7d74008/Apps/advisor-crm/advisor_crm/crm/forms.py", line 62, in __init__
    self.fields['first_name'].initial = self.instance.user.first_name
                                        ^^^^^^^^^^^^^^^^^^
AttributeError: 'Advisor' object has no attribute 'user'
/mnt/aaa22500-1d14-4161-b361-89d4e7d74008/Apps/advisor-crm/advisor_crm/crm/forms.py changed, reloading.
Watching for file changes with StatReloader
/mnt/aaa22500-1d14-4161-b361-89d4e7d74008/Apps/advisor-crm/advisor_crm/crm/views.py changed, reloading.
Watching for file changes with StatReloader
/mnt/aaa22500-1d14-4161-b361-89d4e7d74008/Apps/advisor-crm/advisor_crm/advisor_crm/settings.py changed, reloading.
Watching for file changes with StatReloader
Watching for file changes with StatReloader
/mnt/aaa22500-1d14-4161-b361-89d4e7d74008/Apps/advisor-crm/advisor_crm/crm/forms.py changed, reloading.
Watching for file changes with StatReloader
/mnt/aaa22500-1d14-4161-b361-89d4e7d74008/Apps/advisor-crm/advisor_crm/crm/views.py changed, reloading.
Watching for file changes with StatReloader
Internal Server Error: /customers/add/
Traceback (most recent call last):
  File "/mnt/aaa22500-1d14-4161-b361-89d4e7d74008/Apps/advisor-crm/venv/lib/python3.13/site-packages/django/core/handlers/exception.py", line 55, in inner
    response = get_response(request)
  File "/mnt/aaa22500-1d14-4161-b361-89d4e7d74008/Apps/advisor-crm/venv/lib/python3.13/site-packages/django/core/handlers/base.py", line 197, in _get_response
    response = wrapped_callback(request, *callback_args, **callback_kwargs)
  File "/mnt/aaa22500-1d14-4161-b361-89d4e7d74008/Apps/advisor-crm/venv/lib/python3.13/site-packages/django/views/generic/base.py", line 105, in view
    return self.dispatch(request, *args, **kwargs)
           ~~~~~~~~~~~~~^^^^^^^^^^^^^^^^^^^^^^^^^^
  File "/mnt/aaa22500-1d14-4161-b361-89d4e7d74008/Apps/advisor-crm/venv/lib/python3.13/site-packages/django/contrib/auth/mixins.py", line 73, in dispatch
    return super().dispatch(request, *args, **kwargs)
           ~~~~~~~~~~~~~~~~^^^^^^^^^^^^^^^^^^^^^^^^^^
  File "/mnt/aaa22500-1d14-4161-b361-89d4e7d74008/Apps/advisor-crm/venv/lib/python3.13/site-packages/django/views/generic/base.py", line 144, in dispatch
    return handler(request, *args, **kwargs)
  File "/mnt/aaa22500-1d14-4161-b361-89d4e7d74008/Apps/advisor-crm/venv/lib/python3.13/site-packages/django/views/generic/edit.py", line 178, in get
    return super().get(request, *args, **kwargs)
           ~~~~~~~~~~~^^^^^^^^^^^^^^^^^^^^^^^^^^
  File "/mnt/aaa22500-1d14-4161-b361-89d4e7d74008/Apps/advisor-crm/venv/lib/python3.13/site-packages/django/views/generic/edit.py", line 142, in get
    return self.render_to_response(self.get_context_data())
                                   ~~~~~~~~~~~~~~~~~~~~~^^
  File "/mnt/aaa22500-1d14-4161-b361-89d4e7d74008/Apps/advisor-crm/venv/lib/python3.13/site-packages/django/views/generic/edit.py", line 72, in get_context_data
    kwargs["form"] = self.get_form()
                     ~~~~~~~~~~~~~^^
  File "/mnt/aaa22500-1d14-4161-b361-89d4e7d74008/Apps/advisor-crm/advisor_crm/crm/views.py", line 168, in get_form
    form.fields['advisor'].widget = forms.HiddenInput()
                                    ^^^^^
NameError: name 'forms' is not defined. Did you mean: 'form'?
/mnt/aaa22500-1d14-4161-b361-89d4e7d74008/Apps/advisor-crm/advisor_crm/crm/views.py changed, reloading.
Watching for file changes with StatReloader
/mnt/aaa22500-1d14-4161-b361-89d4e7d74008/Apps/advisor-crm/advisor_crm/crm/forms.py changed, reloading.
Watching for file changes with StatReloader
Internal Server Error: /customers/add/
Traceback (most recent call last):
  File "/mnt/aaa22500-1d14-4161-b361-89d4e7d74008/Apps/advisor-crm/venv/lib/python3.13/site-packages/django/core/handlers/exception.py", line 55, in inner
    response = get_response(request)
  File "/mnt/aaa22500-1d14-4161-b361-89d4e7d74008/Apps/advisor-crm/venv/lib/python3.13/site-packages/django/core/handlers/base.py", line 197, in _get_response
    response = wrapped_callback(request, *callback_args, **callback_kwargs)
  File "/mnt/aaa22500-1d14-4161-b361-89d4e7d74008/Apps/advisor-crm/venv/lib/python3.13/site-packages/django/views/generic/base.py", line 105, in view
    return self.dispatch(request, *args, **kwargs)
           ~~~~~~~~~~~~~^^^^^^^^^^^^^^^^^^^^^^^^^^
  File "/mnt/aaa22500-1d14-4161-b361-89d4e7d74008/Apps/advisor-crm/venv/lib/python3.13/site-packages/django/contrib/auth/mixins.py", line 73, in dispatch
    return super().dispatch(request, *args, **kwargs)
           ~~~~~~~~~~~~~~~~^^^^^^^^^^^^^^^^^^^^^^^^^^
  File "/mnt/aaa22500-1d14-4161-b361-89d4e7d74008/Apps/advisor-crm/venv/lib/python3.13/site-packages/django/views/generic/base.py", line 144, in dispatch
    return handler(request, *args, **kwargs)
  File "/mnt/aaa22500-1d14-4161-b361-89d4e7d74008/Apps/advisor-crm/venv/lib/python3.13/site-packages/django/views/generic/edit.py", line 178, in get
    return super().get(request, *args, **kwargs)
           ~~~~~~~~~~~^^^^^^^^^^^^^^^^^^^^^^^^^^
  File "/mnt/aaa22500-1d14-4161-b361-89d4e7d74008/Apps/advisor-crm/venv/lib/python3.13/site-packages/django/views/generic/edit.py", line 142, in get
    return self.render_to_response(self.get_context_data())
                                   ~~~~~~~~~~~~~~~~~~~~~^^
  File "/mnt/aaa22500-1d14-4161-b361-89d4e7d74008/Apps/advisor-crm/venv/lib/python3.13/site-packages/django/views/generic/edit.py", line 72, in get_context_data
    kwargs["form"] = self.get_form()
                     ~~~~~~~~~~~~~^^
  File "/mnt/aaa22500-1d14-4161-b361-89d4e7d74008/Apps/advisor-crm/advisor_crm/crm/views.py", line 168, in get_form
    form.fields['advisor'].widget = forms.HiddenInput()
                                    ^^^^^
NameError: name 'forms' is not defined. Did you mean: 'form'?
Internal Server Error: /customers/add/
Traceback (most recent call last):
  File "/mnt/aaa22500-1d14-4161-b361-89d4e7d74008/Apps/advisor-crm/venv/lib/python3.13/site-packages/django/core/handlers/exception.py", line 55, in inner
    response = get_response(request)
  File "/mnt/aaa22500-1d14-4161-b361-89d4e7d74008/Apps/advisor-crm/venv/lib/python3.13/site-packages/django/core/handlers/base.py", line 197, in _get_response
    response = wrapped_callback(request, *callback_args, **callback_kwargs)
  File "/mnt/aaa22500-1d14-4161-b361-89d4e7d74008/Apps/advisor-crm/venv/lib/python3.13/site-packages/django/views/generic/base.py", line 105, in view
    return self.dispatch(request, *args, **kwargs)
           ~~~~~~~~~~~~~^^^^^^^^^^^^^^^^^^^^^^^^^^
  File "/mnt/aaa22500-1d14-4161-b361-89d4e7d74008/Apps/advisor-crm/venv/lib/python3.13/site-packages/django/contrib/auth/mixins.py", line 73, in dispatch
    return super().dispatch(request, *args, **kwargs)
           ~~~~~~~~~~~~~~~~^^^^^^^^^^^^^^^^^^^^^^^^^^
  File "/mnt/aaa22500-1d14-4161-b361-89d4e7d74008/Apps/advisor-crm/venv/lib/python3.13/site-packages/django/views/generic/base.py", line 144, in dispatch
    return handler(request, *args, **kwargs)
  File "/mnt/aaa22500-1d14-4161-b361-89d4e7d74008/Apps/advisor-crm/venv/lib/python3.13/site-packages/django/views/generic/edit.py", line 178, in get
    return super().get(request, *args, **kwargs)
           ~~~~~~~~~~~^^^^^^^^^^^^^^^^^^^^^^^^^^
  File "/mnt/aaa22500-1d14-4161-b361-89d4e7d74008/Apps/advisor-crm/venv/lib/python3.13/site-packages/django/views/generic/edit.py", line 142, in get
    return self.render_to_response(self.get_context_data())
                                   ~~~~~~~~~~~~~~~~~~~~~^^
  File "/mnt/aaa22500-1d14-4161-b361-89d4e7d74008/Apps/advisor-crm/venv/lib/python3.13/site-packages/django/views/generic/edit.py", line 72, in get_context_data
    kwargs["form"] = self.get_form()
                     ~~~~~~~~~~~~~^^
  File "/mnt/aaa22500-1d14-4161-b361-89d4e7d74008/Apps/advisor-crm/advisor_crm/crm/views.py", line 168, in get_form
    form.fields['advisor'].widget = forms.HiddenInput()
                                    ^^^^^
NameError: name 'forms' is not defined. Did you mean: 'form'?
/mnt/aaa22500-1d14-4161-b361-89d4e7d74008/Apps/advisor-crm/advisor_crm/crm/forms.py changed, reloading.
Watching for file changes with StatReloader
Internal Server Error: /customers/add/
Traceback (most recent call last):
  File "/mnt/aaa22500-1d14-4161-b361-89d4e7d74008/Apps/advisor-crm/venv/lib/python3.13/site-packages/django/core/handlers/exception.py", line 55, in inner
    response = get_response(request)
  File "/mnt/aaa22500-1d14-4161-b361-89d4e7d74008/Apps/advisor-crm/venv/lib/python3.13/site-packages/django/core/handlers/base.py", line 197, in _get_response
    response = wrapped_callback(request, *callback_args, **callback_kwargs)
  File "/mnt/aaa22500-1d14-4161-b361-89d4e7d74008/Apps/advisor-crm/venv/lib/python3.13/site-packages/django/views/generic/base.py", line 105, in view
    return self.dispatch(request, *args, **kwargs)
           ~~~~~~~~~~~~~^^^^^^^^^^^^^^^^^^^^^^^^^^
  File "/mnt/aaa22500-1d14-4161-b361-89d4e7d74008/Apps/advisor-crm/venv/lib/python3.13/site-packages/django/contrib/auth/mixins.py", line 73, in dispatch
    return super().dispatch(request, *args, **kwargs)
           ~~~~~~~~~~~~~~~~^^^^^^^^^^^^^^^^^^^^^^^^^^
  File "/mnt/aaa22500-1d14-4161-b361-89d4e7d74008/Apps/advisor-crm/venv/lib/python3.13/site-packages/django/views/generic/base.py", line 144, in dispatch
    return handler(request, *args, **kwargs)
  File "/mnt/aaa22500-1d14-4161-b361-89d4e7d74008/Apps/advisor-crm/venv/lib/python3.13/site-packages/django/views/generic/edit.py", line 178, in get
    return super().get(request, *args, **kwargs)
           ~~~~~~~~~~~^^^^^^^^^^^^^^^^^^^^^^^^^^
  File "/mnt/aaa22500-1d14-4161-b361-89d4e7d74008/Apps/advisor-crm/venv/lib/python3.13/site-packages/django/views/generic/edit.py", line 142, in get
    return self.render_to_response(self.get_context_data())
                                   ~~~~~~~~~~~~~~~~~~~~~^^
  File "/mnt/aaa22500-1d14-4161-b361-89d4e7d74008/Apps/advisor-crm/venv/lib/python3.13/site-packages/django/views/generic/edit.py", line 72, in get_context_data
    kwargs["form"] = self.get_form()
                     ~~~~~~~~~~~~~^^
  File "/mnt/aaa22500-1d14-4161-b361-89d4e7d74008/Apps/advisor-crm/advisor_crm/crm/views.py", line 168, in get_form
    form.fields['advisor'].widget = forms.HiddenInput()
                                    ^^^^^
NameError: name 'forms' is not defined. Did you mean: 'form'?
/mnt/aaa22500-1d14-4161-b361-89d4e7d74008/Apps/advisor-crm/advisor_crm/crm/views.py changed, reloading.
Watching for file changes with StatReloader
Watching for file changes with StatReloader
Internal Server Error: /customers/add/
Traceback (most recent call last):
  File "/mnt/aaa22500-1d14-4161-b361-89d4e7d74008/Apps/advisor-crm/venv/lib/python3.13/site-packages/django/template/base.py", line 510, in parse
    compile_func = self.tags[command]
                   ~~~~~~~~~^^^^^^^^^
KeyError: 'endblock'

During handling of the above exception, another exception occurred:

Traceback (most recent call last):
  File "/mnt/aaa22500-1d14-4161-b361-89d4e7d74008/Apps/advisor-crm/venv/lib/python3.13/site-packages/django/core/handlers/exception.py", line 55, in inner
    response = get_response(request)
  File "/mnt/aaa22500-1d14-4161-b361-89d4e7d74008/Apps/advisor-crm/venv/lib/python3.13/site-packages/django/core/handlers/base.py", line 220, in _get_response
    response = response.render()
  File "/mnt/aaa22500-1d14-4161-b361-89d4e7d74008/Apps/advisor-crm/venv/lib/python3.13/site-packages/django/template/response.py", line 114, in render
    self.content = self.rendered_content
                   ^^^^^^^^^^^^^^^^^^^^^
  File "/mnt/aaa22500-1d14-4161-b361-89d4e7d74008/Apps/advisor-crm/venv/lib/python3.13/site-packages/django/template/response.py", line 90, in rendered_content
    template = self.resolve_template(self.template_name)
  File "/mnt/aaa22500-1d14-4161-b361-89d4e7d74008/Apps/advisor-crm/venv/lib/python3.13/site-packages/django/template/response.py", line 72, in resolve_template
    return select_template(template, using=self.using)
  File "/mnt/aaa22500-1d14-4161-b361-89d4e7d74008/Apps/advisor-crm/venv/lib/python3.13/site-packages/django/template/loader.py", line 42, in select_template
    return engine.get_template(template_name)
           ~~~~~~~~~~~~~~~~~~~^^^^^^^^^^^^^^^
  File "/mnt/aaa22500-1d14-4161-b361-89d4e7d74008/Apps/advisor-crm/venv/lib/python3.13/site-packages/django/template/backends/django.py", line 79, in get_template
    return Template(self.engine.get_template(template_name), self)
                    ~~~~~~~~~~~~~~~~~~~~~~~~^^^^^^^^^^^^^^^
  File "/mnt/aaa22500-1d14-4161-b361-89d4e7d74008/Apps/advisor-crm/venv/lib/python3.13/site-packages/django/template/engine.py", line 177, in get_template
    template, origin = self.find_template(template_name)
                       ~~~~~~~~~~~~~~~~~~^^^^^^^^^^^^^^^
  File "/mnt/aaa22500-1d14-4161-b361-89d4e7d74008/Apps/advisor-crm/venv/lib/python3.13/site-packages/django/template/engine.py", line 159, in find_template
    template = loader.get_template(name, skip=skip)
  File "/mnt/aaa22500-1d14-4161-b361-89d4e7d74008/Apps/advisor-crm/venv/lib/python3.13/site-packages/django/template/loaders/cached.py", line 57, in get_template
    template = super().get_template(template_name, skip)
  File "/mnt/aaa22500-1d14-4161-b361-89d4e7d74008/Apps/advisor-crm/venv/lib/python3.13/site-packages/django/template/loaders/base.py", line 28, in get_template
    return Template(
        contents,
    ...<2 lines>...
        self.engine,
    )
  File "/mnt/aaa22500-1d14-4161-b361-89d4e7d74008/Apps/advisor-crm/venv/lib/python3.13/site-packages/django/template/base.py", line 154, in __init__
    self.nodelist = self.compile_nodelist()
                    ~~~~~~~~~~~~~~~~~~~~~^^
  File "/mnt/aaa22500-1d14-4161-b361-89d4e7d74008/Apps/advisor-crm/venv/lib/python3.13/site-packages/django/template/base.py", line 196, in compile_nodelist
    nodelist = parser.parse()
  File "/mnt/aaa22500-1d14-4161-b361-89d4e7d74008/Apps/advisor-crm/venv/lib/python3.13/site-packages/django/template/base.py", line 518, in parse
    raise self.error(token, e)
  File "/mnt/aaa22500-1d14-4161-b361-89d4e7d74008/Apps/advisor-crm/venv/lib/python3.13/site-packages/django/template/base.py", line 516, in parse
    compiled_result = compile_func(self, token)
  File "/mnt/aaa22500-1d14-4161-b361-89d4e7d74008/Apps/advisor-crm/venv/lib/python3.13/site-packages/django/template/loader_tags.py", line 299, in do_extends
    nodelist = parser.parse()
  File "/mnt/aaa22500-1d14-4161-b361-89d4e7d74008/Apps/advisor-crm/venv/lib/python3.13/site-packages/django/template/base.py", line 512, in parse
    self.invalid_block_tag(token, command, parse_until)
    ~~~~~~~~~~~~~~~~~~~~~~^^^^^^^^^^^^^^^^^^^^^^^^^^^^^
  File "/mnt/aaa22500-1d14-4161-b361-89d4e7d74008/Apps/advisor-crm/venv/lib/python3.13/site-packages/django/template/base.py", line 577, in invalid_block_tag
    raise self.error(
    ...<3 lines>...
    )
django.template.exceptions.TemplateSyntaxError: Invalid block tag on line 57: 'endblock'. Did you forget to register or load this tag?
/mnt/aaa22500-1d14-4161-b361-89d4e7d74008/Apps/advisor-crm/advisor_crm/crm/views.py changed, reloading.
Watching for file changes with StatReloader
Watching for file changes with StatReloader
/mnt/aaa22500-1d14-4161-b361-89d4e7d74008/Apps/advisor-crm/advisor_crm/crm/views.py changed, reloading.
Watching for file changes with StatReloader
/mnt/aaa22500-1d14-4161-b361-89d4e7d74008/Apps/advisor-crm/advisor_crm/crm/views.py changed, reloading.
Watching for file changes with StatReloader
/mnt/aaa22500-1d14-4161-b361-89d4e7d74008/Apps/advisor-crm/advisor_crm/crm/forms.py changed, reloading.
Watching for file changes with StatReloader
/mnt/aaa22500-1d14-4161-b361-89d4e7d74008/Apps/advisor-crm/advisor_crm/crm/views.py changed, reloading.
Watching for file changes with StatReloader
/mnt/aaa22500-1d14-4161-b361-89d4e7d74008/Apps/advisor-crm/advisor_crm/crm/views.py changed, reloading.
Watching for file changes with StatReloader
Watching for file changes with StatReloader
/mnt/aaa22500-1d14-4161-b361-89d4e7d74008/Apps/advisor-crm/advisor_crm/crm/views.py changed, reloading.
Watching for file changes with StatReloader
/mnt/aaa22500-1d14-4161-b361-89d4e7d74008/Apps/advisor-crm/advisor_crm/crm/views.py changed, reloading.
Watching for file changes with StatReloader
/mnt/aaa22500-1d14-4161-b361-89d4e7d74008/Apps/advisor-crm/advisor_crm/crm/views.py changed, reloading.
Watching for file changes with StatReloader
/mnt/aaa22500-1d14-4161-b361-89d4e7d74008/Apps/advisor-crm/advisor_crm/crm/views.py changed, reloading.
Watching for file changes with StatReloader
/mnt/aaa22500-1d14-4161-b361-89d4e7d74008/Apps/advisor-crm/advisor_crm/crm/views.py changed, reloading.
Watching for file changes with StatReloader
/mnt/aaa22500-1d14-4161-b361-89d4e7d74008/Apps/advisor-crm/advisor_crm/crm/views.py changed, reloading.
Watching for file changes with StatReloader
Internal Server Error: /customers/2/
Traceback (most recent call last):
  File "/mnt/aaa22500-1d14-4161-b361-89d4e7d74008/Apps/advisor-crm/venv/lib/python3.13/site-packages/django/core/handlers/exception.py", line 55, in inner
    response = get_response(request)
  File "/mnt/aaa22500-1d14-4161-b361-89d4e7d74008/Apps/advisor-crm/venv/lib/python3.13/site-packages/django/core/handlers/base.py", line 220, in _get_response
    response = response.render()
  File "/mnt/aaa22500-1d14-4161-b361-89d4e7d74008/Apps/advisor-crm/venv/lib/python3.13/site-packages/django/template/response.py", line 114, in render
    self.content = self.rendered_content
                   ^^^^^^^^^^^^^^^^^^^^^
  File "/mnt/aaa22500-1d14-4161-b361-89d4e7d74008/Apps/advisor-crm/venv/lib/python3.13/site-packages/django/template/response.py", line 90, in rendered_content
    template = self.resolve_template(self.template_name)
  File "/mnt/aaa22500-1d14-4161-b361-89d4e7d74008/Apps/advisor-crm/venv/lib/python3.13/site-packages/django/template/response.py", line 72, in resolve_template
    return select_template(template, using=self.using)
  File "/mnt/aaa22500-1d14-4161-b361-89d4e7d74008/Apps/advisor-crm/venv/lib/python3.13/site-packages/django/template/loader.py", line 47, in select_template
    raise TemplateDoesNotExist(", ".join(template_name_list), chain=chain)
django.template.exceptions.TemplateDoesNotExist: crm/customer_detail.html
Watching for file changes with StatReloader
/mnt/aaa22500-1d14-4161-b361-89d4e7d74008/Apps/advisor-crm/advisor_crm/crm/views.py changed, reloading.
Watching for file changes with StatReloader
/mnt/aaa22500-1d14-4161-b361-89d4e7d74008/Apps/advisor-crm/advisor_crm/crm/forms.py changed, reloading.
Watching for file changes with StatReloader
Method Not Allowed (GET): /logout/
Internal Server Error: /mortgages/add/
Traceback (most recent call last):
  File "/mnt/aaa22500-1d14-4161-b361-89d4e7d74008/Apps/advisor-crm/venv/lib/python3.13/site-packages/django/core/handlers/exception.py", line 55, in inner
    response = get_response(request)
  File "/mnt/aaa22500-1d14-4161-b361-89d4e7d74008/Apps/advisor-crm/venv/lib/python3.13/site-packages/django/core/handlers/base.py", line 220, in _get_response
    response = response.render()
  File "/mnt/aaa22500-1d14-4161-b361-89d4e7d74008/Apps/advisor-crm/venv/lib/python3.13/site-packages/django/template/response.py", line 114, in render
    self.content = self.rendered_content
                   ^^^^^^^^^^^^^^^^^^^^^
  File "/mnt/aaa22500-1d14-4161-b361-89d4e7d74008/Apps/advisor-crm/venv/lib/python3.13/site-packages/django/template/response.py", line 90, in rendered_content
    template = self.resolve_template(self.template_name)
  File "/mnt/aaa22500-1d14-4161-b361-89d4e7d74008/Apps/advisor-crm/venv/lib/python3.13/site-packages/django/template/response.py", line 72, in resolve_template
    return select_template(template, using=self.using)
  File "/mnt/aaa22500-1d14-4161-b361-89d4e7d74008/Apps/advisor-crm/venv/lib/python3.13/site-packages/django/template/loader.py", line 47, in select_template
    raise TemplateDoesNotExist(", ".join(template_name_list), chain=chain)
django.template.exceptions.TemplateDoesNotExist: crm/mortgage_form.html
Watching for file changes with StatReloader
/mnt/aaa22500-1d14-4161-b361-89d4e7d74008/Apps/advisor-crm/advisor_crm/crm/views.py changed, reloading.
Watching for file changes with StatReloader
/mnt/aaa22500-1d14-4161-b361-89d4e7d74008/Apps/advisor-crm/advisor_crm/crm/views.py changed, reloading.
Watching for file changes with StatReloader
/mnt/aaa22500-1d14-4161-b361-89d4e7d74008/Apps/advisor-crm/advisor_crm/crm/views.py changed, reloading.
Watching for file changes with StatReloader
/mnt/aaa22500-1d14-4161-b361-89d4e7d74008/Apps/advisor-crm/advisor_crm/crm/views.py changed, reloading.
Watching for file changes with StatReloader
Internal Server Error: /mortgages/
Traceback (most recent call last):
  File "/mnt/aaa22500-1d14-4161-b361-89d4e7d74008/Apps/advisor-crm/venv/lib/python3.13/site-packages/django/core/handlers/exception.py", line 55, in inner
    response = get_response(request)
  File "/mnt/aaa22500-1d14-4161-b361-89d4e7d74008/Apps/advisor-crm/venv/lib/python3.13/site-packages/django/core/handlers/base.py", line 220, in _get_response
    response = response.render()
  File "/mnt/aaa22500-1d14-4161-b361-89d4e7d74008/Apps/advisor-crm/venv/lib/python3.13/site-packages/django/template/response.py", line 114, in render
    self.content = self.rendered_content
                   ^^^^^^^^^^^^^^^^^^^^^
  File "/mnt/aaa22500-1d14-4161-b361-89d4e7d74008/Apps/advisor-crm/venv/lib/python3.13/site-packages/django/template/response.py", line 92, in rendered_content
    return template.render(context, self._request)
           ~~~~~~~~~~~~~~~^^^^^^^^^^^^^^^^^^^^^^^^
  File "/mnt/aaa22500-1d14-4161-b361-89d4e7d74008/Apps/advisor-crm/venv/lib/python3.13/site-packages/django/template/backends/django.py", line 107, in render
    return self.template.render(context)
           ~~~~~~~~~~~~~~~~~~~~^^^^^^^^^
  File "/mnt/aaa22500-1d14-4161-b361-89d4e7d74008/Apps/advisor-crm/venv/lib/python3.13/site-packages/django/template/base.py", line 171, in render
    return self._render(context)
           ~~~~~~~~~~~~^^^^^^^^^
  File "/mnt/aaa22500-1d14-4161-b361-89d4e7d74008/Apps/advisor-crm/venv/lib/python3.13/site-packages/django/template/base.py", line 163, in _render
    return self.nodelist.render(context)
           ~~~~~~~~~~~~~~~~~~~~^^^^^^^^^
  File "/mnt/aaa22500-1d14-4161-b361-89d4e7d74008/Apps/advisor-crm/venv/lib/python3.13/site-packages/django/template/base.py", line 1016, in render
    return SafeString("".join([node.render_annotated(context) for node in self]))
                               ~~~~~~~~~~~~~~~~~~~~~^^^^^^^^^
  File "/mnt/aaa22500-1d14-4161-b361-89d4e7d74008/Apps/advisor-crm/venv/lib/python3.13/site-packages/django/template/base.py", line 977, in render_annotated
    return self.render(context)
           ~~~~~~~~~~~^^^^^^^^^
  File "/mnt/aaa22500-1d14-4161-b361-89d4e7d74008/Apps/advisor-crm/venv/lib/python3.13/site-packages/django/template/loader_tags.py", line 159, in render
    return compiled_parent._render(context)
           ~~~~~~~~~~~~~~~~~~~~~~~^^^^^^^^^
  File "/mnt/aaa22500-1d14-4161-b361-89d4e7d74008/Apps/advisor-crm/venv/lib/python3.13/site-packages/django/template/base.py", line 163, in _render
    return self.nodelist.render(context)
           ~~~~~~~~~~~~~~~~~~~~^^^^^^^^^
  File "/mnt/aaa22500-1d14-4161-b361-89d4e7d74008/Apps/advisor-crm/venv/lib/python3.13/site-packages/django/template/base.py", line 1016, in render
    return SafeString("".join([node.render_annotated(context) for node in self]))
                               ~~~~~~~~~~~~~~~~~~~~~^^^^^^^^^
  File "/mnt/aaa22500-1d14-4161-b361-89d4e7d74008/Apps/advisor-crm/venv/lib/python3.13/site-packages/django/template/base.py", line 977, in render_annotated
    return self.render(context)
           ~~~~~~~~~~~^^^^^^^^^
  File "/mnt/aaa22500-1d14-4161-b361-89d4e7d74008/Apps/advisor-crm/venv/lib/python3.13/site-packages/django/template/loader_tags.py", line 65, in render
    result = block.nodelist.render(context)
  File "/mnt/aaa22500-1d14-4161-b361-89d4e7d74008/Apps/advisor-crm/venv/lib/python3.13/site-packages/django/template/base.py", line 1016, in render
    return SafeString("".join([node.render_annotated(context) for node in self]))
                               ~~~~~~~~~~~~~~~~~~~~~^^^^^^^^^
  File "/mnt/aaa22500-1d14-4161-b361-89d4e7d74008/Apps/advisor-crm/venv/lib/python3.13/site-packages/django/template/base.py", line 977, in render_annotated
    return self.render(context)
           ~~~~~~~~~~~^^^^^^^^^
  File "/mnt/aaa22500-1d14-4161-b361-89d4e7d74008/Apps/advisor-crm/venv/lib/python3.13/site-packages/django/template/defaulttags.py", line 327, in render
    return nodelist.render(context)
           ~~~~~~~~~~~~~~~^^^^^^^^^
  File "/mnt/aaa22500-1d14-4161-b361-89d4e7d74008/Apps/advisor-crm/venv/lib/python3.13/site-packages/django/template/base.py", line 1016, in render
    return SafeString("".join([node.render_annotated(context) for node in self]))
                               ~~~~~~~~~~~~~~~~~~~~~^^^^^^^^^
  File "/mnt/aaa22500-1d14-4161-b361-89d4e7d74008/Apps/advisor-crm/venv/lib/python3.13/site-packages/django/template/base.py", line 977, in render_annotated
    return self.render(context)
           ~~~~~~~~~~~^^^^^^^^^
  File "/mnt/aaa22500-1d14-4161-b361-89d4e7d74008/Apps/advisor-crm/venv/lib/python3.13/site-packages/django/template/defaulttags.py", line 243, in render
    nodelist.append(node.render_annotated(context))
                    ~~~~~~~~~~~~~~~~~~~~~^^^^^^^^^
  File "/mnt/aaa22500-1d14-4161-b361-89d4e7d74008/Apps/advisor-crm/venv/lib/python3.13/site-packages/django/template/base.py", line 977, in render_annotated
    return self.render(context)
           ~~~~~~~~~~~^^^^^^^^^
  File "/mnt/aaa22500-1d14-4161-b361-89d4e7d74008/Apps/advisor-crm/venv/lib/python3.13/site-packages/django/template/defaulttags.py", line 480, in render
    url = reverse(view_name, args=args, kwargs=kwargs, current_app=current_app)
  File "/mnt/aaa22500-1d14-4161-b361-89d4e7d74008/Apps/advisor-crm/venv/lib/python3.13/site-packages/django/urls/base.py", line 98, in reverse
    resolved_url = resolver._reverse_with_prefix(view, prefix, *args, **kwargs)
  File "/mnt/aaa22500-1d14-4161-b361-89d4e7d74008/Apps/advisor-crm/venv/lib/python3.13/site-packages/django/urls/resolvers.py", line 831, in _reverse_with_prefix
    raise NoReverseMatch(msg)
django.urls.exceptions.NoReverseMatch: Reverse for 'mortgage_detail' not found. 'mortgage_detail' is not a valid view function or pattern name.
Internal Server Error: /mortgages/
Traceback (most recent call last):
  File "/mnt/aaa22500-1d14-4161-b361-89d4e7d74008/Apps/advisor-crm/venv/lib/python3.13/site-packages/django/core/handlers/exception.py", line 55, in inner
    response = get_response(request)
  File "/mnt/aaa22500-1d14-4161-b361-89d4e7d74008/Apps/advisor-crm/venv/lib/python3.13/site-packages/django/core/handlers/base.py", line 220, in _get_response
    response = response.render()
  File "/mnt/aaa22500-1d14-4161-b361-89d4e7d74008/Apps/advisor-crm/venv/lib/python3.13/site-packages/django/template/response.py", line 114, in render
    self.content = self.rendered_content
                   ^^^^^^^^^^^^^^^^^^^^^
  File "/mnt/aaa22500-1d14-4161-b361-89d4e7d74008/Apps/advisor-crm/venv/lib/python3.13/site-packages/django/template/response.py", line 92, in rendered_content
    return template.render(context, self._request)
           ~~~~~~~~~~~~~~~^^^^^^^^^^^^^^^^^^^^^^^^
  File "/mnt/aaa22500-1d14-4161-b361-89d4e7d74008/Apps/advisor-crm/venv/lib/python3.13/site-packages/django/template/backends/django.py", line 107, in render
    return self.template.render(context)
           ~~~~~~~~~~~~~~~~~~~~^^^^^^^^^
  File "/mnt/aaa22500-1d14-4161-b361-89d4e7d74008/Apps/advisor-crm/venv/lib/python3.13/site-packages/django/template/base.py", line 171, in render
    return self._render(context)
           ~~~~~~~~~~~~^^^^^^^^^
  File "/mnt/aaa22500-1d14-4161-b361-89d4e7d74008/Apps/advisor-crm/venv/lib/python3.13/site-packages/django/template/base.py", line 163, in _render
    return self.nodelist.render(context)
           ~~~~~~~~~~~~~~~~~~~~^^^^^^^^^
  File "/mnt/aaa22500-1d14-4161-b361-89d4e7d74008/Apps/advisor-crm/venv/lib/python3.13/site-packages/django/template/base.py", line 1016, in render
    return SafeString("".join([node.render_annotated(context) for node in self]))
                               ~~~~~~~~~~~~~~~~~~~~~^^^^^^^^^
  File "/mnt/aaa22500-1d14-4161-b361-89d4e7d74008/Apps/advisor-crm/venv/lib/python3.13/site-packages/django/template/base.py", line 977, in render_annotated
    return self.render(context)
           ~~~~~~~~~~~^^^^^^^^^
  File "/mnt/aaa22500-1d14-4161-b361-89d4e7d74008/Apps/advisor-crm/venv/lib/python3.13/site-packages/django/template/loader_tags.py", line 159, in render
    return compiled_parent._render(context)
           ~~~~~~~~~~~~~~~~~~~~~~~^^^^^^^^^
  File "/mnt/aaa22500-1d14-4161-b361-89d4e7d74008/Apps/advisor-crm/venv/lib/python3.13/site-packages/django/template/base.py", line 163, in _render
    return self.nodelist.render(context)
           ~~~~~~~~~~~~~~~~~~~~^^^^^^^^^
  File "/mnt/aaa22500-1d14-4161-b361-89d4e7d74008/Apps/advisor-crm/venv/lib/python3.13/site-packages/django/template/base.py", line 1016, in render
    return SafeString("".join([node.render_annotated(context) for node in self]))
                               ~~~~~~~~~~~~~~~~~~~~~^^^^^^^^^
  File "/mnt/aaa22500-1d14-4161-b361-89d4e7d74008/Apps/advisor-crm/venv/lib/python3.13/site-packages/django/template/base.py", line 977, in render_annotated
    return self.render(context)
           ~~~~~~~~~~~^^^^^^^^^
  File "/mnt/aaa22500-1d14-4161-b361-89d4e7d74008/Apps/advisor-crm/venv/lib/python3.13/site-packages/django/template/loader_tags.py", line 65, in render
    result = block.nodelist.render(context)
  File "/mnt/aaa22500-1d14-4161-b361-89d4e7d74008/Apps/advisor-crm/venv/lib/python3.13/site-packages/django/template/base.py", line 1016, in render
    return SafeString("".join([node.render_annotated(context) for node in self]))
                               ~~~~~~~~~~~~~~~~~~~~~^^^^^^^^^
  File "/mnt/aaa22500-1d14-4161-b361-89d4e7d74008/Apps/advisor-crm/venv/lib/python3.13/site-packages/django/template/base.py", line 977, in render_annotated
    return self.render(context)
           ~~~~~~~~~~~^^^^^^^^^
  File "/mnt/aaa22500-1d14-4161-b361-89d4e7d74008/Apps/advisor-crm/venv/lib/python3.13/site-packages/django/template/defaulttags.py", line 327, in render
    return nodelist.render(context)
           ~~~~~~~~~~~~~~~^^^^^^^^^
  File "/mnt/aaa22500-1d14-4161-b361-89d4e7d74008/Apps/advisor-crm/venv/lib/python3.13/site-packages/django/template/base.py", line 1016, in render
    return SafeString("".join([node.render_annotated(context) for node in self]))
                               ~~~~~~~~~~~~~~~~~~~~~^^^^^^^^^
  File "/mnt/aaa22500-1d14-4161-b361-89d4e7d74008/Apps/advisor-crm/venv/lib/python3.13/site-packages/django/template/base.py", line 977, in render_annotated
    return self.render(context)
           ~~~~~~~~~~~^^^^^^^^^
  File "/mnt/aaa22500-1d14-4161-b361-89d4e7d74008/Apps/advisor-crm/venv/lib/python3.13/site-packages/django/template/defaulttags.py", line 243, in render
    nodelist.append(node.render_annotated(context))
                    ~~~~~~~~~~~~~~~~~~~~~^^^^^^^^^
  File "/mnt/aaa22500-1d14-4161-b361-89d4e7d74008/Apps/advisor-crm/venv/lib/python3.13/site-packages/django/template/base.py", line 977, in render_annotated
    return self.render(context)
           ~~~~~~~~~~~^^^^^^^^^
  File "/mnt/aaa22500-1d14-4161-b361-89d4e7d74008/Apps/advisor-crm/venv/lib/python3.13/site-packages/django/template/defaulttags.py", line 480, in render
    url = reverse(view_name, args=args, kwargs=kwargs, current_app=current_app)
  File "/mnt/aaa22500-1d14-4161-b361-89d4e7d74008/Apps/advisor-crm/venv/lib/python3.13/site-packages/django/urls/base.py", line 98, in reverse
    resolved_url = resolver._reverse_with_prefix(view, prefix, *args, **kwargs)
  File "/mnt/aaa22500-1d14-4161-b361-89d4e7d74008/Apps/advisor-crm/venv/lib/python3.13/site-packages/django/urls/resolvers.py", line 831, in _reverse_with_prefix
    raise NoReverseMatch(msg)
django.urls.exceptions.NoReverseMatch: Reverse for 'mortgage_detail' not found. 'mortgage_detail' is not a valid view function or pattern name.
Watching for file changes with StatReloader
Internal Server Error: /mortgages/
Traceback (most recent call last):
  File "/mnt/aaa22500-1d14-4161-b361-89d4e7d74008/Apps/advisor-crm/venv/lib/python3.13/site-packages/django/core/handlers/exception.py", line 55, in inner
    response = get_response(request)
  File "/mnt/aaa22500-1d14-4161-b361-89d4e7d74008/Apps/advisor-crm/venv/lib/python3.13/site-packages/django/core/handlers/base.py", line 220, in _get_response
    response = response.render()
  File "/mnt/aaa22500-1d14-4161-b361-89d4e7d74008/Apps/advisor-crm/venv/lib/python3.13/site-packages/django/template/response.py", line 114, in render
    self.content = self.rendered_content
                   ^^^^^^^^^^^^^^^^^^^^^
  File "/mnt/aaa22500-1d14-4161-b361-89d4e7d74008/Apps/advisor-crm/venv/lib/python3.13/site-packages/django/template/response.py", line 92, in rendered_content
    return template.render(context, self._request)
           ~~~~~~~~~~~~~~~^^^^^^^^^^^^^^^^^^^^^^^^
  File "/mnt/aaa22500-1d14-4161-b361-89d4e7d74008/Apps/advisor-crm/venv/lib/python3.13/site-packages/django/template/backends/django.py", line 107, in render
    return self.template.render(context)
           ~~~~~~~~~~~~~~~~~~~~^^^^^^^^^
  File "/mnt/aaa22500-1d14-4161-b361-89d4e7d74008/Apps/advisor-crm/venv/lib/python3.13/site-packages/django/template/base.py", line 171, in render
    return self._render(context)
           ~~~~~~~~~~~~^^^^^^^^^
  File "/mnt/aaa22500-1d14-4161-b361-89d4e7d74008/Apps/advisor-crm/venv/lib/python3.13/site-packages/django/template/base.py", line 163, in _render
    return self.nodelist.render(context)
           ~~~~~~~~~~~~~~~~~~~~^^^^^^^^^
  File "/mnt/aaa22500-1d14-4161-b361-89d4e7d74008/Apps/advisor-crm/venv/lib/python3.13/site-packages/django/template/base.py", line 1016, in render
    return SafeString("".join([node.render_annotated(context) for node in self]))
                               ~~~~~~~~~~~~~~~~~~~~~^^^^^^^^^
  File "/mnt/aaa22500-1d14-4161-b361-89d4e7d74008/Apps/advisor-crm/venv/lib/python3.13/site-packages/django/template/base.py", line 977, in render_annotated
    return self.render(context)
           ~~~~~~~~~~~^^^^^^^^^
  File "/mnt/aaa22500-1d14-4161-b361-89d4e7d74008/Apps/advisor-crm/venv/lib/python3.13/site-packages/django/template/loader_tags.py", line 159, in render
    return compiled_parent._render(context)
           ~~~~~~~~~~~~~~~~~~~~~~~^^^^^^^^^
  File "/mnt/aaa22500-1d14-4161-b361-89d4e7d74008/Apps/advisor-crm/venv/lib/python3.13/site-packages/django/template/base.py", line 163, in _render
    return self.nodelist.render(context)
           ~~~~~~~~~~~~~~~~~~~~^^^^^^^^^
  File "/mnt/aaa22500-1d14-4161-b361-89d4e7d74008/Apps/advisor-crm/venv/lib/python3.13/site-packages/django/template/base.py", line 1016, in render
    return SafeString("".join([node.render_annotated(context) for node in self]))
                               ~~~~~~~~~~~~~~~~~~~~~^^^^^^^^^
  File "/mnt/aaa22500-1d14-4161-b361-89d4e7d74008/Apps/advisor-crm/venv/lib/python3.13/site-packages/django/template/base.py", line 977, in render_annotated
    return self.render(context)
           ~~~~~~~~~~~^^^^^^^^^
  File "/mnt/aaa22500-1d14-4161-b361-89d4e7d74008/Apps/advisor-crm/venv/lib/python3.13/site-packages/django/template/loader_tags.py", line 65, in render
    result = block.nodelist.render(context)
  File "/mnt/aaa22500-1d14-4161-b361-89d4e7d74008/Apps/advisor-crm/venv/lib/python3.13/site-packages/django/template/base.py", line 1016, in render
    return SafeString("".join([node.render_annotated(context) for node in self]))
                               ~~~~~~~~~~~~~~~~~~~~~^^^^^^^^^
  File "/mnt/aaa22500-1d14-4161-b361-89d4e7d74008/Apps/advisor-crm/venv/lib/python3.13/site-packages/django/template/base.py", line 977, in render_annotated
    return self.render(context)
           ~~~~~~~~~~~^^^^^^^^^
  File "/mnt/aaa22500-1d14-4161-b361-89d4e7d74008/Apps/advisor-crm/venv/lib/python3.13/site-packages/django/template/defaulttags.py", line 327, in render
    return nodelist.render(context)
           ~~~~~~~~~~~~~~~^^^^^^^^^
  File "/mnt/aaa22500-1d14-4161-b361-89d4e7d74008/Apps/advisor-crm/venv/lib/python3.13/site-packages/django/template/base.py", line 1016, in render
    return SafeString("".join([node.render_annotated(context) for node in self]))
                               ~~~~~~~~~~~~~~~~~~~~~^^^^^^^^^
  File "/mnt/aaa22500-1d14-4161-b361-89d4e7d74008/Apps/advisor-crm/venv/lib/python3.13/site-packages/django/template/base.py", line 977, in render_annotated
    return self.render(context)
           ~~~~~~~~~~~^^^^^^^^^
  File "/mnt/aaa22500-1d14-4161-b361-89d4e7d74008/Apps/advisor-crm/venv/lib/python3.13/site-packages/django/template/defaulttags.py", line 243, in render
    nodelist.append(node.render_annotated(context))
                    ~~~~~~~~~~~~~~~~~~~~~^^^^^^^^^
  File "/mnt/aaa22500-1d14-4161-b361-89d4e7d74008/Apps/advisor-crm/venv/lib/python3.13/site-packages/django/template/base.py", line 977, in render_annotated
    return self.render(context)
           ~~~~~~~~~~~^^^^^^^^^
  File "/mnt/aaa22500-1d14-4161-b361-89d4e7d74008/Apps/advisor-crm/venv/lib/python3.13/site-packages/django/template/defaulttags.py", line 480, in render
    url = reverse(view_name, args=args, kwargs=kwargs, current_app=current_app)
  File "/mnt/aaa22500-1d14-4161-b361-89d4e7d74008/Apps/advisor-crm/venv/lib/python3.13/site-packages/django/urls/base.py", line 98, in reverse
    resolved_url = resolver._reverse_with_prefix(view, prefix, *args, **kwargs)
  File "/mnt/aaa22500-1d14-4161-b361-89d4e7d74008/Apps/advisor-crm/venv/lib/python3.13/site-packages/django/urls/resolvers.py", line 831, in _reverse_with_prefix
    raise NoReverseMatch(msg)
django.urls.exceptions.NoReverseMatch: Reverse for 'mortgage_detail' not found. 'mortgage_detail' is not a valid view function or pattern name.
Internal Server Error: /mortgages/
Traceback (most recent call last):
  File "/mnt/aaa22500-1d14-4161-b361-89d4e7d74008/Apps/advisor-crm/venv/lib/python3.13/site-packages/django/core/handlers/exception.py", line 55, in inner
    response = get_response(request)
  File "/mnt/aaa22500-1d14-4161-b361-89d4e7d74008/Apps/advisor-crm/venv/lib/python3.13/site-packages/django/core/handlers/base.py", line 220, in _get_response
    response = response.render()
  File "/mnt/aaa22500-1d14-4161-b361-89d4e7d74008/Apps/advisor-crm/venv/lib/python3.13/site-packages/django/template/response.py", line 114, in render
    self.content = self.rendered_content
                   ^^^^^^^^^^^^^^^^^^^^^
  File "/mnt/aaa22500-1d14-4161-b361-89d4e7d74008/Apps/advisor-crm/venv/lib/python3.13/site-packages/django/template/response.py", line 92, in rendered_content
    return template.render(context, self._request)
           ~~~~~~~~~~~~~~~^^^^^^^^^^^^^^^^^^^^^^^^
  File "/mnt/aaa22500-1d14-4161-b361-89d4e7d74008/Apps/advisor-crm/venv/lib/python3.13/site-packages/django/template/backends/django.py", line 107, in render
    return self.template.render(context)
           ~~~~~~~~~~~~~~~~~~~~^^^^^^^^^
  File "/mnt/aaa22500-1d14-4161-b361-89d4e7d74008/Apps/advisor-crm/venv/lib/python3.13/site-packages/django/template/base.py", line 171, in render
    return self._render(context)
           ~~~~~~~~~~~~^^^^^^^^^
  File "/mnt/aaa22500-1d14-4161-b361-89d4e7d74008/Apps/advisor-crm/venv/lib/python3.13/site-packages/django/template/base.py", line 163, in _render
    return self.nodelist.render(context)
           ~~~~~~~~~~~~~~~~~~~~^^^^^^^^^
  File "/mnt/aaa22500-1d14-4161-b361-89d4e7d74008/Apps/advisor-crm/venv/lib/python3.13/site-packages/django/template/base.py", line 1016, in render
    return SafeString("".join([node.render_annotated(context) for node in self]))
                               ~~~~~~~~~~~~~~~~~~~~~^^^^^^^^^
  File "/mnt/aaa22500-1d14-4161-b361-89d4e7d74008/Apps/advisor-crm/venv/lib/python3.13/site-packages/django/template/base.py", line 977, in render_annotated
    return self.render(context)
           ~~~~~~~~~~~^^^^^^^^^
  File "/mnt/aaa22500-1d14-4161-b361-89d4e7d74008/Apps/advisor-crm/venv/lib/python3.13/site-packages/django/template/loader_tags.py", line 159, in render
    return compiled_parent._render(context)
           ~~~~~~~~~~~~~~~~~~~~~~~^^^^^^^^^
  File "/mnt/aaa22500-1d14-4161-b361-89d4e7d74008/Apps/advisor-crm/venv/lib/python3.13/site-packages/django/template/base.py", line 163, in _render
    return self.nodelist.render(context)
           ~~~~~~~~~~~~~~~~~~~~^^^^^^^^^
  File "/mnt/aaa22500-1d14-4161-b361-89d4e7d74008/Apps/advisor-crm/venv/lib/python3.13/site-packages/django/template/base.py", line 1016, in render
    return SafeString("".join([node.render_annotated(context) for node in self]))
                               ~~~~~~~~~~~~~~~~~~~~~^^^^^^^^^
  File "/mnt/aaa22500-1d14-4161-b361-89d4e7d74008/Apps/advisor-crm/venv/lib/python3.13/site-packages/django/template/base.py", line 977, in render_annotated
    return self.render(context)
           ~~~~~~~~~~~^^^^^^^^^
  File "/mnt/aaa22500-1d14-4161-b361-89d4e7d74008/Apps/advisor-crm/venv/lib/python3.13/site-packages/django/template/loader_tags.py", line 65, in render
    result = block.nodelist.render(context)
  File "/mnt/aaa22500-1d14-4161-b361-89d4e7d74008/Apps/advisor-crm/venv/lib/python3.13/site-packages/django/template/base.py", line 1016, in render
    return SafeString("".join([node.render_annotated(context) for node in self]))
                               ~~~~~~~~~~~~~~~~~~~~~^^^^^^^^^
  File "/mnt/aaa22500-1d14-4161-b361-89d4e7d74008/Apps/advisor-crm/venv/lib/python3.13/site-packages/django/template/base.py", line 977, in render_annotated
    return self.render(context)
           ~~~~~~~~~~~^^^^^^^^^
  File "/mnt/aaa22500-1d14-4161-b361-89d4e7d74008/Apps/advisor-crm/venv/lib/python3.13/site-packages/django/template/defaulttags.py", line 327, in render
    return nodelist.render(context)
           ~~~~~~~~~~~~~~~^^^^^^^^^
  File "/mnt/aaa22500-1d14-4161-b361-89d4e7d74008/Apps/advisor-crm/venv/lib/python3.13/site-packages/django/template/base.py", line 1016, in render
    return SafeString("".join([node.render_annotated(context) for node in self]))
                               ~~~~~~~~~~~~~~~~~~~~~^^^^^^^^^
  File "/mnt/aaa22500-1d14-4161-b361-89d4e7d74008/Apps/advisor-crm/venv/lib/python3.13/site-packages/django/template/base.py", line 977, in render_annotated
    return self.render(context)
           ~~~~~~~~~~~^^^^^^^^^
  File "/mnt/aaa22500-1d14-4161-b361-89d4e7d74008/Apps/advisor-crm/venv/lib/python3.13/site-packages/django/template/defaulttags.py", line 243, in render
    nodelist.append(node.render_annotated(context))
                    ~~~~~~~~~~~~~~~~~~~~~^^^^^^^^^
  File "/mnt/aaa22500-1d14-4161-b361-89d4e7d74008/Apps/advisor-crm/venv/lib/python3.13/site-packages/django/template/base.py", line 977, in render_annotated
    return self.render(context)
           ~~~~~~~~~~~^^^^^^^^^
  File "/mnt/aaa22500-1d14-4161-b361-89d4e7d74008/Apps/advisor-crm/venv/lib/python3.13/site-packages/django/template/defaulttags.py", line 480, in render
    url = reverse(view_name, args=args, kwargs=kwargs, current_app=current_app)
  File "/mnt/aaa22500-1d14-4161-b361-89d4e7d74008/Apps/advisor-crm/venv/lib/python3.13/site-packages/django/urls/base.py", line 98, in reverse
    resolved_url = resolver._reverse_with_prefix(view, prefix, *args, **kwargs)
  File "/mnt/aaa22500-1d14-4161-b361-89d4e7d74008/Apps/advisor-crm/venv/lib/python3.13/site-packages/django/urls/resolvers.py", line 831, in _reverse_with_prefix
    raise NoReverseMatch(msg)
django.urls.exceptions.NoReverseMatch: Reverse for 'mortgage_detail' not found. 'mortgage_detail' is not a valid view function or pattern name.
Internal Server Error: /mortgages/
Traceback (most recent call last):
  File "/mnt/aaa22500-1d14-4161-b361-89d4e7d74008/Apps/advisor-crm/venv/lib/python3.13/site-packages/django/core/handlers/exception.py", line 55, in inner
    response = get_response(request)
  File "/mnt/aaa22500-1d14-4161-b361-89d4e7d74008/Apps/advisor-crm/venv/lib/python3.13/site-packages/django/core/handlers/base.py", line 220, in _get_response
    response = response.render()
  File "/mnt/aaa22500-1d14-4161-b361-89d4e7d74008/Apps/advisor-crm/venv/lib/python3.13/site-packages/django/template/response.py", line 114, in render
    self.content = self.rendered_content
                   ^^^^^^^^^^^^^^^^^^^^^
  File "/mnt/aaa22500-1d14-4161-b361-89d4e7d74008/Apps/advisor-crm/venv/lib/python3.13/site-packages/django/template/response.py", line 92, in rendered_content
    return template.render(context, self._request)
           ~~~~~~~~~~~~~~~^^^^^^^^^^^^^^^^^^^^^^^^
  File "/mnt/aaa22500-1d14-4161-b361-89d4e7d74008/Apps/advisor-crm/venv/lib/python3.13/site-packages/django/template/backends/django.py", line 107, in render
    return self.template.render(context)
           ~~~~~~~~~~~~~~~~~~~~^^^^^^^^^
  File "/mnt/aaa22500-1d14-4161-b361-89d4e7d74008/Apps/advisor-crm/venv/lib/python3.13/site-packages/django/template/base.py", line 171, in render
    return self._render(context)
           ~~~~~~~~~~~~^^^^^^^^^
  File "/mnt/aaa22500-1d14-4161-b361-89d4e7d74008/Apps/advisor-crm/venv/lib/python3.13/site-packages/django/template/base.py", line 163, in _render
    return self.nodelist.render(context)
           ~~~~~~~~~~~~~~~~~~~~^^^^^^^^^
  File "/mnt/aaa22500-1d14-4161-b361-89d4e7d74008/Apps/advisor-crm/venv/lib/python3.13/site-packages/django/template/base.py", line 1016, in render
    return SafeString("".join([node.render_annotated(context) for node in self]))
                               ~~~~~~~~~~~~~~~~~~~~~^^^^^^^^^
  File "/mnt/aaa22500-1d14-4161-b361-89d4e7d74008/Apps/advisor-crm/venv/lib/python3.13/site-packages/django/template/base.py", line 977, in render_annotated
    return self.render(context)
           ~~~~~~~~~~~^^^^^^^^^
  File "/mnt/aaa22500-1d14-4161-b361-89d4e7d74008/Apps/advisor-crm/venv/lib/python3.13/site-packages/django/template/loader_tags.py", line 159, in render
    return compiled_parent._render(context)
           ~~~~~~~~~~~~~~~~~~~~~~~^^^^^^^^^
  File "/mnt/aaa22500-1d14-4161-b361-89d4e7d74008/Apps/advisor-crm/venv/lib/python3.13/site-packages/django/template/base.py", line 163, in _render
    return self.nodelist.render(context)
           ~~~~~~~~~~~~~~~~~~~~^^^^^^^^^
  File "/mnt/aaa22500-1d14-4161-b361-89d4e7d74008/Apps/advisor-crm/venv/lib/python3.13/site-packages/django/template/base.py", line 1016, in render
    return SafeString("".join([node.render_annotated(context) for node in self]))
                               ~~~~~~~~~~~~~~~~~~~~~^^^^^^^^^
  File "/mnt/aaa22500-1d14-4161-b361-89d4e7d74008/Apps/advisor-crm/venv/lib/python3.13/site-packages/django/template/base.py", line 977, in render_annotated
    return self.render(context)
           ~~~~~~~~~~~^^^^^^^^^
  File "/mnt/aaa22500-1d14-4161-b361-89d4e7d74008/Apps/advisor-crm/venv/lib/python3.13/site-packages/django/template/loader_tags.py", line 65, in render
    result = block.nodelist.render(context)
  File "/mnt/aaa22500-1d14-4161-b361-89d4e7d74008/Apps/advisor-crm/venv/lib/python3.13/site-packages/django/template/base.py", line 1016, in render
    return SafeString("".join([node.render_annotated(context) for node in self]))
                               ~~~~~~~~~~~~~~~~~~~~~^^^^^^^^^
  File "/mnt/aaa22500-1d14-4161-b361-89d4e7d74008/Apps/advisor-crm/venv/lib/python3.13/site-packages/django/template/base.py", line 977, in render_annotated
    return self.render(context)
           ~~~~~~~~~~~^^^^^^^^^
  File "/mnt/aaa22500-1d14-4161-b361-89d4e7d74008/Apps/advisor-crm/venv/lib/python3.13/site-packages/django/template/defaulttags.py", line 327, in render
    return nodelist.render(context)
           ~~~~~~~~~~~~~~~^^^^^^^^^
  File "/mnt/aaa22500-1d14-4161-b361-89d4e7d74008/Apps/advisor-crm/venv/lib/python3.13/site-packages/django/template/base.py", line 1016, in render
    return SafeString("".join([node.render_annotated(context) for node in self]))
                               ~~~~~~~~~~~~~~~~~~~~~^^^^^^^^^
  File "/mnt/aaa22500-1d14-4161-b361-89d4e7d74008/Apps/advisor-crm/venv/lib/python3.13/site-packages/django/template/base.py", line 977, in render_annotated
    return self.render(context)
           ~~~~~~~~~~~^^^^^^^^^
  File "/mnt/aaa22500-1d14-4161-b361-89d4e7d74008/Apps/advisor-crm/venv/lib/python3.13/site-packages/django/template/defaulttags.py", line 243, in render
    nodelist.append(node.render_annotated(context))
                    ~~~~~~~~~~~~~~~~~~~~~^^^^^^^^^
  File "/mnt/aaa22500-1d14-4161-b361-89d4e7d74008/Apps/advisor-crm/venv/lib/python3.13/site-packages/django/template/base.py", line 977, in render_annotated
    return self.render(context)
           ~~~~~~~~~~~^^^^^^^^^
  File "/mnt/aaa22500-1d14-4161-b361-89d4e7d74008/Apps/advisor-crm/venv/lib/python3.13/site-packages/django/template/defaulttags.py", line 480, in render
    url = reverse(view_name, args=args, kwargs=kwargs, current_app=current_app)
  File "/mnt/aaa22500-1d14-4161-b361-89d4e7d74008/Apps/advisor-crm/venv/lib/python3.13/site-packages/django/urls/base.py", line 98, in reverse
    resolved_url = resolver._reverse_with_prefix(view, prefix, *args, **kwargs)
  File "/mnt/aaa22500-1d14-4161-b361-89d4e7d74008/Apps/advisor-crm/venv/lib/python3.13/site-packages/django/urls/resolvers.py", line 831, in _reverse_with_prefix
    raise NoReverseMatch(msg)
django.urls.exceptions.NoReverseMatch: Reverse for 'mortgage_detail' not found. 'mortgage_detail' is not a valid view function or pattern name.
/mnt/aaa22500-1d14-4161-b361-89d4e7d74008/Apps/advisor-crm/advisor_crm/crm/urls.py changed, reloading.
Watching for file changes with StatReloader
Watching for file changes with StatReloader
Watching for file changes with StatReloader
/mnt/aaa22500-1d14-4161-b361-89d4e7d74008/Apps/advisor-crm/advisor_crm/crm/views.py changed, reloading.
Watching for file changes with StatReloader
Watching for file changes with StatReloader
Not Found: /favicon.ico
Internal Server Error: /renewals/
Traceback (most recent call last):
  File "/mnt/aaa22500-1d14-4161-b361-89d4e7d74008/Apps/advisor-crm/venv/lib/python3.13/site-packages/django/template/defaulttags.py", line 1035, in find_library
    return parser.libraries[name]
           ~~~~~~~~~~~~~~~~^^^^^^
KeyError: 'humanize'

During handling of the above exception, another exception occurred:

Traceback (most recent call last):
  File "/mnt/aaa22500-1d14-4161-b361-89d4e7d74008/Apps/advisor-crm/venv/lib/python3.13/site-packages/django/core/handlers/exception.py", line 55, in inner
    response = get_response(request)
  File "/mnt/aaa22500-1d14-4161-b361-89d4e7d74008/Apps/advisor-crm/venv/lib/python3.13/site-packages/django/core/handlers/base.py", line 197, in _get_response
    response = wrapped_callback(request, *callback_args, **callback_kwargs)
  File "/mnt/aaa22500-1d14-4161-b361-89d4e7d74008/Apps/advisor-crm/venv/lib/python3.13/site-packages/django/contrib/auth/decorators.py", line 59, in _view_wrapper
    return view_func(request, *args, **kwargs)
  File "/mnt/aaa22500-1d14-4161-b361-89d4e7d74008/Apps/advisor-crm/advisor_crm/crm/views.py", line 473, in renewal_alerts
    return render(request, 'crm/renewal_alerts.html', context)
  File "/mnt/aaa22500-1d14-4161-b361-89d4e7d74008/Apps/advisor-crm/venv/lib/python3.13/site-packages/django/shortcuts.py", line 25, in render
    content = loader.render_to_string(template_name, context, request, using=using)
  File "/mnt/aaa22500-1d14-4161-b361-89d4e7d74008/Apps/advisor-crm/venv/lib/python3.13/site-packages/django/template/loader.py", line 61, in render_to_string
    template = get_template(template_name, using=using)
  File "/mnt/aaa22500-1d14-4161-b361-89d4e7d74008/Apps/advisor-crm/venv/lib/python3.13/site-packages/django/template/loader.py", line 15, in get_template
    return engine.get_template(template_name)
           ~~~~~~~~~~~~~~~~~~~^^^^^^^^^^^^^^^
  File "/mnt/aaa22500-1d14-4161-b361-89d4e7d74008/Apps/advisor-crm/venv/lib/python3.13/site-packages/django/template/backends/django.py", line 79, in get_template
    return Template(self.engine.get_template(template_name), self)
                    ~~~~~~~~~~~~~~~~~~~~~~~~^^^^^^^^^^^^^^^
  File "/mnt/aaa22500-1d14-4161-b361-89d4e7d74008/Apps/advisor-crm/venv/lib/python3.13/site-packages/django/template/engine.py", line 177, in get_template
    template, origin = self.find_template(template_name)
                       ~~~~~~~~~~~~~~~~~~^^^^^^^^^^^^^^^
  File "/mnt/aaa22500-1d14-4161-b361-89d4e7d74008/Apps/advisor-crm/venv/lib/python3.13/site-packages/django/template/engine.py", line 159, in find_template
    template = loader.get_template(name, skip=skip)
  File "/mnt/aaa22500-1d14-4161-b361-89d4e7d74008/Apps/advisor-crm/venv/lib/python3.13/site-packages/django/template/loaders/cached.py", line 57, in get_template
    template = super().get_template(template_name, skip)
  File "/mnt/aaa22500-1d14-4161-b361-89d4e7d74008/Apps/advisor-crm/venv/lib/python3.13/site-packages/django/template/loaders/base.py", line 28, in get_template
    return Template(
        contents,
    ...<2 lines>...
        self.engine,
    )
  File "/mnt/aaa22500-1d14-4161-b361-89d4e7d74008/Apps/advisor-crm/venv/lib/python3.13/site-packages/django/template/base.py", line 154, in __init__
    self.nodelist = self.compile_nodelist()
                    ~~~~~~~~~~~~~~~~~~~~~^^
  File "/mnt/aaa22500-1d14-4161-b361-89d4e7d74008/Apps/advisor-crm/venv/lib/python3.13/site-packages/django/template/base.py", line 196, in compile_nodelist
    nodelist = parser.parse()
  File "/mnt/aaa22500-1d14-4161-b361-89d4e7d74008/Apps/advisor-crm/venv/lib/python3.13/site-packages/django/template/base.py", line 518, in parse
    raise self.error(token, e)
  File "/mnt/aaa22500-1d14-4161-b361-89d4e7d74008/Apps/advisor-crm/venv/lib/python3.13/site-packages/django/template/base.py", line 516, in parse
    compiled_result = compile_func(self, token)
  File "/mnt/aaa22500-1d14-4161-b361-89d4e7d74008/Apps/advisor-crm/venv/lib/python3.13/site-packages/django/template/loader_tags.py", line 299, in do_extends
    nodelist = parser.parse()
  File "/mnt/aaa22500-1d14-4161-b361-89d4e7d74008/Apps/advisor-crm/venv/lib/python3.13/site-packages/django/template/base.py", line 518, in parse
    raise self.error(token, e)
  File "/mnt/aaa22500-1d14-4161-b361-89d4e7d74008/Apps/advisor-crm/venv/lib/python3.13/site-packages/django/template/base.py", line 516, in parse
    compiled_result = compile_func(self, token)
  File "/mnt/aaa22500-1d14-4161-b361-89d4e7d74008/Apps/advisor-crm/venv/lib/python3.13/site-packages/django/template/defaulttags.py", line 1097, in load
    lib = find_library(parser, name)
  File "/mnt/aaa22500-1d14-4161-b361-89d4e7d74008/Apps/advisor-crm/venv/lib/python3.13/site-packages/django/template/defaulttags.py", line 1037, in find_library
    raise TemplateSyntaxError(
    ...<5 lines>...
    )
django.template.exceptions.TemplateSyntaxError: 'humanize' is not a registered tag library. Must be one of:
admin_list
admin_modify
admin_urls
cache
i18n
l10n
log
static
tz
widget_tweaks
Internal Server Error: /renewals/
Traceback (most recent call last):
  File "/mnt/aaa22500-1d14-4161-b361-89d4e7d74008/Apps/advisor-crm/venv/lib/python3.13/site-packages/django/template/defaulttags.py", line 1035, in find_library
    return parser.libraries[name]
           ~~~~~~~~~~~~~~~~^^^^^^
KeyError: 'humanize'

During handling of the above exception, another exception occurred:

Traceback (most recent call last):
  File "/mnt/aaa22500-1d14-4161-b361-89d4e7d74008/Apps/advisor-crm/venv/lib/python3.13/site-packages/django/core/handlers/exception.py", line 55, in inner
    response = get_response(request)
  File "/mnt/aaa22500-1d14-4161-b361-89d4e7d74008/Apps/advisor-crm/venv/lib/python3.13/site-packages/django/core/handlers/base.py", line 197, in _get_response
    response = wrapped_callback(request, *callback_args, **callback_kwargs)
  File "/mnt/aaa22500-1d14-4161-b361-89d4e7d74008/Apps/advisor-crm/venv/lib/python3.13/site-packages/django/contrib/auth/decorators.py", line 59, in _view_wrapper
    return view_func(request, *args, **kwargs)
  File "/mnt/aaa22500-1d14-4161-b361-89d4e7d74008/Apps/advisor-crm/advisor_crm/crm/views.py", line 473, in renewal_alerts
    return render(request, 'crm/renewal_alerts.html', context)
  File "/mnt/aaa22500-1d14-4161-b361-89d4e7d74008/Apps/advisor-crm/venv/lib/python3.13/site-packages/django/shortcuts.py", line 25, in render
    content = loader.render_to_string(template_name, context, request, using=using)
  File "/mnt/aaa22500-1d14-4161-b361-89d4e7d74008/Apps/advisor-crm/venv/lib/python3.13/site-packages/django/template/loader.py", line 61, in render_to_string
    template = get_template(template_name, using=using)
  File "/mnt/aaa22500-1d14-4161-b361-89d4e7d74008/Apps/advisor-crm/venv/lib/python3.13/site-packages/django/template/loader.py", line 15, in get_template
    return engine.get_template(template_name)
           ~~~~~~~~~~~~~~~~~~~^^^^^^^^^^^^^^^
  File "/mnt/aaa22500-1d14-4161-b361-89d4e7d74008/Apps/advisor-crm/venv/lib/python3.13/site-packages/django/template/backends/django.py", line 79, in get_template
    return Template(self.engine.get_template(template_name), self)
                    ~~~~~~~~~~~~~~~~~~~~~~~~^^^^^^^^^^^^^^^
  File "/mnt/aaa22500-1d14-4161-b361-89d4e7d74008/Apps/advisor-crm/venv/lib/python3.13/site-packages/django/template/engine.py", line 177, in get_template
    template, origin = self.find_template(template_name)
                       ~~~~~~~~~~~~~~~~~~^^^^^^^^^^^^^^^
  File "/mnt/aaa22500-1d14-4161-b361-89d4e7d74008/Apps/advisor-crm/venv/lib/python3.13/site-packages/django/template/engine.py", line 159, in find_template
    template = loader.get_template(name, skip=skip)
  File "/mnt/aaa22500-1d14-4161-b361-89d4e7d74008/Apps/advisor-crm/venv/lib/python3.13/site-packages/django/template/loaders/cached.py", line 57, in get_template
    template = super().get_template(template_name, skip)
  File "/mnt/aaa22500-1d14-4161-b361-89d4e7d74008/Apps/advisor-crm/venv/lib/python3.13/site-packages/django/template/loaders/base.py", line 28, in get_template
    return Template(
        contents,
    ...<2 lines>...
        self.engine,
    )
  File "/mnt/aaa22500-1d14-4161-b361-89d4e7d74008/Apps/advisor-crm/venv/lib/python3.13/site-packages/django/template/base.py", line 154, in __init__
    self.nodelist = self.compile_nodelist()
                    ~~~~~~~~~~~~~~~~~~~~~^^
  File "/mnt/aaa22500-1d14-4161-b361-89d4e7d74008/Apps/advisor-crm/venv/lib/python3.13/site-packages/django/template/base.py", line 196, in compile_nodelist
    nodelist = parser.parse()
  File "/mnt/aaa22500-1d14-4161-b361-89d4e7d74008/Apps/advisor-crm/venv/lib/python3.13/site-packages/django/template/base.py", line 518, in parse
    raise self.error(token, e)
  File "/mnt/aaa22500-1d14-4161-b361-89d4e7d74008/Apps/advisor-crm/venv/lib/python3.13/site-packages/django/template/base.py", line 516, in parse
    compiled_result = compile_func(self, token)
  File "/mnt/aaa22500-1d14-4161-b361-89d4e7d74008/Apps/advisor-crm/venv/lib/python3.13/site-packages/django/template/loader_tags.py", line 299, in do_extends
    nodelist = parser.parse()
  File "/mnt/aaa22500-1d14-4161-b361-89d4e7d74008/Apps/advisor-crm/venv/lib/python3.13/site-packages/django/template/base.py", line 518, in parse
    raise self.error(token, e)
  File "/mnt/aaa22500-1d14-4161-b361-89d4e7d74008/Apps/advisor-crm/venv/lib/python3.13/site-packages/django/template/base.py", line 516, in parse
    compiled_result = compile_func(self, token)
  File "/mnt/aaa22500-1d14-4161-b361-89d4e7d74008/Apps/advisor-crm/venv/lib/python3.13/site-packages/django/template/defaulttags.py", line 1097, in load
    lib = find_library(parser, name)
  File "/mnt/aaa22500-1d14-4161-b361-89d4e7d74008/Apps/advisor-crm/venv/lib/python3.13/site-packages/django/template/defaulttags.py", line 1037, in find_library
    raise TemplateSyntaxError(
    ...<5 lines>...
    )
django.template.exceptions.TemplateSyntaxError: 'humanize' is not a registered tag library. Must be one of:
admin_list
admin_modify
admin_urls
cache
i18n
l10n
log
static
tz
widget_tweaks
Watching for file changes with StatReloader
Internal Server Error: /renewals/
Traceback (most recent call last):
  File "/mnt/aaa22500-1d14-4161-b361-89d4e7d74008/Apps/advisor-crm/venv/lib/python3.13/site-packages/django/template/defaulttags.py", line 1035, in find_library
    return parser.libraries[name]
           ~~~~~~~~~~~~~~~~^^^^^^
KeyError: 'humanize'

During handling of the above exception, another exception occurred:

Traceback (most recent call last):
  File "/mnt/aaa22500-1d14-4161-b361-89d4e7d74008/Apps/advisor-crm/venv/lib/python3.13/site-packages/django/core/handlers/exception.py", line 55, in inner
    response = get_response(request)
  File "/mnt/aaa22500-1d14-4161-b361-89d4e7d74008/Apps/advisor-crm/venv/lib/python3.13/site-packages/django/core/handlers/base.py", line 197, in _get_response
    response = wrapped_callback(request, *callback_args, **callback_kwargs)
  File "/mnt/aaa22500-1d14-4161-b361-89d4e7d74008/Apps/advisor-crm/venv/lib/python3.13/site-packages/django/contrib/auth/decorators.py", line 59, in _view_wrapper
    return view_func(request, *args, **kwargs)
  File "/mnt/aaa22500-1d14-4161-b361-89d4e7d74008/Apps/advisor-crm/advisor_crm/crm/views.py", line 473, in renewal_alerts
    return render(request, 'crm/renewal_alerts.html', context)
  File "/mnt/aaa22500-1d14-4161-b361-89d4e7d74008/Apps/advisor-crm/venv/lib/python3.13/site-packages/django/shortcuts.py", line 25, in render
    content = loader.render_to_string(template_name, context, request, using=using)
  File "/mnt/aaa22500-1d14-4161-b361-89d4e7d74008/Apps/advisor-crm/venv/lib/python3.13/site-packages/django/template/loader.py", line 61, in render_to_string
    template = get_template(template_name, using=using)
  File "/mnt/aaa22500-1d14-4161-b361-89d4e7d74008/Apps/advisor-crm/venv/lib/python3.13/site-packages/django/template/loader.py", line 15, in get_template
    return engine.get_template(template_name)
           ~~~~~~~~~~~~~~~~~~~^^^^^^^^^^^^^^^
  File "/mnt/aaa22500-1d14-4161-b361-89d4e7d74008/Apps/advisor-crm/venv/lib/python3.13/site-packages/django/template/backends/django.py", line 79, in get_template
    return Template(self.engine.get_template(template_name), self)
                    ~~~~~~~~~~~~~~~~~~~~~~~~^^^^^^^^^^^^^^^
  File "/mnt/aaa22500-1d14-4161-b361-89d4e7d74008/Apps/advisor-crm/venv/lib/python3.13/site-packages/django/template/engine.py", line 177, in get_template
    template, origin = self.find_template(template_name)
                       ~~~~~~~~~~~~~~~~~~^^^^^^^^^^^^^^^
  File "/mnt/aaa22500-1d14-4161-b361-89d4e7d74008/Apps/advisor-crm/venv/lib/python3.13/site-packages/django/template/engine.py", line 159, in find_template
    template = loader.get_template(name, skip=skip)
  File "/mnt/aaa22500-1d14-4161-b361-89d4e7d74008/Apps/advisor-crm/venv/lib/python3.13/site-packages/django/template/loaders/cached.py", line 57, in get_template
    template = super().get_template(template_name, skip)
  File "/mnt/aaa22500-1d14-4161-b361-89d4e7d74008/Apps/advisor-crm/venv/lib/python3.13/site-packages/django/template/loaders/base.py", line 28, in get_template
    return Template(
        contents,
    ...<2 lines>...
        self.engine,
    )
  File "/mnt/aaa22500-1d14-4161-b361-89d4e7d74008/Apps/advisor-crm/venv/lib/python3.13/site-packages/django/template/base.py", line 154, in __init__
    self.nodelist = self.compile_nodelist()
                    ~~~~~~~~~~~~~~~~~~~~~^^
  File "/mnt/aaa22500-1d14-4161-b361-89d4e7d74008/Apps/advisor-crm/venv/lib/python3.13/site-packages/django/template/base.py", line 196, in compile_nodelist
    nodelist = parser.parse()
  File "/mnt/aaa22500-1d14-4161-b361-89d4e7d74008/Apps/advisor-crm/venv/lib/python3.13/site-packages/django/template/base.py", line 518, in parse
    raise self.error(token, e)
  File "/mnt/aaa22500-1d14-4161-b361-89d4e7d74008/Apps/advisor-crm/venv/lib/python3.13/site-packages/django/template/base.py", line 516, in parse
    compiled_result = compile_func(self, token)
  File "/mnt/aaa22500-1d14-4161-b361-89d4e7d74008/Apps/advisor-crm/venv/lib/python3.13/site-packages/django/template/loader_tags.py", line 299, in do_extends
    nodelist = parser.parse()
  File "/mnt/aaa22500-1d14-4161-b361-89d4e7d74008/Apps/advisor-crm/venv/lib/python3.13/site-packages/django/template/base.py", line 518, in parse
    raise self.error(token, e)
  File "/mnt/aaa22500-1d14-4161-b361-89d4e7d74008/Apps/advisor-crm/venv/lib/python3.13/site-packages/django/template/base.py", line 516, in parse
    compiled_result = compile_func(self, token)
  File "/mnt/aaa22500-1d14-4161-b361-89d4e7d74008/Apps/advisor-crm/venv/lib/python3.13/site-packages/django/template/defaulttags.py", line 1097, in load
    lib = find_library(parser, name)
  File "/mnt/aaa22500-1d14-4161-b361-89d4e7d74008/Apps/advisor-crm/venv/lib/python3.13/site-packages/django/template/defaulttags.py", line 1037, in find_library
    raise TemplateSyntaxError(
    ...<5 lines>...
    )
django.template.exceptions.TemplateSyntaxError: 'humanize' is not a registered tag library. Must be one of:
admin_list
admin_modify
admin_urls
cache
i18n
l10n
log
static
tz
widget_tweaks
Internal Server Error: /renewals/
Traceback (most recent call last):
  File "/mnt/aaa22500-1d14-4161-b361-89d4e7d74008/Apps/advisor-crm/venv/lib/python3.13/site-packages/django/template/defaulttags.py", line 1035, in find_library
    return parser.libraries[name]
           ~~~~~~~~~~~~~~~~^^^^^^
KeyError: 'humanize'

During handling of the above exception, another exception occurred:

Traceback (most recent call last):
  File "/mnt/aaa22500-1d14-4161-b361-89d4e7d74008/Apps/advisor-crm/venv/lib/python3.13/site-packages/django/core/handlers/exception.py", line 55, in inner
    response = get_response(request)
  File "/mnt/aaa22500-1d14-4161-b361-89d4e7d74008/Apps/advisor-crm/venv/lib/python3.13/site-packages/django/core/handlers/base.py", line 197, in _get_response
    response = wrapped_callback(request, *callback_args, **callback_kwargs)
  File "/mnt/aaa22500-1d14-4161-b361-89d4e7d74008/Apps/advisor-crm/venv/lib/python3.13/site-packages/django/contrib/auth/decorators.py", line 59, in _view_wrapper
    return view_func(request, *args, **kwargs)
  File "/mnt/aaa22500-1d14-4161-b361-89d4e7d74008/Apps/advisor-crm/advisor_crm/crm/views.py", line 473, in renewal_alerts
    return render(request, 'crm/renewal_alerts.html', context)
  File "/mnt/aaa22500-1d14-4161-b361-89d4e7d74008/Apps/advisor-crm/venv/lib/python3.13/site-packages/django/shortcuts.py", line 25, in render
    content = loader.render_to_string(template_name, context, request, using=using)
  File "/mnt/aaa22500-1d14-4161-b361-89d4e7d74008/Apps/advisor-crm/venv/lib/python3.13/site-packages/django/template/loader.py", line 61, in render_to_string
    template = get_template(template_name, using=using)
  File "/mnt/aaa22500-1d14-4161-b361-89d4e7d74008/Apps/advisor-crm/venv/lib/python3.13/site-packages/django/template/loader.py", line 15, in get_template
    return engine.get_template(template_name)
           ~~~~~~~~~~~~~~~~~~~^^^^^^^^^^^^^^^
  File "/mnt/aaa22500-1d14-4161-b361-89d4e7d74008/Apps/advisor-crm/venv/lib/python3.13/site-packages/django/template/backends/django.py", line 79, in get_template
    return Template(self.engine.get_template(template_name), self)
                    ~~~~~~~~~~~~~~~~~~~~~~~~^^^^^^^^^^^^^^^
  File "/mnt/aaa22500-1d14-4161-b361-89d4e7d74008/Apps/advisor-crm/venv/lib/python3.13/site-packages/django/template/engine.py", line 177, in get_template
    template, origin = self.find_template(template_name)
                       ~~~~~~~~~~~~~~~~~~^^^^^^^^^^^^^^^
  File "/mnt/aaa22500-1d14-4161-b361-89d4e7d74008/Apps/advisor-crm/venv/lib/python3.13/site-packages/django/template/engine.py", line 159, in find_template
    template = loader.get_template(name, skip=skip)
  File "/mnt/aaa22500-1d14-4161-b361-89d4e7d74008/Apps/advisor-crm/venv/lib/python3.13/site-packages/django/template/loaders/cached.py", line 57, in get_template
    template = super().get_template(template_name, skip)
  File "/mnt/aaa22500-1d14-4161-b361-89d4e7d74008/Apps/advisor-crm/venv/lib/python3.13/site-packages/django/template/loaders/base.py", line 28, in get_template
    return Template(
        contents,
    ...<2 lines>...
        self.engine,
    )
  File "/mnt/aaa22500-1d14-4161-b361-89d4e7d74008/Apps/advisor-crm/venv/lib/python3.13/site-packages/django/template/base.py", line 154, in __init__
    self.nodelist = self.compile_nodelist()
                    ~~~~~~~~~~~~~~~~~~~~~^^
  File "/mnt/aaa22500-1d14-4161-b361-89d4e7d74008/Apps/advisor-crm/venv/lib/python3.13/site-packages/django/template/base.py", line 196, in compile_nodelist
    nodelist = parser.parse()
  File "/mnt/aaa22500-1d14-4161-b361-89d4e7d74008/Apps/advisor-crm/venv/lib/python3.13/site-packages/django/template/base.py", line 518, in parse
    raise self.error(token, e)
  File "/mnt/aaa22500-1d14-4161-b361-89d4e7d74008/Apps/advisor-crm/venv/lib/python3.13/site-packages/django/template/base.py", line 516, in parse
    compiled_result = compile_func(self, token)
  File "/mnt/aaa22500-1d14-4161-b361-89d4e7d74008/Apps/advisor-crm/venv/lib/python3.13/site-packages/django/template/loader_tags.py", line 299, in do_extends
    nodelist = parser.parse()
  File "/mnt/aaa22500-1d14-4161-b361-89d4e7d74008/Apps/advisor-crm/venv/lib/python3.13/site-packages/django/template/base.py", line 518, in parse
    raise self.error(token, e)
  File "/mnt/aaa22500-1d14-4161-b361-89d4e7d74008/Apps/advisor-crm/venv/lib/python3.13/site-packages/django/template/base.py", line 516, in parse
    compiled_result = compile_func(self, token)
  File "/mnt/aaa22500-1d14-4161-b361-89d4e7d74008/Apps/advisor-crm/venv/lib/python3.13/site-packages/django/template/defaulttags.py", line 1097, in load
    lib = find_library(parser, name)
  File "/mnt/aaa22500-1d14-4161-b361-89d4e7d74008/Apps/advisor-crm/venv/lib/python3.13/site-packages/django/template/defaulttags.py", line 1037, in find_library
    raise TemplateSyntaxError(
    ...<5 lines>...
    )
django.template.exceptions.TemplateSyntaxError: 'humanize' is not a registered tag library. Must be one of:
admin_list
admin_modify
admin_urls
cache
i18n
l10n
log
static
tz
widget_tweaks
Not Found: /favicon.ico
Internal Server Error: /renewals/
Traceback (most recent call last):
  File "/mnt/aaa22500-1d14-4161-b361-89d4e7d74008/Apps/advisor-crm/venv/lib/python3.13/site-packages/django/template/defaulttags.py", line 1035, in find_library
    return parser.libraries[name]
           ~~~~~~~~~~~~~~~~^^^^^^
KeyError: 'humanize'

During handling of the above exception, another exception occurred:

Traceback (most recent call last):
  File "/mnt/aaa22500-1d14-4161-b361-89d4e7d74008/Apps/advisor-crm/venv/lib/python3.13/site-packages/django/core/handlers/exception.py", line 55, in inner
    response = get_response(request)
  File "/mnt/aaa22500-1d14-4161-b361-89d4e7d74008/Apps/advisor-crm/venv/lib/python3.13/site-packages/django/core/handlers/base.py", line 197, in _get_response
    response = wrapped_callback(request, *callback_args, **callback_kwargs)
  File "/mnt/aaa22500-1d14-4161-b361-89d4e7d74008/Apps/advisor-crm/venv/lib/python3.13/site-packages/django/contrib/auth/decorators.py", line 59, in _view_wrapper
    return view_func(request, *args, **kwargs)
  File "/mnt/aaa22500-1d14-4161-b361-89d4e7d74008/Apps/advisor-crm/advisor_crm/crm/views.py", line 473, in renewal_alerts
    return render(request, 'crm/renewal_alerts.html', context)
  File "/mnt/aaa22500-1d14-4161-b361-89d4e7d74008/Apps/advisor-crm/venv/lib/python3.13/site-packages/django/shortcuts.py", line 25, in render
    content = loader.render_to_string(template_name, context, request, using=using)
  File "/mnt/aaa22500-1d14-4161-b361-89d4e7d74008/Apps/advisor-crm/venv/lib/python3.13/site-packages/django/template/loader.py", line 61, in render_to_string
    template = get_template(template_name, using=using)
  File "/mnt/aaa22500-1d14-4161-b361-89d4e7d74008/Apps/advisor-crm/venv/lib/python3.13/site-packages/django/template/loader.py", line 15, in get_template
    return engine.get_template(template_name)
           ~~~~~~~~~~~~~~~~~~~^^^^^^^^^^^^^^^
  File "/mnt/aaa22500-1d14-4161-b361-89d4e7d74008/Apps/advisor-crm/venv/lib/python3.13/site-packages/django/template/backends/django.py", line 79, in get_template
    return Template(self.engine.get_template(template_name), self)
                    ~~~~~~~~~~~~~~~~~~~~~~~~^^^^^^^^^^^^^^^
  File "/mnt/aaa22500-1d14-4161-b361-89d4e7d74008/Apps/advisor-crm/venv/lib/python3.13/site-packages/django/template/engine.py", line 177, in get_template
    template, origin = self.find_template(template_name)
                       ~~~~~~~~~~~~~~~~~~^^^^^^^^^^^^^^^
  File "/mnt/aaa22500-1d14-4161-b361-89d4e7d74008/Apps/advisor-crm/venv/lib/python3.13/site-packages/django/template/engine.py", line 159, in find_template
    template = loader.get_template(name, skip=skip)
  File "/mnt/aaa22500-1d14-4161-b361-89d4e7d74008/Apps/advisor-crm/venv/lib/python3.13/site-packages/django/template/loaders/cached.py", line 57, in get_template
    template = super().get_template(template_name, skip)
  File "/mnt/aaa22500-1d14-4161-b361-89d4e7d74008/Apps/advisor-crm/venv/lib/python3.13/site-packages/django/template/loaders/base.py", line 28, in get_template
    return Template(
        contents,
    ...<2 lines>...
        self.engine,
    )
  File "/mnt/aaa22500-1d14-4161-b361-89d4e7d74008/Apps/advisor-crm/venv/lib/python3.13/site-packages/django/template/base.py", line 154, in __init__
    self.nodelist = self.compile_nodelist()
                    ~~~~~~~~~~~~~~~~~~~~~^^
  File "/mnt/aaa22500-1d14-4161-b361-89d4e7d74008/Apps/advisor-crm/venv/lib/python3.13/site-packages/django/template/base.py", line 196, in compile_nodelist
    nodelist = parser.parse()
  File "/mnt/aaa22500-1d14-4161-b361-89d4e7d74008/Apps/advisor-crm/venv/lib/python3.13/site-packages/django/template/base.py", line 518, in parse
    raise self.error(token, e)
  File "/mnt/aaa22500-1d14-4161-b361-89d4e7d74008/Apps/advisor-crm/venv/lib/python3.13/site-packages/django/template/base.py", line 516, in parse
    compiled_result = compile_func(self, token)
  File "/mnt/aaa22500-1d14-4161-b361-89d4e7d74008/Apps/advisor-crm/venv/lib/python3.13/site-packages/django/template/loader_tags.py", line 299, in do_extends
    nodelist = parser.parse()
  File "/mnt/aaa22500-1d14-4161-b361-89d4e7d74008/Apps/advisor-crm/venv/lib/python3.13/site-packages/django/template/base.py", line 518, in parse
    raise self.error(token, e)
  File "/mnt/aaa22500-1d14-4161-b361-89d4e7d74008/Apps/advisor-crm/venv/lib/python3.13/site-packages/django/template/base.py", line 516, in parse
    compiled_result = compile_func(self, token)
  File "/mnt/aaa22500-1d14-4161-b361-89d4e7d74008/Apps/advisor-crm/venv/lib/python3.13/site-packages/django/template/defaulttags.py", line 1097, in load
    lib = find_library(parser, name)
  File "/mnt/aaa22500-1d14-4161-b361-89d4e7d74008/Apps/advisor-crm/venv/lib/python3.13/site-packages/django/template/defaulttags.py", line 1037, in find_library
    raise TemplateSyntaxError(
    ...<5 lines>...
    )
django.template.exceptions.TemplateSyntaxError: 'humanize' is not a registered tag library. Must be one of:
admin_list
admin_modify
admin_urls
cache
i18n
l10n
log
static
tz
widget_tweaks
Internal Server Error: /renewals/
Traceback (most recent call last):
  File "/mnt/aaa22500-1d14-4161-b361-89d4e7d74008/Apps/advisor-crm/venv/lib/python3.13/site-packages/django/template/defaulttags.py", line 1035, in find_library
    return parser.libraries[name]
           ~~~~~~~~~~~~~~~~^^^^^^
KeyError: 'humanize'

During handling of the above exception, another exception occurred:

Traceback (most recent call last):
  File "/mnt/aaa22500-1d14-4161-b361-89d4e7d74008/Apps/advisor-crm/venv/lib/python3.13/site-packages/django/core/handlers/exception.py", line 55, in inner
    response = get_response(request)
  File "/mnt/aaa22500-1d14-4161-b361-89d4e7d74008/Apps/advisor-crm/venv/lib/python3.13/site-packages/django/core/handlers/base.py", line 197, in _get_response
    response = wrapped_callback(request, *callback_args, **callback_kwargs)
  File "/mnt/aaa22500-1d14-4161-b361-89d4e7d74008/Apps/advisor-crm/venv/lib/python3.13/site-packages/django/contrib/auth/decorators.py", line 59, in _view_wrapper
    return view_func(request, *args, **kwargs)
  File "/mnt/aaa22500-1d14-4161-b361-89d4e7d74008/Apps/advisor-crm/advisor_crm/crm/views.py", line 473, in renewal_alerts
    return render(request, 'crm/renewal_alerts.html', context)
  File "/mnt/aaa22500-1d14-4161-b361-89d4e7d74008/Apps/advisor-crm/venv/lib/python3.13/site-packages/django/shortcuts.py", line 25, in render
    content = loader.render_to_string(template_name, context, request, using=using)
  File "/mnt/aaa22500-1d14-4161-b361-89d4e7d74008/Apps/advisor-crm/venv/lib/python3.13/site-packages/django/template/loader.py", line 61, in render_to_string
    template = get_template(template_name, using=using)
  File "/mnt/aaa22500-1d14-4161-b361-89d4e7d74008/Apps/advisor-crm/venv/lib/python3.13/site-packages/django/template/loader.py", line 15, in get_template
    return engine.get_template(template_name)
           ~~~~~~~~~~~~~~~~~~~^^^^^^^^^^^^^^^
  File "/mnt/aaa22500-1d14-4161-b361-89d4e7d74008/Apps/advisor-crm/venv/lib/python3.13/site-packages/django/template/backends/django.py", line 79, in get_template
    return Template(self.engine.get_template(template_name), self)
                    ~~~~~~~~~~~~~~~~~~~~~~~~^^^^^^^^^^^^^^^
  File "/mnt/aaa22500-1d14-4161-b361-89d4e7d74008/Apps/advisor-crm/venv/lib/python3.13/site-packages/django/template/engine.py", line 177, in get_template
    template, origin = self.find_template(template_name)
                       ~~~~~~~~~~~~~~~~~~^^^^^^^^^^^^^^^
  File "/mnt/aaa22500-1d14-4161-b361-89d4e7d74008/Apps/advisor-crm/venv/lib/python3.13/site-packages/django/template/engine.py", line 159, in find_template
    template = loader.get_template(name, skip=skip)
  File "/mnt/aaa22500-1d14-4161-b361-89d4e7d74008/Apps/advisor-crm/venv/lib/python3.13/site-packages/django/template/loaders/cached.py", line 57, in get_template
    template = super().get_template(template_name, skip)
  File "/mnt/aaa22500-1d14-4161-b361-89d4e7d74008/Apps/advisor-crm/venv/lib/python3.13/site-packages/django/template/loaders/base.py", line 28, in get_template
    return Template(
        contents,
    ...<2 lines>...
        self.engine,
    )
  File "/mnt/aaa22500-1d14-4161-b361-89d4e7d74008/Apps/advisor-crm/venv/lib/python3.13/site-packages/django/template/base.py", line 154, in __init__
    self.nodelist = self.compile_nodelist()
                    ~~~~~~~~~~~~~~~~~~~~~^^
  File "/mnt/aaa22500-1d14-4161-b361-89d4e7d74008/Apps/advisor-crm/venv/lib/python3.13/site-packages/django/template/base.py", line 196, in compile_nodelist
    nodelist = parser.parse()
  File "/mnt/aaa22500-1d14-4161-b361-89d4e7d74008/Apps/advisor-crm/venv/lib/python3.13/site-packages/django/template/base.py", line 518, in parse
    raise self.error(token, e)
  File "/mnt/aaa22500-1d14-4161-b361-89d4e7d74008/Apps/advisor-crm/venv/lib/python3.13/site-packages/django/template/base.py", line 516, in parse
    compiled_result = compile_func(self, token)
  File "/mnt/aaa22500-1d14-4161-b361-89d4e7d74008/Apps/advisor-crm/venv/lib/python3.13/site-packages/django/template/loader_tags.py", line 299, in do_extends
    nodelist = parser.parse()
  File "/mnt/aaa22500-1d14-4161-b361-89d4e7d74008/Apps/advisor-crm/venv/lib/python3.13/site-packages/django/template/base.py", line 518, in parse
    raise self.error(token, e)
  File "/mnt/aaa22500-1d14-4161-b361-89d4e7d74008/Apps/advisor-crm/venv/lib/python3.13/site-packages/django/template/base.py", line 516, in parse
    compiled_result = compile_func(self, token)
  File "/mnt/aaa22500-1d14-4161-b361-89d4e7d74008/Apps/advisor-crm/venv/lib/python3.13/site-packages/django/template/defaulttags.py", line 1097, in load
    lib = find_library(parser, name)
  File "/mnt/aaa22500-1d14-4161-b361-89d4e7d74008/Apps/advisor-crm/venv/lib/python3.13/site-packages/django/template/defaulttags.py", line 1037, in find_library
    raise TemplateSyntaxError(
    ...<5 lines>...
    )
django.template.exceptions.TemplateSyntaxError: 'humanize' is not a registered tag library. Must be one of:
admin_list
admin_modify
admin_urls
cache
i18n
l10n
log
static
tz
widget_tweaks
Internal Server Error: /renewals/
Traceback (most recent call last):
  File "/mnt/aaa22500-1d14-4161-b361-89d4e7d74008/Apps/advisor-crm/venv/lib/python3.13/site-packages/django/template/defaulttags.py", line 1035, in find_library
    return parser.libraries[name]
           ~~~~~~~~~~~~~~~~^^^^^^
KeyError: 'humanize'

During handling of the above exception, another exception occurred:

Traceback (most recent call last):
  File "/mnt/aaa22500-1d14-4161-b361-89d4e7d74008/Apps/advisor-crm/venv/lib/python3.13/site-packages/django/core/handlers/exception.py", line 55, in inner
    response = get_response(request)
  File "/mnt/aaa22500-1d14-4161-b361-89d4e7d74008/Apps/advisor-crm/venv/lib/python3.13/site-packages/django/core/handlers/base.py", line 197, in _get_response
    response = wrapped_callback(request, *callback_args, **callback_kwargs)
  File "/mnt/aaa22500-1d14-4161-b361-89d4e7d74008/Apps/advisor-crm/venv/lib/python3.13/site-packages/django/contrib/auth/decorators.py", line 59, in _view_wrapper
    return view_func(request, *args, **kwargs)
  File "/mnt/aaa22500-1d14-4161-b361-89d4e7d74008/Apps/advisor-crm/advisor_crm/crm/views.py", line 473, in renewal_alerts
    return render(request, 'crm/renewal_alerts.html', context)
  File "/mnt/aaa22500-1d14-4161-b361-89d4e7d74008/Apps/advisor-crm/venv/lib/python3.13/site-packages/django/shortcuts.py", line 25, in render
    content = loader.render_to_string(template_name, context, request, using=using)
  File "/mnt/aaa22500-1d14-4161-b361-89d4e7d74008/Apps/advisor-crm/venv/lib/python3.13/site-packages/django/template/loader.py", line 61, in render_to_string
    template = get_template(template_name, using=using)
  File "/mnt/aaa22500-1d14-4161-b361-89d4e7d74008/Apps/advisor-crm/venv/lib/python3.13/site-packages/django/template/loader.py", line 15, in get_template
    return engine.get_template(template_name)
           ~~~~~~~~~~~~~~~~~~~^^^^^^^^^^^^^^^
  File "/mnt/aaa22500-1d14-4161-b361-89d4e7d74008/Apps/advisor-crm/venv/lib/python3.13/site-packages/django/template/backends/django.py", line 79, in get_template
    return Template(self.engine.get_template(template_name), self)
                    ~~~~~~~~~~~~~~~~~~~~~~~~^^^^^^^^^^^^^^^
  File "/mnt/aaa22500-1d14-4161-b361-89d4e7d74008/Apps/advisor-crm/venv/lib/python3.13/site-packages/django/template/engine.py", line 177, in get_template
    template, origin = self.find_template(template_name)
                       ~~~~~~~~~~~~~~~~~~^^^^^^^^^^^^^^^
  File "/mnt/aaa22500-1d14-4161-b361-89d4e7d74008/Apps/advisor-crm/venv/lib/python3.13/site-packages/django/template/engine.py", line 159, in find_template
    template = loader.get_template(name, skip=skip)
  File "/mnt/aaa22500-1d14-4161-b361-89d4e7d74008/Apps/advisor-crm/venv/lib/python3.13/site-packages/django/template/loaders/cached.py", line 57, in get_template
    template = super().get_template(template_name, skip)
  File "/mnt/aaa22500-1d14-4161-b361-89d4e7d74008/Apps/advisor-crm/venv/lib/python3.13/site-packages/django/template/loaders/base.py", line 28, in get_template
    return Template(
        contents,
    ...<2 lines>...
        self.engine,
    )
  File "/mnt/aaa22500-1d14-4161-b361-89d4e7d74008/Apps/advisor-crm/venv/lib/python3.13/site-packages/django/template/base.py", line 154, in __init__
    self.nodelist = self.compile_nodelist()
                    ~~~~~~~~~~~~~~~~~~~~~^^
  File "/mnt/aaa22500-1d14-4161-b361-89d4e7d74008/Apps/advisor-crm/venv/lib/python3.13/site-packages/django/template/base.py", line 196, in compile_nodelist
    nodelist = parser.parse()
  File "/mnt/aaa22500-1d14-4161-b361-89d4e7d74008/Apps/advisor-crm/venv/lib/python3.13/site-packages/django/template/base.py", line 518, in parse
    raise self.error(token, e)
  File "/mnt/aaa22500-1d14-4161-b361-89d4e7d74008/Apps/advisor-crm/venv/lib/python3.13/site-packages/django/template/base.py", line 516, in parse
    compiled_result = compile_func(self, token)
  File "/mnt/aaa22500-1d14-4161-b361-89d4e7d74008/Apps/advisor-crm/venv/lib/python3.13/site-packages/django/template/loader_tags.py", line 299, in do_extends
    nodelist = parser.parse()
  File "/mnt/aaa22500-1d14-4161-b361-89d4e7d74008/Apps/advisor-crm/venv/lib/python3.13/site-packages/django/template/base.py", line 518, in parse
    raise self.error(token, e)
  File "/mnt/aaa22500-1d14-4161-b361-89d4e7d74008/Apps/advisor-crm/venv/lib/python3.13/site-packages/django/template/base.py", line 516, in parse
    compiled_result = compile_func(self, token)
  File "/mnt/aaa22500-1d14-4161-b361-89d4e7d74008/Apps/advisor-crm/venv/lib/python3.13/site-packages/django/template/defaulttags.py", line 1097, in load
    lib = find_library(parser, name)
  File "/mnt/aaa22500-1d14-4161-b361-89d4e7d74008/Apps/advisor-crm/venv/lib/python3.13/site-packages/django/template/defaulttags.py", line 1037, in find_library
    raise TemplateSyntaxError(
    ...<5 lines>...
    )
django.template.exceptions.TemplateSyntaxError: 'humanize' is not a registered tag library. Must be one of:
admin_list
admin_modify
admin_urls
cache
i18n
l10n
log
static
tz
widget_tweaks
Internal Server Error: /reports/
Traceback (most recent call last):
  File "/mnt/aaa22500-1d14-4161-b361-89d4e7d74008/Apps/advisor-crm/venv/lib/python3.13/site-packages/django/template/defaulttags.py", line 1035, in find_library
    return parser.libraries[name]
           ~~~~~~~~~~~~~~~~^^^^^^
KeyError: 'humanize'

During handling of the above exception, another exception occurred:

Traceback (most recent call last):
  File "/mnt/aaa22500-1d14-4161-b361-89d4e7d74008/Apps/advisor-crm/venv/lib/python3.13/site-packages/django/core/handlers/exception.py", line 55, in inner
    response = get_response(request)
  File "/mnt/aaa22500-1d14-4161-b361-89d4e7d74008/Apps/advisor-crm/venv/lib/python3.13/site-packages/django/core/handlers/base.py", line 197, in _get_response
    response = wrapped_callback(request, *callback_args, **callback_kwargs)
  File "/mnt/aaa22500-1d14-4161-b361-89d4e7d74008/Apps/advisor-crm/venv/lib/python3.13/site-packages/django/contrib/auth/decorators.py", line 59, in _view_wrapper
    return view_func(request, *args, **kwargs)
  File "/mnt/aaa22500-1d14-4161-b361-89d4e7d74008/Apps/advisor-crm/advisor_crm/crm/views.py", line 543, in reports_view
    return render(request, 'crm/reports.html', context)
  File "/mnt/aaa22500-1d14-4161-b361-89d4e7d74008/Apps/advisor-crm/venv/lib/python3.13/site-packages/django/shortcuts.py", line 25, in render
    content = loader.render_to_string(template_name, context, request, using=using)
  File "/mnt/aaa22500-1d14-4161-b361-89d4e7d74008/Apps/advisor-crm/venv/lib/python3.13/site-packages/django/template/loader.py", line 61, in render_to_string
    template = get_template(template_name, using=using)
  File "/mnt/aaa22500-1d14-4161-b361-89d4e7d74008/Apps/advisor-crm/venv/lib/python3.13/site-packages/django/template/loader.py", line 15, in get_template
    return engine.get_template(template_name)
           ~~~~~~~~~~~~~~~~~~~^^^^^^^^^^^^^^^
  File "/mnt/aaa22500-1d14-4161-b361-89d4e7d74008/Apps/advisor-crm/venv/lib/python3.13/site-packages/django/template/backends/django.py", line 79, in get_template
    return Template(self.engine.get_template(template_name), self)
                    ~~~~~~~~~~~~~~~~~~~~~~~~^^^^^^^^^^^^^^^
  File "/mnt/aaa22500-1d14-4161-b361-89d4e7d74008/Apps/advisor-crm/venv/lib/python3.13/site-packages/django/template/engine.py", line 177, in get_template
    template, origin = self.find_template(template_name)
                       ~~~~~~~~~~~~~~~~~~^^^^^^^^^^^^^^^
  File "/mnt/aaa22500-1d14-4161-b361-89d4e7d74008/Apps/advisor-crm/venv/lib/python3.13/site-packages/django/template/engine.py", line 159, in find_template
    template = loader.get_template(name, skip=skip)
  File "/mnt/aaa22500-1d14-4161-b361-89d4e7d74008/Apps/advisor-crm/venv/lib/python3.13/site-packages/django/template/loaders/cached.py", line 57, in get_template
    template = super().get_template(template_name, skip)
  File "/mnt/aaa22500-1d14-4161-b361-89d4e7d74008/Apps/advisor-crm/venv/lib/python3.13/site-packages/django/template/loaders/base.py", line 28, in get_template
    return Template(
        contents,
    ...<2 lines>...
        self.engine,
    )
  File "/mnt/aaa22500-1d14-4161-b361-89d4e7d74008/Apps/advisor-crm/venv/lib/python3.13/site-packages/django/template/base.py", line 154, in __init__
    self.nodelist = self.compile_nodelist()
                    ~~~~~~~~~~~~~~~~~~~~~^^
  File "/mnt/aaa22500-1d14-4161-b361-89d4e7d74008/Apps/advisor-crm/venv/lib/python3.13/site-packages/django/template/base.py", line 196, in compile_nodelist
    nodelist = parser.parse()
  File "/mnt/aaa22500-1d14-4161-b361-89d4e7d74008/Apps/advisor-crm/venv/lib/python3.13/site-packages/django/template/base.py", line 518, in parse
    raise self.error(token, e)
  File "/mnt/aaa22500-1d14-4161-b361-89d4e7d74008/Apps/advisor-crm/venv/lib/python3.13/site-packages/django/template/base.py", line 516, in parse
    compiled_result = compile_func(self, token)
  File "/mnt/aaa22500-1d14-4161-b361-89d4e7d74008/Apps/advisor-crm/venv/lib/python3.13/site-packages/django/template/loader_tags.py", line 299, in do_extends
    nodelist = parser.parse()
  File "/mnt/aaa22500-1d14-4161-b361-89d4e7d74008/Apps/advisor-crm/venv/lib/python3.13/site-packages/django/template/base.py", line 518, in parse
    raise self.error(token, e)
  File "/mnt/aaa22500-1d14-4161-b361-89d4e7d74008/Apps/advisor-crm/venv/lib/python3.13/site-packages/django/template/base.py", line 516, in parse
    compiled_result = compile_func(self, token)
  File "/mnt/aaa22500-1d14-4161-b361-89d4e7d74008/Apps/advisor-crm/venv/lib/python3.13/site-packages/django/template/defaulttags.py", line 1097, in load
    lib = find_library(parser, name)
  File "/mnt/aaa22500-1d14-4161-b361-89d4e7d74008/Apps/advisor-crm/venv/lib/python3.13/site-packages/django/template/defaulttags.py", line 1037, in find_library
    raise TemplateSyntaxError(
    ...<5 lines>...
    )
django.template.exceptions.TemplateSyntaxError: 'humanize' is not a registered tag library. Must be one of:
admin_list
admin_modify
admin_urls
cache
i18n
l10n
log
static
tz
widget_tweaks
/mnt/aaa22500-1d14-4161-b361-89d4e7d74008/Apps/advisor-crm/advisor_crm/advisor_crm/settings.py changed, reloading.
Watching for file changes with StatReloader
/mnt/aaa22500-1d14-4161-b361-89d4e7d74008/Apps/advisor-crm/advisor_crm/advisor_crm/urls.py changed, reloading.
Watching for file changes with StatReloader
/mnt/aaa22500-1d14-4161-b361-89d4e7d74008/Apps/advisor-crm/advisor_crm/advisor_crm/settings.py changed, reloading.
Watching for file changes with StatReloader
Method Not Allowed (GET): /logout/
Method Not Allowed (GET): /logout/
Watching for file changes with StatReloader
Method Not Allowed (GET): /logout/
Watching for file changes with StatReloader
/mnt/aaa22500-1d14-4161-b361-89d4e7d74008/Apps/advisor-crm/advisor_crm/advisor_crm/urls.py changed, reloading.
Watching for file changes with StatReloader
Watching for file changes with StatReloader
/mnt/aaa22500-1d14-4161-b361-89d4e7d74008/Apps/advisor-crm/advisor_crm/advisor_crm/urls.py changed, reloading.
Watching for file changes with StatReloader
Method Not Allowed (GET): /logout/
Method Not Allowed (GET): /logout/
/mnt/aaa22500-1d14-4161-b361-89d4e7d74008/Apps/advisor-crm/advisor_crm/crm/views.py changed, reloading.
Watching for file changes with StatReloader
/mnt/aaa22500-1d14-4161-b361-89d4e7d74008/Apps/advisor-crm/advisor_crm/crm/urls.py changed, reloading.
Watching for file changes with StatReloader
Watching for file changes with StatReloader
Internal Server Error: /
Traceback (most recent call last):
  File "/mnt/aaa22500-1d14-4161-b361-89d4e7d74008/Apps/advisor-crm/venv/lib/python3.13/site-packages/django/core/handlers/exception.py", line 55, in inner
    response = get_response(request)
  File "/mnt/aaa22500-1d14-4161-b361-89d4e7d74008/Apps/advisor-crm/venv/lib/python3.13/site-packages/django/core/handlers/base.py", line 197, in _get_response
    response = wrapped_callback(request, *callback_args, **callback_kwargs)
  File "/mnt/aaa22500-1d14-4161-b361-89d4e7d74008/Apps/advisor-crm/advisor_crm/crm/views.py", line 110, in home_page
    return render(request, 'index.html')
  File "/mnt/aaa22500-1d14-4161-b361-89d4e7d74008/Apps/advisor-crm/venv/lib/python3.13/site-packages/django/shortcuts.py", line 25, in render
    content = loader.render_to_string(template_name, context, request, using=using)
  File "/mnt/aaa22500-1d14-4161-b361-89d4e7d74008/Apps/advisor-crm/venv/lib/python3.13/site-packages/django/template/loader.py", line 61, in render_to_string
    template = get_template(template_name, using=using)
  File "/mnt/aaa22500-1d14-4161-b361-89d4e7d74008/Apps/advisor-crm/venv/lib/python3.13/site-packages/django/template/loader.py", line 19, in get_template
    raise TemplateDoesNotExist(template_name, chain=chain)
django.template.exceptions.TemplateDoesNotExist: index.html
Internal Server Error: /
Traceback (most recent call last):
  File "/mnt/aaa22500-1d14-4161-b361-89d4e7d74008/Apps/advisor-crm/venv/lib/python3.13/site-packages/django/core/handlers/exception.py", line 55, in inner
    response = get_response(request)
  File "/mnt/aaa22500-1d14-4161-b361-89d4e7d74008/Apps/advisor-crm/venv/lib/python3.13/site-packages/django/core/handlers/base.py", line 197, in _get_response
    response = wrapped_callback(request, *callback_args, **callback_kwargs)
  File "/mnt/aaa22500-1d14-4161-b361-89d4e7d74008/Apps/advisor-crm/advisor_crm/crm/views.py", line 110, in home_page
    return render(request, 'index.html')
  File "/mnt/aaa22500-1d14-4161-b361-89d4e7d74008/Apps/advisor-crm/venv/lib/python3.13/site-packages/django/shortcuts.py", line 25, in render
    content = loader.render_to_string(template_name, context, request, using=using)
  File "/mnt/aaa22500-1d14-4161-b361-89d4e7d74008/Apps/advisor-crm/venv/lib/python3.13/site-packages/django/template/loader.py", line 61, in render_to_string
    template = get_template(template_name, using=using)
  File "/mnt/aaa22500-1d14-4161-b361-89d4e7d74008/Apps/advisor-crm/venv/lib/python3.13/site-packages/django/template/loader.py", line 19, in get_template
    raise TemplateDoesNotExist(template_name, chain=chain)
django.template.exceptions.TemplateDoesNotExist: index.html
Internal Server Error: /
Traceback (most recent call last):
  File "/mnt/aaa22500-1d14-4161-b361-89d4e7d74008/Apps/advisor-crm/venv/lib/python3.13/site-packages/django/core/handlers/exception.py", line 55, in inner
    response = get_response(request)
  File "/mnt/aaa22500-1d14-4161-b361-89d4e7d74008/Apps/advisor-crm/venv/lib/python3.13/site-packages/django/core/handlers/base.py", line 197, in _get_response
    response = wrapped_callback(request, *callback_args, **callback_kwargs)
  File "/mnt/aaa22500-1d14-4161-b361-89d4e7d74008/Apps/advisor-crm/advisor_crm/crm/views.py", line 110, in home_page
    return render(request, 'index.html')
  File "/mnt/aaa22500-1d14-4161-b361-89d4e7d74008/Apps/advisor-crm/venv/lib/python3.13/site-packages/django/shortcuts.py", line 25, in render
    content = loader.render_to_string(template_name, context, request, using=using)
  File "/mnt/aaa22500-1d14-4161-b361-89d4e7d74008/Apps/advisor-crm/venv/lib/python3.13/site-packages/django/template/loader.py", line 61, in render_to_string
    template = get_template(template_name, using=using)
  File "/mnt/aaa22500-1d14-4161-b361-89d4e7d74008/Apps/advisor-crm/venv/lib/python3.13/site-packages/django/template/loader.py", line 19, in get_template
    raise TemplateDoesNotExist(template_name, chain=chain)
django.template.exceptions.TemplateDoesNotExist: index.html
Internal Server Error: /
Traceback (most recent call last):
  File "/mnt/aaa22500-1d14-4161-b361-89d4e7d74008/Apps/advisor-crm/venv/lib/python3.13/site-packages/django/core/handlers/exception.py", line 55, in inner
    response = get_response(request)
  File "/mnt/aaa22500-1d14-4161-b361-89d4e7d74008/Apps/advisor-crm/venv/lib/python3.13/site-packages/django/core/handlers/base.py", line 197, in _get_response
    response = wrapped_callback(request, *callback_args, **callback_kwargs)
  File "/mnt/aaa22500-1d14-4161-b361-89d4e7d74008/Apps/advisor-crm/advisor_crm/crm/views.py", line 110, in home_page
    return render(request, 'index.html')
  File "/mnt/aaa22500-1d14-4161-b361-89d4e7d74008/Apps/advisor-crm/venv/lib/python3.13/site-packages/django/shortcuts.py", line 25, in render
    content = loader.render_to_string(template_name, context, request, using=using)
  File "/mnt/aaa22500-1d14-4161-b361-89d4e7d74008/Apps/advisor-crm/venv/lib/python3.13/site-packages/django/template/loader.py", line 61, in render_to_string
    template = get_template(template_name, using=using)
  File "/mnt/aaa22500-1d14-4161-b361-89d4e7d74008/Apps/advisor-crm/venv/lib/python3.13/site-packages/django/template/loader.py", line 19, in get_template
    raise TemplateDoesNotExist(template_name, chain=chain)
django.template.exceptions.TemplateDoesNotExist: index.html
Internal Server Error: /
Traceback (most recent call last):
  File "/mnt/aaa22500-1d14-4161-b361-89d4e7d74008/Apps/advisor-crm/venv/lib/python3.13/site-packages/django/core/handlers/exception.py", line 55, in inner
    response = get_response(request)
  File "/mnt/aaa22500-1d14-4161-b361-89d4e7d74008/Apps/advisor-crm/venv/lib/python3.13/site-packages/django/core/handlers/base.py", line 197, in _get_response
    response = wrapped_callback(request, *callback_args, **callback_kwargs)
  File "/mnt/aaa22500-1d14-4161-b361-89d4e7d74008/Apps/advisor-crm/advisor_crm/crm/views.py", line 110, in home_page
    return render(request, 'index.html')
  File "/mnt/aaa22500-1d14-4161-b361-89d4e7d74008/Apps/advisor-crm/venv/lib/python3.13/site-packages/django/shortcuts.py", line 25, in render
    content = loader.render_to_string(template_name, context, request, using=using)
  File "/mnt/aaa22500-1d14-4161-b361-89d4e7d74008/Apps/advisor-crm/venv/lib/python3.13/site-packages/django/template/loader.py", line 61, in render_to_string
    template = get_template(template_name, using=using)
  File "/mnt/aaa22500-1d14-4161-b361-89d4e7d74008/Apps/advisor-crm/venv/lib/python3.13/site-packages/django/template/loader.py", line 19, in get_template
    raise TemplateDoesNotExist(template_name, chain=chain)
django.template.exceptions.TemplateDoesNotExist: index.html
Internal Server Error: /
Traceback (most recent call last):
  File "/mnt/aaa22500-1d14-4161-b361-89d4e7d74008/Apps/advisor-crm/venv/lib/python3.13/site-packages/django/core/handlers/exception.py", line 55, in inner
    response = get_response(request)
  File "/mnt/aaa22500-1d14-4161-b361-89d4e7d74008/Apps/advisor-crm/venv/lib/python3.13/site-packages/django/core/handlers/base.py", line 197, in _get_response
    response = wrapped_callback(request, *callback_args, **callback_kwargs)
  File "/mnt/aaa22500-1d14-4161-b361-89d4e7d74008/Apps/advisor-crm/advisor_crm/crm/views.py", line 110, in home_page
    return render(request, 'index.html')
  File "/mnt/aaa22500-1d14-4161-b361-89d4e7d74008/Apps/advisor-crm/venv/lib/python3.13/site-packages/django/shortcuts.py", line 25, in render
    content = loader.render_to_string(template_name, context, request, using=using)
  File "/mnt/aaa22500-1d14-4161-b361-89d4e7d74008/Apps/advisor-crm/venv/lib/python3.13/site-packages/django/template/loader.py", line 61, in render_to_string
    template = get_template(template_name, using=using)
  File "/mnt/aaa22500-1d14-4161-b361-89d4e7d74008/Apps/advisor-crm/venv/lib/python3.13/site-packages/django/template/loader.py", line 19, in get_template
    raise TemplateDoesNotExist(template_name, chain=chain)
django.template.exceptions.TemplateDoesNotExist: index.html
/mnt/aaa22500-1d14-4161-b361-89d4e7d74008/Apps/advisor-crm/advisor_crm/crm/views.py changed, reloading.
Watching for file changes with StatReloader
/mnt/aaa22500-1d14-4161-b361-89d4e7d74008/Apps/advisor-crm/advisor_crm/crm/views.py changed, reloading.
Watching for file changes with StatReloader
Method Not Allowed (GET): /logout/
Method Not Allowed (GET): /logout/
/mnt/aaa22500-1d14-4161-b361-89d4e7d74008/Apps/advisor-crm/advisor_crm/crm/views.py changed, reloading.
Watching for file changes with StatReloader
Watching for file changes with StatReloader
Not Found: /favicon.ico
Not Found: /favicon.ico
Not Found: /favicon.ico
/mnt/aaa22500-1d14-4161-b361-89d4e7d74008/Apps/advisor-crm/advisor_crm/crm/views.py changed, reloading.
Watching for file changes with StatReloader
/mnt/aaa22500-1d14-4161-b361-89d4e7d74008/Apps/advisor-crm/advisor_crm/crm/models.py changed, reloading.
Watching for file changes with StatReloader
Watching for file changes with StatReloader
/mnt/aaa22500-1d14-4161-b361-89d4e7d74008/Apps/advisor-crm/advisor_crm/crm/views.py changed, reloading.
Watching for file changes with StatReloader
/mnt/aaa22500-1d14-4161-b361-89d4e7d74008/Apps/advisor-crm/advisor_crm/crm/urls.py changed, reloading.
Watching for file changes with StatReloader
Internal Server Error: /applications/
Traceback (most recent call last):
  File "/mnt/aaa22500-1d14-4161-b361-89d4e7d74008/Apps/advisor-crm/venv/lib/python3.13/site-packages/django/db/backends/utils.py", line 105, in _execute
    return self.cursor.execute(sql, params)
           ~~~~~~~~~~~~~~~~~~~^^^^^^^^^^^^^
  File "/mnt/aaa22500-1d14-4161-b361-89d4e7d74008/Apps/advisor-crm/venv/lib/python3.13/site-packages/django/db/backends/mysql/base.py", line 76, in execute
    return self.cursor.execute(query, args)
           ~~~~~~~~~~~~~~~~~~~^^^^^^^^^^^^^
  File "/mnt/aaa22500-1d14-4161-b361-89d4e7d74008/Apps/advisor-crm/venv/lib/python3.13/site-packages/MySQLdb/cursors.py", line 179, in execute
    res = self._query(mogrified_query)
  File "/mnt/aaa22500-1d14-4161-b361-89d4e7d74008/Apps/advisor-crm/venv/lib/python3.13/site-packages/MySQLdb/cursors.py", line 330, in _query
    db.query(q)
    ~~~~~~~~^^^
  File "/mnt/aaa22500-1d14-4161-b361-89d4e7d74008/Apps/advisor-crm/venv/lib/python3.13/site-packages/MySQLdb/connections.py", line 280, in query
    _mysql.connection.query(self, query)
    ~~~~~~~~~~~~~~~~~~~~~~~^^^^^^^^^^^^^
MySQLdb.OperationalError: (1054, "Unknown column 'applications.insurance_type' in 'SELECT'")

The above exception was the direct cause of the following exception:

Traceback (most recent call last):
  File "/mnt/aaa22500-1d14-4161-b361-89d4e7d74008/Apps/advisor-crm/venv/lib/python3.13/site-packages/django/core/handlers/exception.py", line 55, in inner
    response = get_response(request)
  File "/mnt/aaa22500-1d14-4161-b361-89d4e7d74008/Apps/advisor-crm/venv/lib/python3.13/site-packages/django/core/handlers/base.py", line 220, in _get_response
    response = response.render()
  File "/mnt/aaa22500-1d14-4161-b361-89d4e7d74008/Apps/advisor-crm/venv/lib/python3.13/site-packages/django/template/response.py", line 114, in render
    self.content = self.rendered_content
                   ^^^^^^^^^^^^^^^^^^^^^
  File "/mnt/aaa22500-1d14-4161-b361-89d4e7d74008/Apps/advisor-crm/venv/lib/python3.13/site-packages/django/template/response.py", line 92, in rendered_content
    return template.render(context, self._request)
           ~~~~~~~~~~~~~~~^^^^^^^^^^^^^^^^^^^^^^^^
  File "/mnt/aaa22500-1d14-4161-b361-89d4e7d74008/Apps/advisor-crm/venv/lib/python3.13/site-packages/django/template/backends/django.py", line 107, in render
    return self.template.render(context)
           ~~~~~~~~~~~~~~~~~~~~^^^^^^^^^
  File "/mnt/aaa22500-1d14-4161-b361-89d4e7d74008/Apps/advisor-crm/venv/lib/python3.13/site-packages/django/template/base.py", line 171, in render
    return self._render(context)
           ~~~~~~~~~~~~^^^^^^^^^
  File "/mnt/aaa22500-1d14-4161-b361-89d4e7d74008/Apps/advisor-crm/venv/lib/python3.13/site-packages/django/template/base.py", line 163, in _render
    return self.nodelist.render(context)
           ~~~~~~~~~~~~~~~~~~~~^^^^^^^^^
  File "/mnt/aaa22500-1d14-4161-b361-89d4e7d74008/Apps/advisor-crm/venv/lib/python3.13/site-packages/django/template/base.py", line 1016, in render
    return SafeString("".join([node.render_annotated(context) for node in self]))
                               ~~~~~~~~~~~~~~~~~~~~~^^^^^^^^^
  File "/mnt/aaa22500-1d14-4161-b361-89d4e7d74008/Apps/advisor-crm/venv/lib/python3.13/site-packages/django/template/base.py", line 977, in render_annotated
    return self.render(context)
           ~~~~~~~~~~~^^^^^^^^^
  File "/mnt/aaa22500-1d14-4161-b361-89d4e7d74008/Apps/advisor-crm/venv/lib/python3.13/site-packages/django/template/loader_tags.py", line 159, in render
    return compiled_parent._render(context)
           ~~~~~~~~~~~~~~~~~~~~~~~^^^^^^^^^
  File "/mnt/aaa22500-1d14-4161-b361-89d4e7d74008/Apps/advisor-crm/venv/lib/python3.13/site-packages/django/template/base.py", line 163, in _render
    return self.nodelist.render(context)
           ~~~~~~~~~~~~~~~~~~~~^^^^^^^^^
  File "/mnt/aaa22500-1d14-4161-b361-89d4e7d74008/Apps/advisor-crm/venv/lib/python3.13/site-packages/django/template/base.py", line 1016, in render
    return SafeString("".join([node.render_annotated(context) for node in self]))
                               ~~~~~~~~~~~~~~~~~~~~~^^^^^^^^^
  File "/mnt/aaa22500-1d14-4161-b361-89d4e7d74008/Apps/advisor-crm/venv/lib/python3.13/site-packages/django/template/base.py", line 977, in render_annotated
    return self.render(context)
           ~~~~~~~~~~~^^^^^^^^^
  File "/mnt/aaa22500-1d14-4161-b361-89d4e7d74008/Apps/advisor-crm/venv/lib/python3.13/site-packages/django/template/loader_tags.py", line 65, in render
    result = block.nodelist.render(context)
  File "/mnt/aaa22500-1d14-4161-b361-89d4e7d74008/Apps/advisor-crm/venv/lib/python3.13/site-packages/django/template/base.py", line 1016, in render
    return SafeString("".join([node.render_annotated(context) for node in self]))
                               ~~~~~~~~~~~~~~~~~~~~~^^^^^^^^^
  File "/mnt/aaa22500-1d14-4161-b361-89d4e7d74008/Apps/advisor-crm/venv/lib/python3.13/site-packages/django/template/base.py", line 977, in render_annotated
    return self.render(context)
           ~~~~~~~~~~~^^^^^^^^^
  File "/mnt/aaa22500-1d14-4161-b361-89d4e7d74008/Apps/advisor-crm/venv/lib/python3.13/site-packages/django/template/defaulttags.py", line 326, in render
    if match:
       ^^^^^
  File "/mnt/aaa22500-1d14-4161-b361-89d4e7d74008/Apps/advisor-crm/venv/lib/python3.13/site-packages/django/db/models/query.py", line 398, in __bool__
    self._fetch_all()
    ~~~~~~~~~~~~~~~^^
  File "/mnt/aaa22500-1d14-4161-b361-89d4e7d74008/Apps/advisor-crm/venv/lib/python3.13/site-packages/django/db/models/query.py", line 1949, in _fetch_all
    self._result_cache = list(self._iterable_class(self))
                         ~~~~^^^^^^^^^^^^^^^^^^^^^^^^^^^^
  File "/mnt/aaa22500-1d14-4161-b361-89d4e7d74008/Apps/advisor-crm/venv/lib/python3.13/site-packages/django/db/models/query.py", line 91, in __iter__
    results = compiler.execute_sql(
        chunked_fetch=self.chunked_fetch, chunk_size=self.chunk_size
    )
  File "/mnt/aaa22500-1d14-4161-b361-89d4e7d74008/Apps/advisor-crm/venv/lib/python3.13/site-packages/django/db/models/sql/compiler.py", line 1623, in execute_sql
    cursor.execute(sql, params)
    ~~~~~~~~~~~~~~^^^^^^^^^^^^^
  File "/mnt/aaa22500-1d14-4161-b361-89d4e7d74008/Apps/advisor-crm/venv/lib/python3.13/site-packages/django/db/backends/utils.py", line 122, in execute
    return super().execute(sql, params)
           ~~~~~~~~~~~~~~~^^^^^^^^^^^^^
  File "/mnt/aaa22500-1d14-4161-b361-89d4e7d74008/Apps/advisor-crm/venv/lib/python3.13/site-packages/django/db/backends/utils.py", line 79, in execute
    return self._execute_with_wrappers(
           ~~~~~~~~~~~~~~~~~~~~~~~~~~~^
        sql, params, many=False, executor=self._execute
        ^^^^^^^^^^^^^^^^^^^^^^^^^^^^^^^^^^^^^^^^^^^^^^^
    )
    ^
  File "/mnt/aaa22500-1d14-4161-b361-89d4e7d74008/Apps/advisor-crm/venv/lib/python3.13/site-packages/django/db/backends/utils.py", line 92, in _execute_with_wrappers
    return executor(sql, params, many, context)
  File "/mnt/aaa22500-1d14-4161-b361-89d4e7d74008/Apps/advisor-crm/venv/lib/python3.13/site-packages/django/db/backends/utils.py", line 100, in _execute
    with self.db.wrap_database_errors:
         ^^^^^^^^^^^^^^^^^^^^^^^^^^^^
  File "/mnt/aaa22500-1d14-4161-b361-89d4e7d74008/Apps/advisor-crm/venv/lib/python3.13/site-packages/django/db/utils.py", line 91, in __exit__
    raise dj_exc_value.with_traceback(traceback) from exc_value
  File "/mnt/aaa22500-1d14-4161-b361-89d4e7d74008/Apps/advisor-crm/venv/lib/python3.13/site-packages/django/db/backends/utils.py", line 105, in _execute
    return self.cursor.execute(sql, params)
           ~~~~~~~~~~~~~~~~~~~^^^^^^^^^^^^^
  File "/mnt/aaa22500-1d14-4161-b361-89d4e7d74008/Apps/advisor-crm/venv/lib/python3.13/site-packages/django/db/backends/mysql/base.py", line 76, in execute
    return self.cursor.execute(query, args)
           ~~~~~~~~~~~~~~~~~~~^^^^^^^^^^^^^
  File "/mnt/aaa22500-1d14-4161-b361-89d4e7d74008/Apps/advisor-crm/venv/lib/python3.13/site-packages/MySQLdb/cursors.py", line 179, in execute
    res = self._query(mogrified_query)
  File "/mnt/aaa22500-1d14-4161-b361-89d4e7d74008/Apps/advisor-crm/venv/lib/python3.13/site-packages/MySQLdb/cursors.py", line 330, in _query
    db.query(q)
    ~~~~~~~~^^^
  File "/mnt/aaa22500-1d14-4161-b361-89d4e7d74008/Apps/advisor-crm/venv/lib/python3.13/site-packages/MySQLdb/connections.py", line 280, in query
    _mysql.connection.query(self, query)
    ~~~~~~~~~~~~~~~~~~~~~~~^^^^^^^^^^^^^
django.db.utils.OperationalError: (1054, "Unknown column 'applications.insurance_type' in 'SELECT'")
Watching for file changes with StatReloader
/mnt/aaa22500-1d14-4161-b361-89d4e7d74008/Apps/advisor-crm/advisor_crm/crm/views.py changed, reloading.
Watching for file changes with StatReloader
/mnt/aaa22500-1d14-4161-b361-89d4e7d74008/Apps/advisor-crm/advisor_crm/crm/views.py changed, reloading.
Watching for file changes with StatReloader
/mnt/aaa22500-1d14-4161-b361-89d4e7d74008/Apps/advisor-crm/advisor_crm/crm/views.py changed, reloading.
Watching for file changes with StatReloader
/mnt/aaa22500-1d14-4161-b361-89d4e7d74008/Apps/advisor-crm/advisor_crm/crm/urls.py changed, reloading.
Watching for file changes with StatReloader
Not Found: /.well-known/appspecific/com.chrome.devtools.json
Not Found: /.well-known/appspecific/com.chrome.devtools.json
Not Found: /.well-known/appspecific/com.chrome.devtools.json
Not Found: /.well-known/appspecific/com.chrome.devtools.json
/mnt/aaa22500-1d14-4161-b361-89d4e7d74008/Apps/advisor-crm/advisor_crm/crm/models.py changed, reloading.
Watching for file changes with StatReloader
/mnt/aaa22500-1d14-4161-b361-89d4e7d74008/Apps/advisor-crm/advisor_crm/crm/models.py changed, reloading.
Watching for file changes with StatReloader
/mnt/aaa22500-1d14-4161-b361-89d4e7d74008/Apps/advisor-crm/advisor_crm/crm/views.py changed, reloading.
Watching for file changes with StatReloader
/mnt/aaa22500-1d14-4161-b361-89d4e7d74008/Apps/advisor-crm/advisor_crm/crm/views.py changed, reloading.
Watching for file changes with StatReloader
/mnt/aaa22500-1d14-4161-b361-89d4e7d74008/Apps/advisor-crm/advisor_crm/crm/forms.py changed, reloading.
Watching for file changes with StatReloader
/mnt/aaa22500-1d14-4161-b361-89d4e7d74008/Apps/advisor-crm/advisor_crm/crm/views.py changed, reloading.
Watching for file changes with StatReloader
/mnt/aaa22500-1d14-4161-b361-89d4e7d74008/Apps/advisor-crm/advisor_crm/crm/views.py changed, reloading.
Watching for file changes with StatReloader
/mnt/aaa22500-1d14-4161-b361-89d4e7d74008/Apps/advisor-crm/advisor_crm/crm/views.py changed, reloading.
Watching for file changes with StatReloader
/mnt/aaa22500-1d14-4161-b361-89d4e7d74008/Apps/advisor-crm/advisor_crm/crm/views.py changed, reloading.
Watching for file changes with StatReloader
/mnt/aaa22500-1d14-4161-b361-89d4e7d74008/Apps/advisor-crm/advisor_crm/crm/views.py changed, reloading.
Watching for file changes with StatReloader
Internal Server Error: /api/mortgages/search/
Traceback (most recent call last):
  File "/mnt/aaa22500-1d14-4161-b361-89d4e7d74008/Apps/advisor-crm/venv/lib/python3.13/site-packages/django/core/handlers/exception.py", line 55, in inner
    response = get_response(request)
  File "/mnt/aaa22500-1d14-4161-b361-89d4e7d74008/Apps/advisor-crm/venv/lib/python3.13/site-packages/django/core/handlers/base.py", line 197, in _get_response
    response = wrapped_callback(request, *callback_args, **callback_kwargs)
  File "/mnt/aaa22500-1d14-4161-b361-89d4e7d74008/Apps/advisor-crm/venv/lib/python3.13/site-packages/django/contrib/auth/decorators.py", line 59, in _view_wrapper
    return view_func(request, *args, **kwargs)
  File "/mnt/aaa22500-1d14-4161-b361-89d4e7d74008/Apps/advisor-crm/advisor_crm/crm/views.py", line 699, in mortgage_search
    'id': mortgage.id,  # Use the actual id field, not mortgage_id
          ^^^^^^^^^^^
AttributeError: 'Mortgage' object has no attribute 'id'
/mnt/aaa22500-1d14-4161-b361-89d4e7d74008/Apps/advisor-crm/advisor_crm/crm/views.py changed, reloading.
Watching for file changes with StatReloader
Not Found: /favicon.ico
Internal Server Error: /api/mortgages/search/
Traceback (most recent call last):
  File "/mnt/aaa22500-1d14-4161-b361-89d4e7d74008/Apps/advisor-crm/venv/lib/python3.13/site-packages/django/core/handlers/exception.py", line 55, in inner
    response = get_response(request)
  File "/mnt/aaa22500-1d14-4161-b361-89d4e7d74008/Apps/advisor-crm/venv/lib/python3.13/site-packages/django/core/handlers/base.py", line 197, in _get_response
    response = wrapped_callback(request, *callback_args, **callback_kwargs)
  File "/mnt/aaa22500-1d14-4161-b361-89d4e7d74008/Apps/advisor-crm/venv/lib/python3.13/site-packages/django/contrib/auth/decorators.py", line 59, in _view_wrapper
    return view_func(request, *args, **kwargs)
  File "/mnt/aaa22500-1d14-4161-b361-89d4e7d74008/Apps/advisor-crm/advisor_crm/crm/views.py", line 700, in mortgage_search
    'id': mortgage.id,  # Use the actual id field, not mortgage_id
          ^^^^^^^^^^^
AttributeError: 'Mortgage' object has no attribute 'id'
Internal Server Error: /api/mortgages/search/
Traceback (most recent call last):
  File "/mnt/aaa22500-1d14-4161-b361-89d4e7d74008/Apps/advisor-crm/venv/lib/python3.13/site-packages/django/core/handlers/exception.py", line 55, in inner
    response = get_response(request)
  File "/mnt/aaa22500-1d14-4161-b361-89d4e7d74008/Apps/advisor-crm/venv/lib/python3.13/site-packages/django/core/handlers/base.py", line 197, in _get_response
    response = wrapped_callback(request, *callback_args, **callback_kwargs)
  File "/mnt/aaa22500-1d14-4161-b361-89d4e7d74008/Apps/advisor-crm/venv/lib/python3.13/site-packages/django/contrib/auth/decorators.py", line 59, in _view_wrapper
    return view_func(request, *args, **kwargs)
  File "/mnt/aaa22500-1d14-4161-b361-89d4e7d74008/Apps/advisor-crm/advisor_crm/crm/views.py", line 700, in mortgage_search
    'id': mortgage.id,  # Use the actual id field, not mortgage_id
          ^^^^^^^^^^^
AttributeError: 'Mortgage' object has no attribute 'id'
Internal Server Error: /api/mortgages/search/
Traceback (most recent call last):
  File "/mnt/aaa22500-1d14-4161-b361-89d4e7d74008/Apps/advisor-crm/venv/lib/python3.13/site-packages/django/core/handlers/exception.py", line 55, in inner
    response = get_response(request)
  File "/mnt/aaa22500-1d14-4161-b361-89d4e7d74008/Apps/advisor-crm/venv/lib/python3.13/site-packages/django/core/handlers/base.py", line 197, in _get_response
    response = wrapped_callback(request, *callback_args, **callback_kwargs)
  File "/mnt/aaa22500-1d14-4161-b361-89d4e7d74008/Apps/advisor-crm/venv/lib/python3.13/site-packages/django/contrib/auth/decorators.py", line 59, in _view_wrapper
    return view_func(request, *args, **kwargs)
  File "/mnt/aaa22500-1d14-4161-b361-89d4e7d74008/Apps/advisor-crm/advisor_crm/crm/views.py", line 700, in mortgage_search
    'id': mortgage.id,  # Use the actual id field, not mortgage_id
          ^^^^^^^^^^^
AttributeError: 'Mortgage' object has no attribute 'id'
Internal Server Error: /api/mortgages/search/
Traceback (most recent call last):
  File "/mnt/aaa22500-1d14-4161-b361-89d4e7d74008/Apps/advisor-crm/venv/lib/python3.13/site-packages/django/core/handlers/exception.py", line 55, in inner
    response = get_response(request)
  File "/mnt/aaa22500-1d14-4161-b361-89d4e7d74008/Apps/advisor-crm/venv/lib/python3.13/site-packages/django/core/handlers/base.py", line 197, in _get_response
    response = wrapped_callback(request, *callback_args, **callback_kwargs)
  File "/mnt/aaa22500-1d14-4161-b361-89d4e7d74008/Apps/advisor-crm/venv/lib/python3.13/site-packages/django/contrib/auth/decorators.py", line 59, in _view_wrapper
    return view_func(request, *args, **kwargs)
  File "/mnt/aaa22500-1d14-4161-b361-89d4e7d74008/Apps/advisor-crm/advisor_crm/crm/views.py", line 700, in mortgage_search
    'id': mortgage.id,  # Use the actual id field, not mortgage_id
          ^^^^^^^^^^^
AttributeError: 'Mortgage' object has no attribute 'id'
/mnt/aaa22500-1d14-4161-b361-89d4e7d74008/Apps/advisor-crm/advisor_crm/crm/views.py changed, reloading.
Watching for file changes with StatReloader
Internal Server Error: /api/mortgages/search/
Traceback (most recent call last):
  File "/mnt/aaa22500-1d14-4161-b361-89d4e7d74008/Apps/advisor-crm/venv/lib/python3.13/site-packages/django/core/handlers/exception.py", line 55, in inner
    response = get_response(request)
  File "/mnt/aaa22500-1d14-4161-b361-89d4e7d74008/Apps/advisor-crm/venv/lib/python3.13/site-packages/django/core/handlers/base.py", line 197, in _get_response
    response = wrapped_callback(request, *callback_args, **callback_kwargs)
  File "/mnt/aaa22500-1d14-4161-b361-89d4e7d74008/Apps/advisor-crm/venv/lib/python3.13/site-packages/django/contrib/auth/decorators.py", line 59, in _view_wrapper
    return view_func(request, *args, **kwargs)
  File "/mnt/aaa22500-1d14-4161-b361-89d4e7d74008/Apps/advisor-crm/advisor_crm/crm/views.py", line 700, in mortgage_search
    'id': mortgage.id,  # Use the actual id field, not mortgage_id
          ^^^^^^^^^^^
AttributeError: 'Mortgage' object has no attribute 'id'
/mnt/aaa22500-1d14-4161-b361-89d4e7d74008/Apps/advisor-crm/advisor_crm/crm/views.py changed, reloading.
Watching for file changes with StatReloader
/mnt/aaa22500-1d14-4161-b361-89d4e7d74008/Apps/advisor-crm/advisor_crm/crm/views.py changed, reloading.
Watching for file changes with StatReloader
/mnt/aaa22500-1d14-4161-b361-89d4e7d74008/Apps/advisor-crm/advisor_crm/crm/views.py changed, reloading.
Watching for file changes with StatReloader
/mnt/aaa22500-1d14-4161-b361-89d4e7d74008/Apps/advisor-crm/advisor_crm/crm/views.py changed, reloading.
Watching for file changes with StatReloader
/mnt/aaa22500-1d14-4161-b361-89d4e7d74008/Apps/advisor-crm/advisor_crm/crm/views.py changed, reloading.
Watching for file changes with StatReloader
/mnt/aaa22500-1d14-4161-b361-89d4e7d74008/Apps/advisor-crm/advisor_crm/crm/models.py changed, reloading.
Watching for file changes with StatReloader
Internal Server Error: /applications/add/
Traceback (most recent call last):
  File "/mnt/aaa22500-1d14-4161-b361-89d4e7d74008/Apps/advisor-crm/venv/lib/python3.13/site-packages/django/core/handlers/exception.py", line 55, in inner
    response = get_response(request)
  File "/mnt/aaa22500-1d14-4161-b361-89d4e7d74008/Apps/advisor-crm/venv/lib/python3.13/site-packages/django/core/handlers/base.py", line 197, in _get_response
    response = wrapped_callback(request, *callback_args, **callback_kwargs)
  File "/mnt/aaa22500-1d14-4161-b361-89d4e7d74008/Apps/advisor-crm/venv/lib/python3.13/site-packages/django/contrib/auth/decorators.py", line 59, in _view_wrapper
    return view_func(request, *args, **kwargs)
  File "/mnt/aaa22500-1d14-4161-b361-89d4e7d74008/Apps/advisor-crm/advisor_crm/crm/views.py", line 530, in application_create_view
    return render(request, 'crm/application_form.html', {
        'form': form,
    })
  File "/mnt/aaa22500-1d14-4161-b361-89d4e7d74008/Apps/advisor-crm/venv/lib/python3.13/site-packages/django/shortcuts.py", line 25, in render
    content = loader.render_to_string(template_name, context, request, using=using)
  File "/mnt/aaa22500-1d14-4161-b361-89d4e7d74008/Apps/advisor-crm/venv/lib/python3.13/site-packages/django/template/loader.py", line 61, in render_to_string
    template = get_template(template_name, using=using)
  File "/mnt/aaa22500-1d14-4161-b361-89d4e7d74008/Apps/advisor-crm/venv/lib/python3.13/site-packages/django/template/loader.py", line 15, in get_template
    return engine.get_template(template_name)
           ~~~~~~~~~~~~~~~~~~~^^^^^^^^^^^^^^^
  File "/mnt/aaa22500-1d14-4161-b361-89d4e7d74008/Apps/advisor-crm/venv/lib/python3.13/site-packages/django/template/backends/django.py", line 79, in get_template
    return Template(self.engine.get_template(template_name), self)
                    ~~~~~~~~~~~~~~~~~~~~~~~~^^^^^^^^^^^^^^^
  File "/mnt/aaa22500-1d14-4161-b361-89d4e7d74008/Apps/advisor-crm/venv/lib/python3.13/site-packages/django/template/engine.py", line 177, in get_template
    template, origin = self.find_template(template_name)
                       ~~~~~~~~~~~~~~~~~~^^^^^^^^^^^^^^^
  File "/mnt/aaa22500-1d14-4161-b361-89d4e7d74008/Apps/advisor-crm/venv/lib/python3.13/site-packages/django/template/engine.py", line 159, in find_template
    template = loader.get_template(name, skip=skip)
  File "/mnt/aaa22500-1d14-4161-b361-89d4e7d74008/Apps/advisor-crm/venv/lib/python3.13/site-packages/django/template/loaders/cached.py", line 57, in get_template
    template = super().get_template(template_name, skip)
  File "/mnt/aaa22500-1d14-4161-b361-89d4e7d74008/Apps/advisor-crm/venv/lib/python3.13/site-packages/django/template/loaders/base.py", line 28, in get_template
    return Template(
        contents,
    ...<2 lines>...
        self.engine,
    )
  File "/mnt/aaa22500-1d14-4161-b361-89d4e7d74008/Apps/advisor-crm/venv/lib/python3.13/site-packages/django/template/base.py", line 154, in __init__
    self.nodelist = self.compile_nodelist()
                    ~~~~~~~~~~~~~~~~~~~~~^^
  File "/mnt/aaa22500-1d14-4161-b361-89d4e7d74008/Apps/advisor-crm/venv/lib/python3.13/site-packages/django/template/base.py", line 196, in compile_nodelist
    nodelist = parser.parse()
  File "/mnt/aaa22500-1d14-4161-b361-89d4e7d74008/Apps/advisor-crm/venv/lib/python3.13/site-packages/django/template/base.py", line 518, in parse
    raise self.error(token, e)
  File "/mnt/aaa22500-1d14-4161-b361-89d4e7d74008/Apps/advisor-crm/venv/lib/python3.13/site-packages/django/template/base.py", line 516, in parse
    compiled_result = compile_func(self, token)
  File "/mnt/aaa22500-1d14-4161-b361-89d4e7d74008/Apps/advisor-crm/venv/lib/python3.13/site-packages/django/template/loader_tags.py", line 299, in do_extends
    nodelist = parser.parse()
  File "/mnt/aaa22500-1d14-4161-b361-89d4e7d74008/Apps/advisor-crm/venv/lib/python3.13/site-packages/django/template/base.py", line 518, in parse
    raise self.error(token, e)
  File "/mnt/aaa22500-1d14-4161-b361-89d4e7d74008/Apps/advisor-crm/venv/lib/python3.13/site-packages/django/template/base.py", line 516, in parse
    compiled_result = compile_func(self, token)
  File "/mnt/aaa22500-1d14-4161-b361-89d4e7d74008/Apps/advisor-crm/venv/lib/python3.13/site-packages/django/template/loader_tags.py", line 234, in do_block
    nodelist = parser.parse(("endblock",))
  File "/mnt/aaa22500-1d14-4161-b361-89d4e7d74008/Apps/advisor-crm/venv/lib/python3.13/site-packages/django/template/base.py", line 523, in parse
    self.unclosed_block_tag(parse_until)
    ~~~~~~~~~~~~~~~~~~~~~~~^^^^^^^^^^^^^
  File "/mnt/aaa22500-1d14-4161-b361-89d4e7d74008/Apps/advisor-crm/venv/lib/python3.13/site-packages/django/template/base.py", line 590, in unclosed_block_tag
    raise self.error(token, msg)
django.template.exceptions.TemplateSyntaxError: Unclosed tag on line 3: 'block'. Looking for one of: endblock.
/mnt/aaa22500-1d14-4161-b361-89d4e7d74008/Apps/advisor-crm/advisor_crm/crm/views.py changed, reloading.
Watching for file changes with StatReloader
/mnt/aaa22500-1d14-4161-b361-89d4e7d74008/Apps/advisor-crm/advisor_crm/crm/forms.py changed, reloading.
Watching for file changes with StatReloader
/mnt/aaa22500-1d14-4161-b361-89d4e7d74008/Apps/advisor-crm/advisor_crm/crm/views.py changed, reloading.
Watching for file changes with StatReloader
/mnt/aaa22500-1d14-4161-b361-89d4e7d74008/Apps/advisor-crm/advisor_crm/crm/views.py changed, reloading.
Watching for file changes with StatReloader
Internal Server Error: /applications/5/
Traceback (most recent call last):
  File "/mnt/aaa22500-1d14-4161-b361-89d4e7d74008/Apps/advisor-crm/venv/lib/python3.13/site-packages/django/core/handlers/exception.py", line 55, in inner
    response = get_response(request)
  File "/mnt/aaa22500-1d14-4161-b361-89d4e7d74008/Apps/advisor-crm/venv/lib/python3.13/site-packages/django/core/handlers/base.py", line 220, in _get_response
    response = response.render()
  File "/mnt/aaa22500-1d14-4161-b361-89d4e7d74008/Apps/advisor-crm/venv/lib/python3.13/site-packages/django/template/response.py", line 114, in render
    self.content = self.rendered_content
                   ^^^^^^^^^^^^^^^^^^^^^
  File "/mnt/aaa22500-1d14-4161-b361-89d4e7d74008/Apps/advisor-crm/venv/lib/python3.13/site-packages/django/template/response.py", line 90, in rendered_content
    template = self.resolve_template(self.template_name)
  File "/mnt/aaa22500-1d14-4161-b361-89d4e7d74008/Apps/advisor-crm/venv/lib/python3.13/site-packages/django/template/response.py", line 72, in resolve_template
    return select_template(template, using=self.using)
  File "/mnt/aaa22500-1d14-4161-b361-89d4e7d74008/Apps/advisor-crm/venv/lib/python3.13/site-packages/django/template/loader.py", line 42, in select_template
    return engine.get_template(template_name)
           ~~~~~~~~~~~~~~~~~~~^^^^^^^^^^^^^^^
  File "/mnt/aaa22500-1d14-4161-b361-89d4e7d74008/Apps/advisor-crm/venv/lib/python3.13/site-packages/django/template/backends/django.py", line 79, in get_template
    return Template(self.engine.get_template(template_name), self)
                    ~~~~~~~~~~~~~~~~~~~~~~~~^^^^^^^^^^^^^^^
  File "/mnt/aaa22500-1d14-4161-b361-89d4e7d74008/Apps/advisor-crm/venv/lib/python3.13/site-packages/django/template/engine.py", line 177, in get_template
    template, origin = self.find_template(template_name)
                       ~~~~~~~~~~~~~~~~~~^^^^^^^^^^^^^^^
  File "/mnt/aaa22500-1d14-4161-b361-89d4e7d74008/Apps/advisor-crm/venv/lib/python3.13/site-packages/django/template/engine.py", line 159, in find_template
    template = loader.get_template(name, skip=skip)
  File "/mnt/aaa22500-1d14-4161-b361-89d4e7d74008/Apps/advisor-crm/venv/lib/python3.13/site-packages/django/template/loaders/cached.py", line 57, in get_template
    template = super().get_template(template_name, skip)
  File "/mnt/aaa22500-1d14-4161-b361-89d4e7d74008/Apps/advisor-crm/venv/lib/python3.13/site-packages/django/template/loaders/base.py", line 28, in get_template
    return Template(
        contents,
    ...<2 lines>...
        self.engine,
    )
  File "/mnt/aaa22500-1d14-4161-b361-89d4e7d74008/Apps/advisor-crm/venv/lib/python3.13/site-packages/django/template/base.py", line 154, in __init__
    self.nodelist = self.compile_nodelist()
                    ~~~~~~~~~~~~~~~~~~~~~^^
  File "/mnt/aaa22500-1d14-4161-b361-89d4e7d74008/Apps/advisor-crm/venv/lib/python3.13/site-packages/django/template/base.py", line 196, in compile_nodelist
    nodelist = parser.parse()
  File "/mnt/aaa22500-1d14-4161-b361-89d4e7d74008/Apps/advisor-crm/venv/lib/python3.13/site-packages/django/template/base.py", line 518, in parse
    raise self.error(token, e)
  File "/mnt/aaa22500-1d14-4161-b361-89d4e7d74008/Apps/advisor-crm/venv/lib/python3.13/site-packages/django/template/base.py", line 516, in parse
    compiled_result = compile_func(self, token)
  File "/mnt/aaa22500-1d14-4161-b361-89d4e7d74008/Apps/advisor-crm/venv/lib/python3.13/site-packages/django/template/loader_tags.py", line 299, in do_extends
    nodelist = parser.parse()
  File "/mnt/aaa22500-1d14-4161-b361-89d4e7d74008/Apps/advisor-crm/venv/lib/python3.13/site-packages/django/template/base.py", line 518, in parse
    raise self.error(token, e)
  File "/mnt/aaa22500-1d14-4161-b361-89d4e7d74008/Apps/advisor-crm/venv/lib/python3.13/site-packages/django/template/base.py", line 516, in parse
    compiled_result = compile_func(self, token)
  File "/mnt/aaa22500-1d14-4161-b361-89d4e7d74008/Apps/advisor-crm/venv/lib/python3.13/site-packages/django/template/loader_tags.py", line 234, in do_block
    nodelist = parser.parse(("endblock",))
  File "/mnt/aaa22500-1d14-4161-b361-89d4e7d74008/Apps/advisor-crm/venv/lib/python3.13/site-packages/django/template/base.py", line 523, in parse
    self.unclosed_block_tag(parse_until)
    ~~~~~~~~~~~~~~~~~~~~~~~^^^^^^^^^^^^^
  File "/mnt/aaa22500-1d14-4161-b361-89d4e7d74008/Apps/advisor-crm/venv/lib/python3.13/site-packages/django/template/base.py", line 590, in unclosed_block_tag
    raise self.error(token, msg)
django.template.exceptions.TemplateSyntaxError: Unclosed tag on line 37: 'block'. Looking for one of: endblock.
/mnt/aaa22500-1d14-4161-b361-89d4e7d74008/Apps/advisor-crm/advisor_crm/crm/models.py changed, reloading.
Watching for file changes with StatReloader
/mnt/aaa22500-1d14-4161-b361-89d4e7d74008/Apps/advisor-crm/advisor_crm/crm/views.py changed, reloading.
Watching for file changes with StatReloader
/mnt/aaa22500-1d14-4161-b361-89d4e7d74008/Apps/advisor-crm/advisor_crm/crm/models.py changed, reloading.
Watching for file changes with StatReloader
/mnt/aaa22500-1d14-4161-b361-89d4e7d74008/Apps/advisor-crm/advisor_crm/crm/models.py changed, reloading.
Watching for file changes with StatReloader
/mnt/aaa22500-1d14-4161-b361-89d4e7d74008/Apps/advisor-crm/advisor_crm/crm/views.py changed, reloading.
Watching for file changes with StatReloader
/mnt/aaa22500-1d14-4161-b361-89d4e7d74008/Apps/advisor-crm/advisor_crm/crm/views.py changed, reloading.
Watching for file changes with StatReloader
/mnt/aaa22500-1d14-4161-b361-89d4e7d74008/Apps/advisor-crm/advisor_crm/crm/views.py changed, reloading.
Watching for file changes with StatReloader
/mnt/aaa22500-1d14-4161-b361-89d4e7d74008/Apps/advisor-crm/advisor_crm/crm/views.py changed, reloading.
Watching for file changes with StatReloader
/mnt/aaa22500-1d14-4161-b361-89d4e7d74008/Apps/advisor-crm/advisor_crm/crm/views.py changed, reloading.
Watching for file changes with StatReloader
/mnt/aaa22500-1d14-4161-b361-89d4e7d74008/Apps/advisor-crm/advisor_crm/crm/models.py changed, reloading.
Watching for file changes with StatReloader
/mnt/aaa22500-1d14-4161-b361-89d4e7d74008/Apps/advisor-crm/advisor_crm/crm/models.py changed, reloading.
Watching for file changes with StatReloader
Internal Server Error: /insurance/
Traceback (most recent call last):
  File "/mnt/aaa22500-1d14-4161-b361-89d4e7d74008/Apps/advisor-crm/venv/lib/python3.13/site-packages/django/core/handlers/exception.py", line 55, in inner
    response = get_response(request)
  File "/mnt/aaa22500-1d14-4161-b361-89d4e7d74008/Apps/advisor-crm/venv/lib/python3.13/site-packages/django/core/handlers/base.py", line 220, in _get_response
    response = response.render()
  File "/mnt/aaa22500-1d14-4161-b361-89d4e7d74008/Apps/advisor-crm/venv/lib/python3.13/site-packages/django/template/response.py", line 114, in render
    self.content = self.rendered_content
                   ^^^^^^^^^^^^^^^^^^^^^
  File "/mnt/aaa22500-1d14-4161-b361-89d4e7d74008/Apps/advisor-crm/venv/lib/python3.13/site-packages/django/template/response.py", line 92, in rendered_content
    return template.render(context, self._request)
           ~~~~~~~~~~~~~~~^^^^^^^^^^^^^^^^^^^^^^^^
  File "/mnt/aaa22500-1d14-4161-b361-89d4e7d74008/Apps/advisor-crm/venv/lib/python3.13/site-packages/django/template/backends/django.py", line 107, in render
    return self.template.render(context)
           ~~~~~~~~~~~~~~~~~~~~^^^^^^^^^
  File "/mnt/aaa22500-1d14-4161-b361-89d4e7d74008/Apps/advisor-crm/venv/lib/python3.13/site-packages/django/template/base.py", line 171, in render
    return self._render(context)
           ~~~~~~~~~~~~^^^^^^^^^
  File "/mnt/aaa22500-1d14-4161-b361-89d4e7d74008/Apps/advisor-crm/venv/lib/python3.13/site-packages/django/template/base.py", line 163, in _render
    return self.nodelist.render(context)
           ~~~~~~~~~~~~~~~~~~~~^^^^^^^^^
  File "/mnt/aaa22500-1d14-4161-b361-89d4e7d74008/Apps/advisor-crm/venv/lib/python3.13/site-packages/django/template/base.py", line 1016, in render
    return SafeString("".join([node.render_annotated(context) for node in self]))
                               ~~~~~~~~~~~~~~~~~~~~~^^^^^^^^^
  File "/mnt/aaa22500-1d14-4161-b361-89d4e7d74008/Apps/advisor-crm/venv/lib/python3.13/site-packages/django/template/base.py", line 977, in render_annotated
    return self.render(context)
           ~~~~~~~~~~~^^^^^^^^^
  File "/mnt/aaa22500-1d14-4161-b361-89d4e7d74008/Apps/advisor-crm/venv/lib/python3.13/site-packages/django/template/loader_tags.py", line 159, in render
    return compiled_parent._render(context)
           ~~~~~~~~~~~~~~~~~~~~~~~^^^^^^^^^
  File "/mnt/aaa22500-1d14-4161-b361-89d4e7d74008/Apps/advisor-crm/venv/lib/python3.13/site-packages/django/template/base.py", line 163, in _render
    return self.nodelist.render(context)
           ~~~~~~~~~~~~~~~~~~~~^^^^^^^^^
  File "/mnt/aaa22500-1d14-4161-b361-89d4e7d74008/Apps/advisor-crm/venv/lib/python3.13/site-packages/django/template/base.py", line 1016, in render
    return SafeString("".join([node.render_annotated(context) for node in self]))
                               ~~~~~~~~~~~~~~~~~~~~~^^^^^^^^^
  File "/mnt/aaa22500-1d14-4161-b361-89d4e7d74008/Apps/advisor-crm/venv/lib/python3.13/site-packages/django/template/base.py", line 977, in render_annotated
    return self.render(context)
           ~~~~~~~~~~~^^^^^^^^^
  File "/mnt/aaa22500-1d14-4161-b361-89d4e7d74008/Apps/advisor-crm/venv/lib/python3.13/site-packages/django/template/loader_tags.py", line 65, in render
    result = block.nodelist.render(context)
  File "/mnt/aaa22500-1d14-4161-b361-89d4e7d74008/Apps/advisor-crm/venv/lib/python3.13/site-packages/django/template/base.py", line 1016, in render
    return SafeString("".join([node.render_annotated(context) for node in self]))
                               ~~~~~~~~~~~~~~~~~~~~~^^^^^^^^^
  File "/mnt/aaa22500-1d14-4161-b361-89d4e7d74008/Apps/advisor-crm/venv/lib/python3.13/site-packages/django/template/base.py", line 977, in render_annotated
    return self.render(context)
           ~~~~~~~~~~~^^^^^^^^^
  File "/mnt/aaa22500-1d14-4161-b361-89d4e7d74008/Apps/advisor-crm/venv/lib/python3.13/site-packages/django/template/defaulttags.py", line 327, in render
    return nodelist.render(context)
           ~~~~~~~~~~~~~~~^^^^^^^^^
  File "/mnt/aaa22500-1d14-4161-b361-89d4e7d74008/Apps/advisor-crm/venv/lib/python3.13/site-packages/django/template/base.py", line 1016, in render
    return SafeString("".join([node.render_annotated(context) for node in self]))
                               ~~~~~~~~~~~~~~~~~~~~~^^^^^^^^^
  File "/mnt/aaa22500-1d14-4161-b361-89d4e7d74008/Apps/advisor-crm/venv/lib/python3.13/site-packages/django/template/base.py", line 977, in render_annotated
    return self.render(context)
           ~~~~~~~~~~~^^^^^^^^^
  File "/mnt/aaa22500-1d14-4161-b361-89d4e7d74008/Apps/advisor-crm/venv/lib/python3.13/site-packages/django/template/defaulttags.py", line 243, in render
    nodelist.append(node.render_annotated(context))
                    ~~~~~~~~~~~~~~~~~~~~~^^^^^^^^^
  File "/mnt/aaa22500-1d14-4161-b361-89d4e7d74008/Apps/advisor-crm/venv/lib/python3.13/site-packages/django/template/base.py", line 977, in render_annotated
    return self.render(context)
           ~~~~~~~~~~~^^^^^^^^^
  File "/mnt/aaa22500-1d14-4161-b361-89d4e7d74008/Apps/advisor-crm/venv/lib/python3.13/site-packages/django/template/defaulttags.py", line 480, in render
    url = reverse(view_name, args=args, kwargs=kwargs, current_app=current_app)
  File "/mnt/aaa22500-1d14-4161-b361-89d4e7d74008/Apps/advisor-crm/venv/lib/python3.13/site-packages/django/urls/base.py", line 98, in reverse
    resolved_url = resolver._reverse_with_prefix(view, prefix, *args, **kwargs)
  File "/mnt/aaa22500-1d14-4161-b361-89d4e7d74008/Apps/advisor-crm/venv/lib/python3.13/site-packages/django/urls/resolvers.py", line 831, in _reverse_with_prefix
    raise NoReverseMatch(msg)
django.urls.exceptions.NoReverseMatch: Reverse for 'insurance_detail' with arguments '('INS_1_20250825085739_2',)' not found. 1 pattern(s) tried: ['insurance/(?P<pk>[0-9]+)/\\Z']
/mnt/aaa22500-1d14-4161-b361-89d4e7d74008/Apps/advisor-crm/advisor_crm/crm/urls.py changed, reloading.
Watching for file changes with StatReloader
/mnt/aaa22500-1d14-4161-b361-89d4e7d74008/Apps/advisor-crm/advisor_crm/crm/urls.py changed, reloading.
Watching for file changes with StatReloader
Internal Server Error: /insurance/
Traceback (most recent call last):
  File "/mnt/aaa22500-1d14-4161-b361-89d4e7d74008/Apps/advisor-crm/venv/lib/python3.13/site-packages/django/core/handlers/exception.py", line 55, in inner
    response = get_response(request)
  File "/mnt/aaa22500-1d14-4161-b361-89d4e7d74008/Apps/advisor-crm/venv/lib/python3.13/site-packages/django/core/handlers/base.py", line 220, in _get_response
    response = response.render()
  File "/mnt/aaa22500-1d14-4161-b361-89d4e7d74008/Apps/advisor-crm/venv/lib/python3.13/site-packages/django/template/response.py", line 114, in render
    self.content = self.rendered_content
                   ^^^^^^^^^^^^^^^^^^^^^
  File "/mnt/aaa22500-1d14-4161-b361-89d4e7d74008/Apps/advisor-crm/venv/lib/python3.13/site-packages/django/template/response.py", line 92, in rendered_content
    return template.render(context, self._request)
           ~~~~~~~~~~~~~~~^^^^^^^^^^^^^^^^^^^^^^^^
  File "/mnt/aaa22500-1d14-4161-b361-89d4e7d74008/Apps/advisor-crm/venv/lib/python3.13/site-packages/django/template/backends/django.py", line 107, in render
    return self.template.render(context)
           ~~~~~~~~~~~~~~~~~~~~^^^^^^^^^
  File "/mnt/aaa22500-1d14-4161-b361-89d4e7d74008/Apps/advisor-crm/venv/lib/python3.13/site-packages/django/template/base.py", line 171, in render
    return self._render(context)
           ~~~~~~~~~~~~^^^^^^^^^
  File "/mnt/aaa22500-1d14-4161-b361-89d4e7d74008/Apps/advisor-crm/venv/lib/python3.13/site-packages/django/template/base.py", line 163, in _render
    return self.nodelist.render(context)
           ~~~~~~~~~~~~~~~~~~~~^^^^^^^^^
  File "/mnt/aaa22500-1d14-4161-b361-89d4e7d74008/Apps/advisor-crm/venv/lib/python3.13/site-packages/django/template/base.py", line 1016, in render
    return SafeString("".join([node.render_annotated(context) for node in self]))
                               ~~~~~~~~~~~~~~~~~~~~~^^^^^^^^^
  File "/mnt/aaa22500-1d14-4161-b361-89d4e7d74008/Apps/advisor-crm/venv/lib/python3.13/site-packages/django/template/base.py", line 977, in render_annotated
    return self.render(context)
           ~~~~~~~~~~~^^^^^^^^^
  File "/mnt/aaa22500-1d14-4161-b361-89d4e7d74008/Apps/advisor-crm/venv/lib/python3.13/site-packages/django/template/loader_tags.py", line 159, in render
    return compiled_parent._render(context)
           ~~~~~~~~~~~~~~~~~~~~~~~^^^^^^^^^
  File "/mnt/aaa22500-1d14-4161-b361-89d4e7d74008/Apps/advisor-crm/venv/lib/python3.13/site-packages/django/template/base.py", line 163, in _render
    return self.nodelist.render(context)
           ~~~~~~~~~~~~~~~~~~~~^^^^^^^^^
  File "/mnt/aaa22500-1d14-4161-b361-89d4e7d74008/Apps/advisor-crm/venv/lib/python3.13/site-packages/django/template/base.py", line 1016, in render
    return SafeString("".join([node.render_annotated(context) for node in self]))
                               ~~~~~~~~~~~~~~~~~~~~~^^^^^^^^^
  File "/mnt/aaa22500-1d14-4161-b361-89d4e7d74008/Apps/advisor-crm/venv/lib/python3.13/site-packages/django/template/base.py", line 977, in render_annotated
    return self.render(context)
           ~~~~~~~~~~~^^^^^^^^^
  File "/mnt/aaa22500-1d14-4161-b361-89d4e7d74008/Apps/advisor-crm/venv/lib/python3.13/site-packages/django/template/loader_tags.py", line 65, in render
    result = block.nodelist.render(context)
  File "/mnt/aaa22500-1d14-4161-b361-89d4e7d74008/Apps/advisor-crm/venv/lib/python3.13/site-packages/django/template/base.py", line 1016, in render
    return SafeString("".join([node.render_annotated(context) for node in self]))
                               ~~~~~~~~~~~~~~~~~~~~~^^^^^^^^^
  File "/mnt/aaa22500-1d14-4161-b361-89d4e7d74008/Apps/advisor-crm/venv/lib/python3.13/site-packages/django/template/base.py", line 977, in render_annotated
    return self.render(context)
           ~~~~~~~~~~~^^^^^^^^^
  File "/mnt/aaa22500-1d14-4161-b361-89d4e7d74008/Apps/advisor-crm/venv/lib/python3.13/site-packages/django/template/defaulttags.py", line 327, in render
    return nodelist.render(context)
           ~~~~~~~~~~~~~~~^^^^^^^^^
  File "/mnt/aaa22500-1d14-4161-b361-89d4e7d74008/Apps/advisor-crm/venv/lib/python3.13/site-packages/django/template/base.py", line 1016, in render
    return SafeString("".join([node.render_annotated(context) for node in self]))
                               ~~~~~~~~~~~~~~~~~~~~~^^^^^^^^^
  File "/mnt/aaa22500-1d14-4161-b361-89d4e7d74008/Apps/advisor-crm/venv/lib/python3.13/site-packages/django/template/base.py", line 977, in render_annotated
    return self.render(context)
           ~~~~~~~~~~~^^^^^^^^^
  File "/mnt/aaa22500-1d14-4161-b361-89d4e7d74008/Apps/advisor-crm/venv/lib/python3.13/site-packages/django/template/defaulttags.py", line 243, in render
    nodelist.append(node.render_annotated(context))
                    ~~~~~~~~~~~~~~~~~~~~~^^^^^^^^^
  File "/mnt/aaa22500-1d14-4161-b361-89d4e7d74008/Apps/advisor-crm/venv/lib/python3.13/site-packages/django/template/base.py", line 977, in render_annotated
    return self.render(context)
           ~~~~~~~~~~~^^^^^^^^^
  File "/mnt/aaa22500-1d14-4161-b361-89d4e7d74008/Apps/advisor-crm/venv/lib/python3.13/site-packages/django/template/defaulttags.py", line 480, in render
    url = reverse(view_name, args=args, kwargs=kwargs, current_app=current_app)
  File "/mnt/aaa22500-1d14-4161-b361-89d4e7d74008/Apps/advisor-crm/venv/lib/python3.13/site-packages/django/urls/base.py", line 98, in reverse
    resolved_url = resolver._reverse_with_prefix(view, prefix, *args, **kwargs)
  File "/mnt/aaa22500-1d14-4161-b361-89d4e7d74008/Apps/advisor-crm/venv/lib/python3.13/site-packages/django/urls/resolvers.py", line 831, in _reverse_with_prefix
    raise NoReverseMatch(msg)
django.urls.exceptions.NoReverseMatch: Reverse for 'insurance_update' with arguments '('INS_1_20250825085739_2',)' not found. 1 pattern(s) tried: ['insurance/(?P<pk>[0-9]+)/update/\\Z']
/mnt/aaa22500-1d14-4161-b361-89d4e7d74008/Apps/advisor-crm/advisor_crm/crm/urls.py changed, reloading.
Watching for file changes with StatReloader
Internal Server Error: /reports/
Traceback (most recent call last):
  File "/mnt/aaa22500-1d14-4161-b361-89d4e7d74008/Apps/advisor-crm/venv/lib/python3.13/site-packages/django/core/handlers/exception.py", line 55, in inner
    response = get_response(request)
  File "/mnt/aaa22500-1d14-4161-b361-89d4e7d74008/Apps/advisor-crm/venv/lib/python3.13/site-packages/django/core/handlers/base.py", line 197, in _get_response
    response = wrapped_callback(request, *callback_args, **callback_kwargs)
  File "/mnt/aaa22500-1d14-4161-b361-89d4e7d74008/Apps/advisor-crm/venv/lib/python3.13/site-packages/django/contrib/auth/decorators.py", line 59, in _view_wrapper
    return view_func(request, *args, **kwargs)
  File "/mnt/aaa22500-1d14-4161-b361-89d4e7d74008/Apps/advisor-crm/advisor_crm/crm/views.py", line 716, in reports_view
    return render(request, 'crm/reports.html', context)
  File "/mnt/aaa22500-1d14-4161-b361-89d4e7d74008/Apps/advisor-crm/venv/lib/python3.13/site-packages/django/shortcuts.py", line 25, in render
    content = loader.render_to_string(template_name, context, request, using=using)
  File "/mnt/aaa22500-1d14-4161-b361-89d4e7d74008/Apps/advisor-crm/venv/lib/python3.13/site-packages/django/template/loader.py", line 61, in render_to_string
    template = get_template(template_name, using=using)
  File "/mnt/aaa22500-1d14-4161-b361-89d4e7d74008/Apps/advisor-crm/venv/lib/python3.13/site-packages/django/template/loader.py", line 15, in get_template
    return engine.get_template(template_name)
           ~~~~~~~~~~~~~~~~~~~^^^^^^^^^^^^^^^
  File "/mnt/aaa22500-1d14-4161-b361-89d4e7d74008/Apps/advisor-crm/venv/lib/python3.13/site-packages/django/template/backends/django.py", line 79, in get_template
    return Template(self.engine.get_template(template_name), self)
                    ~~~~~~~~~~~~~~~~~~~~~~~~^^^^^^^^^^^^^^^
  File "/mnt/aaa22500-1d14-4161-b361-89d4e7d74008/Apps/advisor-crm/venv/lib/python3.13/site-packages/django/template/engine.py", line 177, in get_template
    template, origin = self.find_template(template_name)
                       ~~~~~~~~~~~~~~~~~~^^^^^^^^^^^^^^^
  File "/mnt/aaa22500-1d14-4161-b361-89d4e7d74008/Apps/advisor-crm/venv/lib/python3.13/site-packages/django/template/engine.py", line 159, in find_template
    template = loader.get_template(name, skip=skip)
  File "/mnt/aaa22500-1d14-4161-b361-89d4e7d74008/Apps/advisor-crm/venv/lib/python3.13/site-packages/django/template/loaders/cached.py", line 57, in get_template
    template = super().get_template(template_name, skip)
  File "/mnt/aaa22500-1d14-4161-b361-89d4e7d74008/Apps/advisor-crm/venv/lib/python3.13/site-packages/django/template/loaders/base.py", line 28, in get_template
    return Template(
        contents,
    ...<2 lines>...
        self.engine,
    )
  File "/mnt/aaa22500-1d14-4161-b361-89d4e7d74008/Apps/advisor-crm/venv/lib/python3.13/site-packages/django/template/base.py", line 154, in __init__
    self.nodelist = self.compile_nodelist()
                    ~~~~~~~~~~~~~~~~~~~~~^^
  File "/mnt/aaa22500-1d14-4161-b361-89d4e7d74008/Apps/advisor-crm/venv/lib/python3.13/site-packages/django/template/base.py", line 196, in compile_nodelist
    nodelist = parser.parse()
  File "/mnt/aaa22500-1d14-4161-b361-89d4e7d74008/Apps/advisor-crm/venv/lib/python3.13/site-packages/django/template/base.py", line 518, in parse
    raise self.error(token, e)
  File "/mnt/aaa22500-1d14-4161-b361-89d4e7d74008/Apps/advisor-crm/venv/lib/python3.13/site-packages/django/template/base.py", line 516, in parse
    compiled_result = compile_func(self, token)
  File "/mnt/aaa22500-1d14-4161-b361-89d4e7d74008/Apps/advisor-crm/venv/lib/python3.13/site-packages/django/template/loader_tags.py", line 299, in do_extends
    nodelist = parser.parse()
  File "/mnt/aaa22500-1d14-4161-b361-89d4e7d74008/Apps/advisor-crm/venv/lib/python3.13/site-packages/django/template/base.py", line 518, in parse
    raise self.error(token, e)
  File "/mnt/aaa22500-1d14-4161-b361-89d4e7d74008/Apps/advisor-crm/venv/lib/python3.13/site-packages/django/template/base.py", line 516, in parse
    compiled_result = compile_func(self, token)
  File "/mnt/aaa22500-1d14-4161-b361-89d4e7d74008/Apps/advisor-crm/venv/lib/python3.13/site-packages/django/template/loader_tags.py", line 234, in do_block
    nodelist = parser.parse(("endblock",))
  File "/mnt/aaa22500-1d14-4161-b361-89d4e7d74008/Apps/advisor-crm/venv/lib/python3.13/site-packages/django/template/base.py", line 518, in parse
    raise self.error(token, e)
  File "/mnt/aaa22500-1d14-4161-b361-89d4e7d74008/Apps/advisor-crm/venv/lib/python3.13/site-packages/django/template/base.py", line 516, in parse
    compiled_result = compile_func(self, token)
  File "/mnt/aaa22500-1d14-4161-b361-89d4e7d74008/Apps/advisor-crm/venv/lib/python3.13/site-packages/django/template/defaulttags.py", line 862, in do_for
    nodelist_loop = parser.parse(
        (
    ...<2 lines>...
        )
    )
  File "/mnt/aaa22500-1d14-4161-b361-89d4e7d74008/Apps/advisor-crm/venv/lib/python3.13/site-packages/django/template/base.py", line 489, in parse
    raise self.error(token, e)
  File "/mnt/aaa22500-1d14-4161-b361-89d4e7d74008/Apps/advisor-crm/venv/lib/python3.13/site-packages/django/template/base.py", line 487, in parse
    filter_expression = self.compile_filter(token.contents)
  File "/mnt/aaa22500-1d14-4161-b361-89d4e7d74008/Apps/advisor-crm/venv/lib/python3.13/site-packages/django/template/base.py", line 609, in compile_filter
    return FilterExpression(token, self)
  File "/mnt/aaa22500-1d14-4161-b361-89d4e7d74008/Apps/advisor-crm/venv/lib/python3.13/site-packages/django/template/base.py", line 705, in __init__
    filter_func = parser.find_filter(filter_name)
  File "/mnt/aaa22500-1d14-4161-b361-89d4e7d74008/Apps/advisor-crm/venv/lib/python3.13/site-packages/django/template/base.py", line 615, in find_filter
    raise TemplateSyntaxError("Invalid filter: '%s'" % filter_name)
django.template.exceptions.TemplateSyntaxError: Invalid filter: 'multiply'
Watching for file changes with StatReloader
Internal Server Error: /reports/
Traceback (most recent call last):
  File "/mnt/aaa22500-1d14-4161-b361-89d4e7d74008/Apps/advisor-crm/venv/lib/python3.13/site-packages/django/core/handlers/exception.py", line 55, in inner
    response = get_response(request)
  File "/mnt/aaa22500-1d14-4161-b361-89d4e7d74008/Apps/advisor-crm/venv/lib/python3.13/site-packages/django/core/handlers/base.py", line 197, in _get_response
    response = wrapped_callback(request, *callback_args, **callback_kwargs)
  File "/mnt/aaa22500-1d14-4161-b361-89d4e7d74008/Apps/advisor-crm/venv/lib/python3.13/site-packages/django/contrib/auth/decorators.py", line 59, in _view_wrapper
    return view_func(request, *args, **kwargs)
  File "/mnt/aaa22500-1d14-4161-b361-89d4e7d74008/Apps/advisor-crm/advisor_crm/crm/views.py", line 716, in reports_view
    return render(request, 'crm/reports.html', context)
  File "/mnt/aaa22500-1d14-4161-b361-89d4e7d74008/Apps/advisor-crm/venv/lib/python3.13/site-packages/django/shortcuts.py", line 25, in render
    content = loader.render_to_string(template_name, context, request, using=using)
  File "/mnt/aaa22500-1d14-4161-b361-89d4e7d74008/Apps/advisor-crm/venv/lib/python3.13/site-packages/django/template/loader.py", line 61, in render_to_string
    template = get_template(template_name, using=using)
  File "/mnt/aaa22500-1d14-4161-b361-89d4e7d74008/Apps/advisor-crm/venv/lib/python3.13/site-packages/django/template/loader.py", line 15, in get_template
    return engine.get_template(template_name)
           ~~~~~~~~~~~~~~~~~~~^^^^^^^^^^^^^^^
  File "/mnt/aaa22500-1d14-4161-b361-89d4e7d74008/Apps/advisor-crm/venv/lib/python3.13/site-packages/django/template/backends/django.py", line 79, in get_template
    return Template(self.engine.get_template(template_name), self)
                    ~~~~~~~~~~~~~~~~~~~~~~~~^^^^^^^^^^^^^^^
  File "/mnt/aaa22500-1d14-4161-b361-89d4e7d74008/Apps/advisor-crm/venv/lib/python3.13/site-packages/django/template/engine.py", line 177, in get_template
    template, origin = self.find_template(template_name)
                       ~~~~~~~~~~~~~~~~~~^^^^^^^^^^^^^^^
  File "/mnt/aaa22500-1d14-4161-b361-89d4e7d74008/Apps/advisor-crm/venv/lib/python3.13/site-packages/django/template/engine.py", line 159, in find_template
    template = loader.get_template(name, skip=skip)
  File "/mnt/aaa22500-1d14-4161-b361-89d4e7d74008/Apps/advisor-crm/venv/lib/python3.13/site-packages/django/template/loaders/cached.py", line 57, in get_template
    template = super().get_template(template_name, skip)
  File "/mnt/aaa22500-1d14-4161-b361-89d4e7d74008/Apps/advisor-crm/venv/lib/python3.13/site-packages/django/template/loaders/base.py", line 28, in get_template
    return Template(
        contents,
    ...<2 lines>...
        self.engine,
    )
  File "/mnt/aaa22500-1d14-4161-b361-89d4e7d74008/Apps/advisor-crm/venv/lib/python3.13/site-packages/django/template/base.py", line 154, in __init__
    self.nodelist = self.compile_nodelist()
                    ~~~~~~~~~~~~~~~~~~~~~^^
  File "/mnt/aaa22500-1d14-4161-b361-89d4e7d74008/Apps/advisor-crm/venv/lib/python3.13/site-packages/django/template/base.py", line 196, in compile_nodelist
    nodelist = parser.parse()
  File "/mnt/aaa22500-1d14-4161-b361-89d4e7d74008/Apps/advisor-crm/venv/lib/python3.13/site-packages/django/template/base.py", line 518, in parse
    raise self.error(token, e)
  File "/mnt/aaa22500-1d14-4161-b361-89d4e7d74008/Apps/advisor-crm/venv/lib/python3.13/site-packages/django/template/base.py", line 516, in parse
    compiled_result = compile_func(self, token)
  File "/mnt/aaa22500-1d14-4161-b361-89d4e7d74008/Apps/advisor-crm/venv/lib/python3.13/site-packages/django/template/loader_tags.py", line 299, in do_extends
    nodelist = parser.parse()
  File "/mnt/aaa22500-1d14-4161-b361-89d4e7d74008/Apps/advisor-crm/venv/lib/python3.13/site-packages/django/template/base.py", line 518, in parse
    raise self.error(token, e)
  File "/mnt/aaa22500-1d14-4161-b361-89d4e7d74008/Apps/advisor-crm/venv/lib/python3.13/site-packages/django/template/base.py", line 516, in parse
    compiled_result = compile_func(self, token)
  File "/mnt/aaa22500-1d14-4161-b361-89d4e7d74008/Apps/advisor-crm/venv/lib/python3.13/site-packages/django/template/loader_tags.py", line 234, in do_block
    nodelist = parser.parse(("endblock",))
  File "/mnt/aaa22500-1d14-4161-b361-89d4e7d74008/Apps/advisor-crm/venv/lib/python3.13/site-packages/django/template/base.py", line 518, in parse
    raise self.error(token, e)
  File "/mnt/aaa22500-1d14-4161-b361-89d4e7d74008/Apps/advisor-crm/venv/lib/python3.13/site-packages/django/template/base.py", line 516, in parse
    compiled_result = compile_func(self, token)
  File "/mnt/aaa22500-1d14-4161-b361-89d4e7d74008/Apps/advisor-crm/venv/lib/python3.13/site-packages/django/template/defaulttags.py", line 862, in do_for
    nodelist_loop = parser.parse(
        (
    ...<2 lines>...
        )
    )
  File "/mnt/aaa22500-1d14-4161-b361-89d4e7d74008/Apps/advisor-crm/venv/lib/python3.13/site-packages/django/template/base.py", line 489, in parse
    raise self.error(token, e)
  File "/mnt/aaa22500-1d14-4161-b361-89d4e7d74008/Apps/advisor-crm/venv/lib/python3.13/site-packages/django/template/base.py", line 487, in parse
    filter_expression = self.compile_filter(token.contents)
  File "/mnt/aaa22500-1d14-4161-b361-89d4e7d74008/Apps/advisor-crm/venv/lib/python3.13/site-packages/django/template/base.py", line 609, in compile_filter
    return FilterExpression(token, self)
  File "/mnt/aaa22500-1d14-4161-b361-89d4e7d74008/Apps/advisor-crm/venv/lib/python3.13/site-packages/django/template/base.py", line 705, in __init__
    filter_func = parser.find_filter(filter_name)
  File "/mnt/aaa22500-1d14-4161-b361-89d4e7d74008/Apps/advisor-crm/venv/lib/python3.13/site-packages/django/template/base.py", line 615, in find_filter
    raise TemplateSyntaxError("Invalid filter: '%s'" % filter_name)
django.template.exceptions.TemplateSyntaxError: Invalid filter: 'multiply'
Internal Server Error: /reports/
Traceback (most recent call last):
  File "/mnt/aaa22500-1d14-4161-b361-89d4e7d74008/Apps/advisor-crm/venv/lib/python3.13/site-packages/django/core/handlers/exception.py", line 55, in inner
    response = get_response(request)
  File "/mnt/aaa22500-1d14-4161-b361-89d4e7d74008/Apps/advisor-crm/venv/lib/python3.13/site-packages/django/core/handlers/base.py", line 197, in _get_response
    response = wrapped_callback(request, *callback_args, **callback_kwargs)
  File "/mnt/aaa22500-1d14-4161-b361-89d4e7d74008/Apps/advisor-crm/venv/lib/python3.13/site-packages/django/contrib/auth/decorators.py", line 59, in _view_wrapper
    return view_func(request, *args, **kwargs)
  File "/mnt/aaa22500-1d14-4161-b361-89d4e7d74008/Apps/advisor-crm/advisor_crm/crm/views.py", line 716, in reports_view
    return render(request, 'crm/reports.html', context)
  File "/mnt/aaa22500-1d14-4161-b361-89d4e7d74008/Apps/advisor-crm/venv/lib/python3.13/site-packages/django/shortcuts.py", line 25, in render
    content = loader.render_to_string(template_name, context, request, using=using)
  File "/mnt/aaa22500-1d14-4161-b361-89d4e7d74008/Apps/advisor-crm/venv/lib/python3.13/site-packages/django/template/loader.py", line 61, in render_to_string
    template = get_template(template_name, using=using)
  File "/mnt/aaa22500-1d14-4161-b361-89d4e7d74008/Apps/advisor-crm/venv/lib/python3.13/site-packages/django/template/loader.py", line 15, in get_template
    return engine.get_template(template_name)
           ~~~~~~~~~~~~~~~~~~~^^^^^^^^^^^^^^^
  File "/mnt/aaa22500-1d14-4161-b361-89d4e7d74008/Apps/advisor-crm/venv/lib/python3.13/site-packages/django/template/backends/django.py", line 79, in get_template
    return Template(self.engine.get_template(template_name), self)
                    ~~~~~~~~~~~~~~~~~~~~~~~~^^^^^^^^^^^^^^^
  File "/mnt/aaa22500-1d14-4161-b361-89d4e7d74008/Apps/advisor-crm/venv/lib/python3.13/site-packages/django/template/engine.py", line 177, in get_template
    template, origin = self.find_template(template_name)
                       ~~~~~~~~~~~~~~~~~~^^^^^^^^^^^^^^^
  File "/mnt/aaa22500-1d14-4161-b361-89d4e7d74008/Apps/advisor-crm/venv/lib/python3.13/site-packages/django/template/engine.py", line 159, in find_template
    template = loader.get_template(name, skip=skip)
  File "/mnt/aaa22500-1d14-4161-b361-89d4e7d74008/Apps/advisor-crm/venv/lib/python3.13/site-packages/django/template/loaders/cached.py", line 57, in get_template
    template = super().get_template(template_name, skip)
  File "/mnt/aaa22500-1d14-4161-b361-89d4e7d74008/Apps/advisor-crm/venv/lib/python3.13/site-packages/django/template/loaders/base.py", line 28, in get_template
    return Template(
        contents,
    ...<2 lines>...
        self.engine,
    )
  File "/mnt/aaa22500-1d14-4161-b361-89d4e7d74008/Apps/advisor-crm/venv/lib/python3.13/site-packages/django/template/base.py", line 154, in __init__
    self.nodelist = self.compile_nodelist()
                    ~~~~~~~~~~~~~~~~~~~~~^^
  File "/mnt/aaa22500-1d14-4161-b361-89d4e7d74008/Apps/advisor-crm/venv/lib/python3.13/site-packages/django/template/base.py", line 196, in compile_nodelist
    nodelist = parser.parse()
  File "/mnt/aaa22500-1d14-4161-b361-89d4e7d74008/Apps/advisor-crm/venv/lib/python3.13/site-packages/django/template/base.py", line 518, in parse
    raise self.error(token, e)
  File "/mnt/aaa22500-1d14-4161-b361-89d4e7d74008/Apps/advisor-crm/venv/lib/python3.13/site-packages/django/template/base.py", line 516, in parse
    compiled_result = compile_func(self, token)
  File "/mnt/aaa22500-1d14-4161-b361-89d4e7d74008/Apps/advisor-crm/venv/lib/python3.13/site-packages/django/template/loader_tags.py", line 299, in do_extends
    nodelist = parser.parse()
  File "/mnt/aaa22500-1d14-4161-b361-89d4e7d74008/Apps/advisor-crm/venv/lib/python3.13/site-packages/django/template/base.py", line 518, in parse
    raise self.error(token, e)
  File "/mnt/aaa22500-1d14-4161-b361-89d4e7d74008/Apps/advisor-crm/venv/lib/python3.13/site-packages/django/template/base.py", line 516, in parse
    compiled_result = compile_func(self, token)
  File "/mnt/aaa22500-1d14-4161-b361-89d4e7d74008/Apps/advisor-crm/venv/lib/python3.13/site-packages/django/template/loader_tags.py", line 234, in do_block
    nodelist = parser.parse(("endblock",))
  File "/mnt/aaa22500-1d14-4161-b361-89d4e7d74008/Apps/advisor-crm/venv/lib/python3.13/site-packages/django/template/base.py", line 518, in parse
    raise self.error(token, e)
  File "/mnt/aaa22500-1d14-4161-b361-89d4e7d74008/Apps/advisor-crm/venv/lib/python3.13/site-packages/django/template/base.py", line 516, in parse
    compiled_result = compile_func(self, token)
  File "/mnt/aaa22500-1d14-4161-b361-89d4e7d74008/Apps/advisor-crm/venv/lib/python3.13/site-packages/django/template/defaulttags.py", line 862, in do_for
    nodelist_loop = parser.parse(
        (
    ...<2 lines>...
        )
    )
  File "/mnt/aaa22500-1d14-4161-b361-89d4e7d74008/Apps/advisor-crm/venv/lib/python3.13/site-packages/django/template/base.py", line 489, in parse
    raise self.error(token, e)
  File "/mnt/aaa22500-1d14-4161-b361-89d4e7d74008/Apps/advisor-crm/venv/lib/python3.13/site-packages/django/template/base.py", line 487, in parse
    filter_expression = self.compile_filter(token.contents)
  File "/mnt/aaa22500-1d14-4161-b361-89d4e7d74008/Apps/advisor-crm/venv/lib/python3.13/site-packages/django/template/base.py", line 609, in compile_filter
    return FilterExpression(token, self)
  File "/mnt/aaa22500-1d14-4161-b361-89d4e7d74008/Apps/advisor-crm/venv/lib/python3.13/site-packages/django/template/base.py", line 705, in __init__
    filter_func = parser.find_filter(filter_name)
  File "/mnt/aaa22500-1d14-4161-b361-89d4e7d74008/Apps/advisor-crm/venv/lib/python3.13/site-packages/django/template/base.py", line 615, in find_filter
    raise TemplateSyntaxError("Invalid filter: '%s'" % filter_name)
django.template.exceptions.TemplateSyntaxError: Invalid filter: 'multiply'
Internal Server Error: /reports/
Traceback (most recent call last):
  File "/mnt/aaa22500-1d14-4161-b361-89d4e7d74008/Apps/advisor-crm/venv/lib/python3.13/site-packages/django/core/handlers/exception.py", line 55, in inner
    response = get_response(request)
  File "/mnt/aaa22500-1d14-4161-b361-89d4e7d74008/Apps/advisor-crm/venv/lib/python3.13/site-packages/django/core/handlers/base.py", line 197, in _get_response
    response = wrapped_callback(request, *callback_args, **callback_kwargs)
  File "/mnt/aaa22500-1d14-4161-b361-89d4e7d74008/Apps/advisor-crm/venv/lib/python3.13/site-packages/django/contrib/auth/decorators.py", line 59, in _view_wrapper
    return view_func(request, *args, **kwargs)
  File "/mnt/aaa22500-1d14-4161-b361-89d4e7d74008/Apps/advisor-crm/advisor_crm/crm/views.py", line 716, in reports_view
    return render(request, 'crm/reports.html', context)
  File "/mnt/aaa22500-1d14-4161-b361-89d4e7d74008/Apps/advisor-crm/venv/lib/python3.13/site-packages/django/shortcuts.py", line 25, in render
    content = loader.render_to_string(template_name, context, request, using=using)
  File "/mnt/aaa22500-1d14-4161-b361-89d4e7d74008/Apps/advisor-crm/venv/lib/python3.13/site-packages/django/template/loader.py", line 61, in render_to_string
    template = get_template(template_name, using=using)
  File "/mnt/aaa22500-1d14-4161-b361-89d4e7d74008/Apps/advisor-crm/venv/lib/python3.13/site-packages/django/template/loader.py", line 15, in get_template
    return engine.get_template(template_name)
           ~~~~~~~~~~~~~~~~~~~^^^^^^^^^^^^^^^
  File "/mnt/aaa22500-1d14-4161-b361-89d4e7d74008/Apps/advisor-crm/venv/lib/python3.13/site-packages/django/template/backends/django.py", line 79, in get_template
    return Template(self.engine.get_template(template_name), self)
                    ~~~~~~~~~~~~~~~~~~~~~~~~^^^^^^^^^^^^^^^
  File "/mnt/aaa22500-1d14-4161-b361-89d4e7d74008/Apps/advisor-crm/venv/lib/python3.13/site-packages/django/template/engine.py", line 177, in get_template
    template, origin = self.find_template(template_name)
                       ~~~~~~~~~~~~~~~~~~^^^^^^^^^^^^^^^
  File "/mnt/aaa22500-1d14-4161-b361-89d4e7d74008/Apps/advisor-crm/venv/lib/python3.13/site-packages/django/template/engine.py", line 159, in find_template
    template = loader.get_template(name, skip=skip)
  File "/mnt/aaa22500-1d14-4161-b361-89d4e7d74008/Apps/advisor-crm/venv/lib/python3.13/site-packages/django/template/loaders/cached.py", line 57, in get_template
    template = super().get_template(template_name, skip)
  File "/mnt/aaa22500-1d14-4161-b361-89d4e7d74008/Apps/advisor-crm/venv/lib/python3.13/site-packages/django/template/loaders/base.py", line 28, in get_template
    return Template(
        contents,
    ...<2 lines>...
        self.engine,
    )
  File "/mnt/aaa22500-1d14-4161-b361-89d4e7d74008/Apps/advisor-crm/venv/lib/python3.13/site-packages/django/template/base.py", line 154, in __init__
    self.nodelist = self.compile_nodelist()
                    ~~~~~~~~~~~~~~~~~~~~~^^
  File "/mnt/aaa22500-1d14-4161-b361-89d4e7d74008/Apps/advisor-crm/venv/lib/python3.13/site-packages/django/template/base.py", line 196, in compile_nodelist
    nodelist = parser.parse()
  File "/mnt/aaa22500-1d14-4161-b361-89d4e7d74008/Apps/advisor-crm/venv/lib/python3.13/site-packages/django/template/base.py", line 518, in parse
    raise self.error(token, e)
  File "/mnt/aaa22500-1d14-4161-b361-89d4e7d74008/Apps/advisor-crm/venv/lib/python3.13/site-packages/django/template/base.py", line 516, in parse
    compiled_result = compile_func(self, token)
  File "/mnt/aaa22500-1d14-4161-b361-89d4e7d74008/Apps/advisor-crm/venv/lib/python3.13/site-packages/django/template/loader_tags.py", line 299, in do_extends
    nodelist = parser.parse()
  File "/mnt/aaa22500-1d14-4161-b361-89d4e7d74008/Apps/advisor-crm/venv/lib/python3.13/site-packages/django/template/base.py", line 518, in parse
    raise self.error(token, e)
  File "/mnt/aaa22500-1d14-4161-b361-89d4e7d74008/Apps/advisor-crm/venv/lib/python3.13/site-packages/django/template/base.py", line 516, in parse
    compiled_result = compile_func(self, token)
  File "/mnt/aaa22500-1d14-4161-b361-89d4e7d74008/Apps/advisor-crm/venv/lib/python3.13/site-packages/django/template/loader_tags.py", line 234, in do_block
    nodelist = parser.parse(("endblock",))
  File "/mnt/aaa22500-1d14-4161-b361-89d4e7d74008/Apps/advisor-crm/venv/lib/python3.13/site-packages/django/template/base.py", line 518, in parse
    raise self.error(token, e)
  File "/mnt/aaa22500-1d14-4161-b361-89d4e7d74008/Apps/advisor-crm/venv/lib/python3.13/site-packages/django/template/base.py", line 516, in parse
    compiled_result = compile_func(self, token)
  File "/mnt/aaa22500-1d14-4161-b361-89d4e7d74008/Apps/advisor-crm/venv/lib/python3.13/site-packages/django/template/defaulttags.py", line 862, in do_for
    nodelist_loop = parser.parse(
        (
    ...<2 lines>...
        )
    )
  File "/mnt/aaa22500-1d14-4161-b361-89d4e7d74008/Apps/advisor-crm/venv/lib/python3.13/site-packages/django/template/base.py", line 489, in parse
    raise self.error(token, e)
  File "/mnt/aaa22500-1d14-4161-b361-89d4e7d74008/Apps/advisor-crm/venv/lib/python3.13/site-packages/django/template/base.py", line 487, in parse
    filter_expression = self.compile_filter(token.contents)
  File "/mnt/aaa22500-1d14-4161-b361-89d4e7d74008/Apps/advisor-crm/venv/lib/python3.13/site-packages/django/template/base.py", line 609, in compile_filter
    return FilterExpression(token, self)
  File "/mnt/aaa22500-1d14-4161-b361-89d4e7d74008/Apps/advisor-crm/venv/lib/python3.13/site-packages/django/template/base.py", line 705, in __init__
    filter_func = parser.find_filter(filter_name)
  File "/mnt/aaa22500-1d14-4161-b361-89d4e7d74008/Apps/advisor-crm/venv/lib/python3.13/site-packages/django/template/base.py", line 615, in find_filter
    raise TemplateSyntaxError("Invalid filter: '%s'" % filter_name)
django.template.exceptions.TemplateSyntaxError: Invalid filter: 'multiply'
Internal Server Error: /reports/
Traceback (most recent call last):
  File "/mnt/aaa22500-1d14-4161-b361-89d4e7d74008/Apps/advisor-crm/venv/lib/python3.13/site-packages/django/template/defaulttags.py", line 1035, in find_library
    return parser.libraries[name]
           ~~~~~~~~~~~~~~~~^^^^^^
KeyError: 'custom_filters'

During handling of the above exception, another exception occurred:

Traceback (most recent call last):
  File "/mnt/aaa22500-1d14-4161-b361-89d4e7d74008/Apps/advisor-crm/venv/lib/python3.13/site-packages/django/core/handlers/exception.py", line 55, in inner
    response = get_response(request)
  File "/mnt/aaa22500-1d14-4161-b361-89d4e7d74008/Apps/advisor-crm/venv/lib/python3.13/site-packages/django/core/handlers/base.py", line 197, in _get_response
    response = wrapped_callback(request, *callback_args, **callback_kwargs)
  File "/mnt/aaa22500-1d14-4161-b361-89d4e7d74008/Apps/advisor-crm/venv/lib/python3.13/site-packages/django/contrib/auth/decorators.py", line 59, in _view_wrapper
    return view_func(request, *args, **kwargs)
  File "/mnt/aaa22500-1d14-4161-b361-89d4e7d74008/Apps/advisor-crm/advisor_crm/crm/views.py", line 716, in reports_view
    return render(request, 'crm/reports.html', context)
  File "/mnt/aaa22500-1d14-4161-b361-89d4e7d74008/Apps/advisor-crm/venv/lib/python3.13/site-packages/django/shortcuts.py", line 25, in render
    content = loader.render_to_string(template_name, context, request, using=using)
  File "/mnt/aaa22500-1d14-4161-b361-89d4e7d74008/Apps/advisor-crm/venv/lib/python3.13/site-packages/django/template/loader.py", line 61, in render_to_string
    template = get_template(template_name, using=using)
  File "/mnt/aaa22500-1d14-4161-b361-89d4e7d74008/Apps/advisor-crm/venv/lib/python3.13/site-packages/django/template/loader.py", line 15, in get_template
    return engine.get_template(template_name)
           ~~~~~~~~~~~~~~~~~~~^^^^^^^^^^^^^^^
  File "/mnt/aaa22500-1d14-4161-b361-89d4e7d74008/Apps/advisor-crm/venv/lib/python3.13/site-packages/django/template/backends/django.py", line 79, in get_template
    return Template(self.engine.get_template(template_name), self)
                    ~~~~~~~~~~~~~~~~~~~~~~~~^^^^^^^^^^^^^^^
  File "/mnt/aaa22500-1d14-4161-b361-89d4e7d74008/Apps/advisor-crm/venv/lib/python3.13/site-packages/django/template/engine.py", line 177, in get_template
    template, origin = self.find_template(template_name)
                       ~~~~~~~~~~~~~~~~~~^^^^^^^^^^^^^^^
  File "/mnt/aaa22500-1d14-4161-b361-89d4e7d74008/Apps/advisor-crm/venv/lib/python3.13/site-packages/django/template/engine.py", line 159, in find_template
    template = loader.get_template(name, skip=skip)
  File "/mnt/aaa22500-1d14-4161-b361-89d4e7d74008/Apps/advisor-crm/venv/lib/python3.13/site-packages/django/template/loaders/cached.py", line 57, in get_template
    template = super().get_template(template_name, skip)
  File "/mnt/aaa22500-1d14-4161-b361-89d4e7d74008/Apps/advisor-crm/venv/lib/python3.13/site-packages/django/template/loaders/base.py", line 28, in get_template
    return Template(
        contents,
    ...<2 lines>...
        self.engine,
    )
  File "/mnt/aaa22500-1d14-4161-b361-89d4e7d74008/Apps/advisor-crm/venv/lib/python3.13/site-packages/django/template/base.py", line 154, in __init__
    self.nodelist = self.compile_nodelist()
                    ~~~~~~~~~~~~~~~~~~~~~^^
  File "/mnt/aaa22500-1d14-4161-b361-89d4e7d74008/Apps/advisor-crm/venv/lib/python3.13/site-packages/django/template/base.py", line 196, in compile_nodelist
    nodelist = parser.parse()
  File "/mnt/aaa22500-1d14-4161-b361-89d4e7d74008/Apps/advisor-crm/venv/lib/python3.13/site-packages/django/template/base.py", line 518, in parse
    raise self.error(token, e)
  File "/mnt/aaa22500-1d14-4161-b361-89d4e7d74008/Apps/advisor-crm/venv/lib/python3.13/site-packages/django/template/base.py", line 516, in parse
    compiled_result = compile_func(self, token)
  File "/mnt/aaa22500-1d14-4161-b361-89d4e7d74008/Apps/advisor-crm/venv/lib/python3.13/site-packages/django/template/defaulttags.py", line 1097, in load
    lib = find_library(parser, name)
  File "/mnt/aaa22500-1d14-4161-b361-89d4e7d74008/Apps/advisor-crm/venv/lib/python3.13/site-packages/django/template/defaulttags.py", line 1037, in find_library
    raise TemplateSyntaxError(
    ...<5 lines>...
    )
django.template.exceptions.TemplateSyntaxError: 'custom_filters' is not a registered tag library. Must be one of:
admin_list
admin_modify
admin_urls
cache
humanize
i18n
l10n
log
static
tz
widget_tweaks
Watching for file changes with StatReloader
Internal Server Error: /reports/
Traceback (most recent call last):
  File "/mnt/aaa22500-1d14-4161-b361-89d4e7d74008/Apps/advisor-crm/venv/lib/python3.13/site-packages/django/core/handlers/exception.py", line 55, in inner
    response = get_response(request)
  File "/mnt/aaa22500-1d14-4161-b361-89d4e7d74008/Apps/advisor-crm/venv/lib/python3.13/site-packages/django/core/handlers/base.py", line 197, in _get_response
    response = wrapped_callback(request, *callback_args, **callback_kwargs)
  File "/mnt/aaa22500-1d14-4161-b361-89d4e7d74008/Apps/advisor-crm/venv/lib/python3.13/site-packages/django/contrib/auth/decorators.py", line 59, in _view_wrapper
    return view_func(request, *args, **kwargs)
  File "/mnt/aaa22500-1d14-4161-b361-89d4e7d74008/Apps/advisor-crm/advisor_crm/crm/views.py", line 716, in reports_view
    return render(request, 'crm/reports.html', context)
  File "/mnt/aaa22500-1d14-4161-b361-89d4e7d74008/Apps/advisor-crm/venv/lib/python3.13/site-packages/django/shortcuts.py", line 25, in render
    content = loader.render_to_string(template_name, context, request, using=using)
  File "/mnt/aaa22500-1d14-4161-b361-89d4e7d74008/Apps/advisor-crm/venv/lib/python3.13/site-packages/django/template/loader.py", line 61, in render_to_string
    template = get_template(template_name, using=using)
  File "/mnt/aaa22500-1d14-4161-b361-89d4e7d74008/Apps/advisor-crm/venv/lib/python3.13/site-packages/django/template/loader.py", line 15, in get_template
    return engine.get_template(template_name)
           ~~~~~~~~~~~~~~~~~~~^^^^^^^^^^^^^^^
  File "/mnt/aaa22500-1d14-4161-b361-89d4e7d74008/Apps/advisor-crm/venv/lib/python3.13/site-packages/django/template/backends/django.py", line 79, in get_template
    return Template(self.engine.get_template(template_name), self)
                    ~~~~~~~~~~~~~~~~~~~~~~~~^^^^^^^^^^^^^^^
  File "/mnt/aaa22500-1d14-4161-b361-89d4e7d74008/Apps/advisor-crm/venv/lib/python3.13/site-packages/django/template/engine.py", line 177, in get_template
    template, origin = self.find_template(template_name)
                       ~~~~~~~~~~~~~~~~~~^^^^^^^^^^^^^^^
  File "/mnt/aaa22500-1d14-4161-b361-89d4e7d74008/Apps/advisor-crm/venv/lib/python3.13/site-packages/django/template/engine.py", line 159, in find_template
    template = loader.get_template(name, skip=skip)
  File "/mnt/aaa22500-1d14-4161-b361-89d4e7d74008/Apps/advisor-crm/venv/lib/python3.13/site-packages/django/template/loaders/cached.py", line 57, in get_template
    template = super().get_template(template_name, skip)
  File "/mnt/aaa22500-1d14-4161-b361-89d4e7d74008/Apps/advisor-crm/venv/lib/python3.13/site-packages/django/template/loaders/base.py", line 28, in get_template
    return Template(
        contents,
    ...<2 lines>...
        self.engine,
    )
  File "/mnt/aaa22500-1d14-4161-b361-89d4e7d74008/Apps/advisor-crm/venv/lib/python3.13/site-packages/django/template/base.py", line 154, in __init__
    self.nodelist = self.compile_nodelist()
                    ~~~~~~~~~~~~~~~~~~~~~^^
  File "/mnt/aaa22500-1d14-4161-b361-89d4e7d74008/Apps/advisor-crm/venv/lib/python3.13/site-packages/django/template/base.py", line 196, in compile_nodelist
    nodelist = parser.parse()
  File "/mnt/aaa22500-1d14-4161-b361-89d4e7d74008/Apps/advisor-crm/venv/lib/python3.13/site-packages/django/template/base.py", line 519, in parse
    self.extend_nodelist(nodelist, compiled_result, token)
    ~~~~~~~~~~~~~~~~~~~~^^^^^^^^^^^^^^^^^^^^^^^^^^^^^^^^^^
  File "/mnt/aaa22500-1d14-4161-b361-89d4e7d74008/Apps/advisor-crm/venv/lib/python3.13/site-packages/django/template/base.py", line 540, in extend_nodelist
    raise self.error(
    ...<2 lines>...
    )
django.template.exceptions.TemplateSyntaxError: {% extends 'crm/base.html' %} must be the first tag in 'crm/reports.html'.
/mnt/aaa22500-1d14-4161-b361-89d4e7d74008/Apps/advisor-crm/advisor_crm/crm/views.py changed, reloading.
Watching for file changes with StatReloader
/mnt/aaa22500-1d14-4161-b361-89d4e7d74008/Apps/advisor-crm/advisor_crm/crm/urls.py changed, reloading.
Watching for file changes with StatReloader
/mnt/aaa22500-1d14-4161-b361-89d4e7d74008/Apps/advisor-crm/advisor_crm/crm/urls.py changed, reloading.
Watching for file changes with StatReloader
Internal Server Error: /customers/3/communication/add/
Traceback (most recent call last):
  File "/mnt/aaa22500-1d14-4161-b361-89d4e7d74008/Apps/advisor-crm/venv/lib/python3.13/site-packages/django/core/handlers/exception.py", line 55, in inner
    response = get_response(request)
  File "/mnt/aaa22500-1d14-4161-b361-89d4e7d74008/Apps/advisor-crm/venv/lib/python3.13/site-packages/django/core/handlers/base.py", line 197, in _get_response
    response = wrapped_callback(request, *callback_args, **callback_kwargs)
  File "/mnt/aaa22500-1d14-4161-b361-89d4e7d74008/Apps/advisor-crm/venv/lib/python3.13/site-packages/django/contrib/auth/decorators.py", line 59, in _view_wrapper
    return view_func(request, *args, **kwargs)
  File "/mnt/aaa22500-1d14-4161-b361-89d4e7d74008/Apps/advisor-crm/advisor_crm/crm/views.py", line 681, in communication_create
    return render(request, 'crm/communication_form.html', context)
  File "/mnt/aaa22500-1d14-4161-b361-89d4e7d74008/Apps/advisor-crm/venv/lib/python3.13/site-packages/django/shortcuts.py", line 25, in render
    content = loader.render_to_string(template_name, context, request, using=using)
  File "/mnt/aaa22500-1d14-4161-b361-89d4e7d74008/Apps/advisor-crm/venv/lib/python3.13/site-packages/django/template/loader.py", line 61, in render_to_string
    template = get_template(template_name, using=using)
  File "/mnt/aaa22500-1d14-4161-b361-89d4e7d74008/Apps/advisor-crm/venv/lib/python3.13/site-packages/django/template/loader.py", line 19, in get_template
    raise TemplateDoesNotExist(template_name, chain=chain)
django.template.exceptions.TemplateDoesNotExist: crm/communication_form.html
/mnt/aaa22500-1d14-4161-b361-89d4e7d74008/Apps/advisor-crm/advisor_crm/crm/views.py changed, reloading.
Watching for file changes with StatReloader
Not Found: /customers/2/communication/add/
/mnt/aaa22500-1d14-4161-b361-89d4e7d74008/Apps/advisor-crm/advisor_crm/crm/views.py changed, reloading.
Watching for file changes with StatReloader
Internal Server Error: /applications/5/
Traceback (most recent call last):
  File "/mnt/aaa22500-1d14-4161-b361-89d4e7d74008/Apps/advisor-crm/venv/lib/python3.13/site-packages/django/core/handlers/exception.py", line 55, in inner
    response = get_response(request)
  File "/mnt/aaa22500-1d14-4161-b361-89d4e7d74008/Apps/advisor-crm/venv/lib/python3.13/site-packages/django/core/handlers/base.py", line 220, in _get_response
    response = response.render()
  File "/mnt/aaa22500-1d14-4161-b361-89d4e7d74008/Apps/advisor-crm/venv/lib/python3.13/site-packages/django/template/response.py", line 114, in render
    self.content = self.rendered_content
                   ^^^^^^^^^^^^^^^^^^^^^
  File "/mnt/aaa22500-1d14-4161-b361-89d4e7d74008/Apps/advisor-crm/venv/lib/python3.13/site-packages/django/template/response.py", line 90, in rendered_content
    template = self.resolve_template(self.template_name)
  File "/mnt/aaa22500-1d14-4161-b361-89d4e7d74008/Apps/advisor-crm/venv/lib/python3.13/site-packages/django/template/response.py", line 72, in resolve_template
    return select_template(template, using=self.using)
  File "/mnt/aaa22500-1d14-4161-b361-89d4e7d74008/Apps/advisor-crm/venv/lib/python3.13/site-packages/django/template/loader.py", line 42, in select_template
    return engine.get_template(template_name)
           ~~~~~~~~~~~~~~~~~~~^^^^^^^^^^^^^^^
  File "/mnt/aaa22500-1d14-4161-b361-89d4e7d74008/Apps/advisor-crm/venv/lib/python3.13/site-packages/django/template/backends/django.py", line 79, in get_template
    return Template(self.engine.get_template(template_name), self)
                    ~~~~~~~~~~~~~~~~~~~~~~~~^^^^^^^^^^^^^^^
  File "/mnt/aaa22500-1d14-4161-b361-89d4e7d74008/Apps/advisor-crm/venv/lib/python3.13/site-packages/django/template/engine.py", line 177, in get_template
    template, origin = self.find_template(template_name)
                       ~~~~~~~~~~~~~~~~~~^^^^^^^^^^^^^^^
  File "/mnt/aaa22500-1d14-4161-b361-89d4e7d74008/Apps/advisor-crm/venv/lib/python3.13/site-packages/django/template/engine.py", line 159, in find_template
    template = loader.get_template(name, skip=skip)
  File "/mnt/aaa22500-1d14-4161-b361-89d4e7d74008/Apps/advisor-crm/venv/lib/python3.13/site-packages/django/template/loaders/cached.py", line 57, in get_template
    template = super().get_template(template_name, skip)
  File "/mnt/aaa22500-1d14-4161-b361-89d4e7d74008/Apps/advisor-crm/venv/lib/python3.13/site-packages/django/template/loaders/base.py", line 28, in get_template
    return Template(
        contents,
    ...<2 lines>...
        self.engine,
    )
  File "/mnt/aaa22500-1d14-4161-b361-89d4e7d74008/Apps/advisor-crm/venv/lib/python3.13/site-packages/django/template/base.py", line 154, in __init__
    self.nodelist = self.compile_nodelist()
                    ~~~~~~~~~~~~~~~~~~~~~^^
  File "/mnt/aaa22500-1d14-4161-b361-89d4e7d74008/Apps/advisor-crm/venv/lib/python3.13/site-packages/django/template/base.py", line 196, in compile_nodelist
    nodelist = parser.parse()
  File "/mnt/aaa22500-1d14-4161-b361-89d4e7d74008/Apps/advisor-crm/venv/lib/python3.13/site-packages/django/template/base.py", line 518, in parse
    raise self.error(token, e)
  File "/mnt/aaa22500-1d14-4161-b361-89d4e7d74008/Apps/advisor-crm/venv/lib/python3.13/site-packages/django/template/base.py", line 516, in parse
    compiled_result = compile_func(self, token)
  File "/mnt/aaa22500-1d14-4161-b361-89d4e7d74008/Apps/advisor-crm/venv/lib/python3.13/site-packages/django/template/loader_tags.py", line 299, in do_extends
    nodelist = parser.parse()
  File "/mnt/aaa22500-1d14-4161-b361-89d4e7d74008/Apps/advisor-crm/venv/lib/python3.13/site-packages/django/template/base.py", line 518, in parse
    raise self.error(token, e)
  File "/mnt/aaa22500-1d14-4161-b361-89d4e7d74008/Apps/advisor-crm/venv/lib/python3.13/site-packages/django/template/base.py", line 516, in parse
    compiled_result = compile_func(self, token)
  File "/mnt/aaa22500-1d14-4161-b361-89d4e7d74008/Apps/advisor-crm/venv/lib/python3.13/site-packages/django/template/loader_tags.py", line 234, in do_block
    nodelist = parser.parse(("endblock",))
  File "/mnt/aaa22500-1d14-4161-b361-89d4e7d74008/Apps/advisor-crm/venv/lib/python3.13/site-packages/django/template/base.py", line 523, in parse
    self.unclosed_block_tag(parse_until)
    ~~~~~~~~~~~~~~~~~~~~~~~^^^^^^^^^^^^^
  File "/mnt/aaa22500-1d14-4161-b361-89d4e7d74008/Apps/advisor-crm/venv/lib/python3.13/site-packages/django/template/base.py", line 590, in unclosed_block_tag
    raise self.error(token, msg)
django.template.exceptions.TemplateSyntaxError: Unclosed tag on line 37: 'block'. Looking for one of: endblock.
Internal Server Error: /applications/5/
Traceback (most recent call last):
  File "/mnt/aaa22500-1d14-4161-b361-89d4e7d74008/Apps/advisor-crm/venv/lib/python3.13/site-packages/django/core/handlers/exception.py", line 55, in inner
    response = get_response(request)
  File "/mnt/aaa22500-1d14-4161-b361-89d4e7d74008/Apps/advisor-crm/venv/lib/python3.13/site-packages/django/core/handlers/base.py", line 220, in _get_response
    response = response.render()
  File "/mnt/aaa22500-1d14-4161-b361-89d4e7d74008/Apps/advisor-crm/venv/lib/python3.13/site-packages/django/template/response.py", line 114, in render
    self.content = self.rendered_content
                   ^^^^^^^^^^^^^^^^^^^^^
  File "/mnt/aaa22500-1d14-4161-b361-89d4e7d74008/Apps/advisor-crm/venv/lib/python3.13/site-packages/django/template/response.py", line 92, in rendered_content
    return template.render(context, self._request)
           ~~~~~~~~~~~~~~~^^^^^^^^^^^^^^^^^^^^^^^^
  File "/mnt/aaa22500-1d14-4161-b361-89d4e7d74008/Apps/advisor-crm/venv/lib/python3.13/site-packages/django/template/backends/django.py", line 107, in render
    return self.template.render(context)
           ~~~~~~~~~~~~~~~~~~~~^^^^^^^^^
  File "/mnt/aaa22500-1d14-4161-b361-89d4e7d74008/Apps/advisor-crm/venv/lib/python3.13/site-packages/django/template/base.py", line 171, in render
    return self._render(context)
           ~~~~~~~~~~~~^^^^^^^^^
  File "/mnt/aaa22500-1d14-4161-b361-89d4e7d74008/Apps/advisor-crm/venv/lib/python3.13/site-packages/django/template/base.py", line 163, in _render
    return self.nodelist.render(context)
           ~~~~~~~~~~~~~~~~~~~~^^^^^^^^^
  File "/mnt/aaa22500-1d14-4161-b361-89d4e7d74008/Apps/advisor-crm/venv/lib/python3.13/site-packages/django/template/base.py", line 1016, in render
    return SafeString("".join([node.render_annotated(context) for node in self]))
                               ~~~~~~~~~~~~~~~~~~~~~^^^^^^^^^
  File "/mnt/aaa22500-1d14-4161-b361-89d4e7d74008/Apps/advisor-crm/venv/lib/python3.13/site-packages/django/template/base.py", line 977, in render_annotated
    return self.render(context)
           ~~~~~~~~~~~^^^^^^^^^
  File "/mnt/aaa22500-1d14-4161-b361-89d4e7d74008/Apps/advisor-crm/venv/lib/python3.13/site-packages/django/template/loader_tags.py", line 159, in render
    return compiled_parent._render(context)
           ~~~~~~~~~~~~~~~~~~~~~~~^^^^^^^^^
  File "/mnt/aaa22500-1d14-4161-b361-89d4e7d74008/Apps/advisor-crm/venv/lib/python3.13/site-packages/django/template/base.py", line 163, in _render
    return self.nodelist.render(context)
           ~~~~~~~~~~~~~~~~~~~~^^^^^^^^^
  File "/mnt/aaa22500-1d14-4161-b361-89d4e7d74008/Apps/advisor-crm/venv/lib/python3.13/site-packages/django/template/base.py", line 1016, in render
    return SafeString("".join([node.render_annotated(context) for node in self]))
                               ~~~~~~~~~~~~~~~~~~~~~^^^^^^^^^
  File "/mnt/aaa22500-1d14-4161-b361-89d4e7d74008/Apps/advisor-crm/venv/lib/python3.13/site-packages/django/template/base.py", line 977, in render_annotated
    return self.render(context)
           ~~~~~~~~~~~^^^^^^^^^
  File "/mnt/aaa22500-1d14-4161-b361-89d4e7d74008/Apps/advisor-crm/venv/lib/python3.13/site-packages/django/template/defaulttags.py", line 327, in render
    return nodelist.render(context)
           ~~~~~~~~~~~~~~~^^^^^^^^^
  File "/mnt/aaa22500-1d14-4161-b361-89d4e7d74008/Apps/advisor-crm/venv/lib/python3.13/site-packages/django/template/base.py", line 1016, in render
    return SafeString("".join([node.render_annotated(context) for node in self]))
                               ~~~~~~~~~~~~~~~~~~~~~^^^^^^^^^
  File "/mnt/aaa22500-1d14-4161-b361-89d4e7d74008/Apps/advisor-crm/venv/lib/python3.13/site-packages/django/template/base.py", line 977, in render_annotated
    return self.render(context)
           ~~~~~~~~~~~^^^^^^^^^
  File "/mnt/aaa22500-1d14-4161-b361-89d4e7d74008/Apps/advisor-crm/venv/lib/python3.13/site-packages/django/template/loader_tags.py", line 65, in render
    result = block.nodelist.render(context)
  File "/mnt/aaa22500-1d14-4161-b361-89d4e7d74008/Apps/advisor-crm/venv/lib/python3.13/site-packages/django/template/base.py", line 1016, in render
    return SafeString("".join([node.render_annotated(context) for node in self]))
                               ~~~~~~~~~~~~~~~~~~~~~^^^^^^^^^
  File "/mnt/aaa22500-1d14-4161-b361-89d4e7d74008/Apps/advisor-crm/venv/lib/python3.13/site-packages/django/template/base.py", line 977, in render_annotated
    return self.render(context)
           ~~~~~~~~~~~^^^^^^^^^
  File "/mnt/aaa22500-1d14-4161-b361-89d4e7d74008/Apps/advisor-crm/venv/lib/python3.13/site-packages/django/template/defaulttags.py", line 480, in render
    url = reverse(view_name, args=args, kwargs=kwargs, current_app=current_app)
  File "/mnt/aaa22500-1d14-4161-b361-89d4e7d74008/Apps/advisor-crm/venv/lib/python3.13/site-packages/django/urls/base.py", line 98, in reverse
    resolved_url = resolver._reverse_with_prefix(view, prefix, *args, **kwargs)
  File "/mnt/aaa22500-1d14-4161-b361-89d4e7d74008/Apps/advisor-crm/venv/lib/python3.13/site-packages/django/urls/resolvers.py", line 831, in _reverse_with_prefix
    raise NoReverseMatch(msg)
django.urls.exceptions.NoReverseMatch: Reverse for 'application_update' not found. 'application_update' is not a valid view function or pattern name.
Internal Server Error: /applications/5/
Traceback (most recent call last):
  File "/mnt/aaa22500-1d14-4161-b361-89d4e7d74008/Apps/advisor-crm/venv/lib/python3.13/site-packages/django/core/handlers/exception.py", line 55, in inner
    response = get_response(request)
  File "/mnt/aaa22500-1d14-4161-b361-89d4e7d74008/Apps/advisor-crm/venv/lib/python3.13/site-packages/django/core/handlers/base.py", line 220, in _get_response
    response = response.render()
  File "/mnt/aaa22500-1d14-4161-b361-89d4e7d74008/Apps/advisor-crm/venv/lib/python3.13/site-packages/django/template/response.py", line 114, in render
    self.content = self.rendered_content
                   ^^^^^^^^^^^^^^^^^^^^^
  File "/mnt/aaa22500-1d14-4161-b361-89d4e7d74008/Apps/advisor-crm/venv/lib/python3.13/site-packages/django/template/response.py", line 92, in rendered_content
    return template.render(context, self._request)
           ~~~~~~~~~~~~~~~^^^^^^^^^^^^^^^^^^^^^^^^
  File "/mnt/aaa22500-1d14-4161-b361-89d4e7d74008/Apps/advisor-crm/venv/lib/python3.13/site-packages/django/template/backends/django.py", line 107, in render
    return self.template.render(context)
           ~~~~~~~~~~~~~~~~~~~~^^^^^^^^^
  File "/mnt/aaa22500-1d14-4161-b361-89d4e7d74008/Apps/advisor-crm/venv/lib/python3.13/site-packages/django/template/base.py", line 171, in render
    return self._render(context)
           ~~~~~~~~~~~~^^^^^^^^^
  File "/mnt/aaa22500-1d14-4161-b361-89d4e7d74008/Apps/advisor-crm/venv/lib/python3.13/site-packages/django/template/base.py", line 163, in _render
    return self.nodelist.render(context)
           ~~~~~~~~~~~~~~~~~~~~^^^^^^^^^
  File "/mnt/aaa22500-1d14-4161-b361-89d4e7d74008/Apps/advisor-crm/venv/lib/python3.13/site-packages/django/template/base.py", line 1016, in render
    return SafeString("".join([node.render_annotated(context) for node in self]))
                               ~~~~~~~~~~~~~~~~~~~~~^^^^^^^^^
  File "/mnt/aaa22500-1d14-4161-b361-89d4e7d74008/Apps/advisor-crm/venv/lib/python3.13/site-packages/django/template/base.py", line 977, in render_annotated
    return self.render(context)
           ~~~~~~~~~~~^^^^^^^^^
  File "/mnt/aaa22500-1d14-4161-b361-89d4e7d74008/Apps/advisor-crm/venv/lib/python3.13/site-packages/django/template/loader_tags.py", line 159, in render
    return compiled_parent._render(context)
           ~~~~~~~~~~~~~~~~~~~~~~~^^^^^^^^^
  File "/mnt/aaa22500-1d14-4161-b361-89d4e7d74008/Apps/advisor-crm/venv/lib/python3.13/site-packages/django/template/base.py", line 163, in _render
    return self.nodelist.render(context)
           ~~~~~~~~~~~~~~~~~~~~^^^^^^^^^
  File "/mnt/aaa22500-1d14-4161-b361-89d4e7d74008/Apps/advisor-crm/venv/lib/python3.13/site-packages/django/template/base.py", line 1016, in render
    return SafeString("".join([node.render_annotated(context) for node in self]))
                               ~~~~~~~~~~~~~~~~~~~~~^^^^^^^^^
  File "/mnt/aaa22500-1d14-4161-b361-89d4e7d74008/Apps/advisor-crm/venv/lib/python3.13/site-packages/django/template/base.py", line 977, in render_annotated
    return self.render(context)
           ~~~~~~~~~~~^^^^^^^^^
  File "/mnt/aaa22500-1d14-4161-b361-89d4e7d74008/Apps/advisor-crm/venv/lib/python3.13/site-packages/django/template/defaulttags.py", line 327, in render
    return nodelist.render(context)
           ~~~~~~~~~~~~~~~^^^^^^^^^
  File "/mnt/aaa22500-1d14-4161-b361-89d4e7d74008/Apps/advisor-crm/venv/lib/python3.13/site-packages/django/template/base.py", line 1016, in render
    return SafeString("".join([node.render_annotated(context) for node in self]))
                               ~~~~~~~~~~~~~~~~~~~~~^^^^^^^^^
  File "/mnt/aaa22500-1d14-4161-b361-89d4e7d74008/Apps/advisor-crm/venv/lib/python3.13/site-packages/django/template/base.py", line 977, in render_annotated
    return self.render(context)
           ~~~~~~~~~~~^^^^^^^^^
  File "/mnt/aaa22500-1d14-4161-b361-89d4e7d74008/Apps/advisor-crm/venv/lib/python3.13/site-packages/django/template/loader_tags.py", line 65, in render
    result = block.nodelist.render(context)
  File "/mnt/aaa22500-1d14-4161-b361-89d4e7d74008/Apps/advisor-crm/venv/lib/python3.13/site-packages/django/template/base.py", line 1016, in render
    return SafeString("".join([node.render_annotated(context) for node in self]))
                               ~~~~~~~~~~~~~~~~~~~~~^^^^^^^^^
  File "/mnt/aaa22500-1d14-4161-b361-89d4e7d74008/Apps/advisor-crm/venv/lib/python3.13/site-packages/django/template/base.py", line 977, in render_annotated
    return self.render(context)
           ~~~~~~~~~~~^^^^^^^^^
  File "/mnt/aaa22500-1d14-4161-b361-89d4e7d74008/Apps/advisor-crm/venv/lib/python3.13/site-packages/django/template/defaulttags.py", line 480, in render
    url = reverse(view_name, args=args, kwargs=kwargs, current_app=current_app)
  File "/mnt/aaa22500-1d14-4161-b361-89d4e7d74008/Apps/advisor-crm/venv/lib/python3.13/site-packages/django/urls/base.py", line 98, in reverse
    resolved_url = resolver._reverse_with_prefix(view, prefix, *args, **kwargs)
  File "/mnt/aaa22500-1d14-4161-b361-89d4e7d74008/Apps/advisor-crm/venv/lib/python3.13/site-packages/django/urls/resolvers.py", line 831, in _reverse_with_prefix
    raise NoReverseMatch(msg)
django.urls.exceptions.NoReverseMatch: Reverse for 'application_update' not found. 'application_update' is not a valid view function or pattern name.
Internal Server Error: /applications/1/
Traceback (most recent call last):
  File "/mnt/aaa22500-1d14-4161-b361-89d4e7d74008/Apps/advisor-crm/venv/lib/python3.13/site-packages/django/core/handlers/exception.py", line 55, in inner
    response = get_response(request)
  File "/mnt/aaa22500-1d14-4161-b361-89d4e7d74008/Apps/advisor-crm/venv/lib/python3.13/site-packages/django/core/handlers/base.py", line 220, in _get_response
    response = response.render()
  File "/mnt/aaa22500-1d14-4161-b361-89d4e7d74008/Apps/advisor-crm/venv/lib/python3.13/site-packages/django/template/response.py", line 114, in render
    self.content = self.rendered_content
                   ^^^^^^^^^^^^^^^^^^^^^
  File "/mnt/aaa22500-1d14-4161-b361-89d4e7d74008/Apps/advisor-crm/venv/lib/python3.13/site-packages/django/template/response.py", line 92, in rendered_content
    return template.render(context, self._request)
           ~~~~~~~~~~~~~~~^^^^^^^^^^^^^^^^^^^^^^^^
  File "/mnt/aaa22500-1d14-4161-b361-89d4e7d74008/Apps/advisor-crm/venv/lib/python3.13/site-packages/django/template/backends/django.py", line 107, in render
    return self.template.render(context)
           ~~~~~~~~~~~~~~~~~~~~^^^^^^^^^
  File "/mnt/aaa22500-1d14-4161-b361-89d4e7d74008/Apps/advisor-crm/venv/lib/python3.13/site-packages/django/template/base.py", line 171, in render
    return self._render(context)
           ~~~~~~~~~~~~^^^^^^^^^
  File "/mnt/aaa22500-1d14-4161-b361-89d4e7d74008/Apps/advisor-crm/venv/lib/python3.13/site-packages/django/template/base.py", line 163, in _render
    return self.nodelist.render(context)
           ~~~~~~~~~~~~~~~~~~~~^^^^^^^^^
  File "/mnt/aaa22500-1d14-4161-b361-89d4e7d74008/Apps/advisor-crm/venv/lib/python3.13/site-packages/django/template/base.py", line 1016, in render
    return SafeString("".join([node.render_annotated(context) for node in self]))
                               ~~~~~~~~~~~~~~~~~~~~~^^^^^^^^^
  File "/mnt/aaa22500-1d14-4161-b361-89d4e7d74008/Apps/advisor-crm/venv/lib/python3.13/site-packages/django/template/base.py", line 977, in render_annotated
    return self.render(context)
           ~~~~~~~~~~~^^^^^^^^^
  File "/mnt/aaa22500-1d14-4161-b361-89d4e7d74008/Apps/advisor-crm/venv/lib/python3.13/site-packages/django/template/loader_tags.py", line 159, in render
    return compiled_parent._render(context)
           ~~~~~~~~~~~~~~~~~~~~~~~^^^^^^^^^
  File "/mnt/aaa22500-1d14-4161-b361-89d4e7d74008/Apps/advisor-crm/venv/lib/python3.13/site-packages/django/template/base.py", line 163, in _render
    return self.nodelist.render(context)
           ~~~~~~~~~~~~~~~~~~~~^^^^^^^^^
  File "/mnt/aaa22500-1d14-4161-b361-89d4e7d74008/Apps/advisor-crm/venv/lib/python3.13/site-packages/django/template/base.py", line 1016, in render
    return SafeString("".join([node.render_annotated(context) for node in self]))
                               ~~~~~~~~~~~~~~~~~~~~~^^^^^^^^^
  File "/mnt/aaa22500-1d14-4161-b361-89d4e7d74008/Apps/advisor-crm/venv/lib/python3.13/site-packages/django/template/base.py", line 977, in render_annotated
    return self.render(context)
           ~~~~~~~~~~~^^^^^^^^^
  File "/mnt/aaa22500-1d14-4161-b361-89d4e7d74008/Apps/advisor-crm/venv/lib/python3.13/site-packages/django/template/defaulttags.py", line 327, in render
    return nodelist.render(context)
           ~~~~~~~~~~~~~~~^^^^^^^^^
  File "/mnt/aaa22500-1d14-4161-b361-89d4e7d74008/Apps/advisor-crm/venv/lib/python3.13/site-packages/django/template/base.py", line 1016, in render
    return SafeString("".join([node.render_annotated(context) for node in self]))
                               ~~~~~~~~~~~~~~~~~~~~~^^^^^^^^^
  File "/mnt/aaa22500-1d14-4161-b361-89d4e7d74008/Apps/advisor-crm/venv/lib/python3.13/site-packages/django/template/base.py", line 977, in render_annotated
    return self.render(context)
           ~~~~~~~~~~~^^^^^^^^^
  File "/mnt/aaa22500-1d14-4161-b361-89d4e7d74008/Apps/advisor-crm/venv/lib/python3.13/site-packages/django/template/loader_tags.py", line 65, in render
    result = block.nodelist.render(context)
  File "/mnt/aaa22500-1d14-4161-b361-89d4e7d74008/Apps/advisor-crm/venv/lib/python3.13/site-packages/django/template/base.py", line 1016, in render
    return SafeString("".join([node.render_annotated(context) for node in self]))
                               ~~~~~~~~~~~~~~~~~~~~~^^^^^^^^^
  File "/mnt/aaa22500-1d14-4161-b361-89d4e7d74008/Apps/advisor-crm/venv/lib/python3.13/site-packages/django/template/base.py", line 977, in render_annotated
    return self.render(context)
           ~~~~~~~~~~~^^^^^^^^^
  File "/mnt/aaa22500-1d14-4161-b361-89d4e7d74008/Apps/advisor-crm/venv/lib/python3.13/site-packages/django/template/defaulttags.py", line 480, in render
    url = reverse(view_name, args=args, kwargs=kwargs, current_app=current_app)
  File "/mnt/aaa22500-1d14-4161-b361-89d4e7d74008/Apps/advisor-crm/venv/lib/python3.13/site-packages/django/urls/base.py", line 98, in reverse
    resolved_url = resolver._reverse_with_prefix(view, prefix, *args, **kwargs)
  File "/mnt/aaa22500-1d14-4161-b361-89d4e7d74008/Apps/advisor-crm/venv/lib/python3.13/site-packages/django/urls/resolvers.py", line 831, in _reverse_with_prefix
    raise NoReverseMatch(msg)
django.urls.exceptions.NoReverseMatch: Reverse for 'application_update' not found. 'application_update' is not a valid view function or pattern name.
Internal Server Error: /applications/16/
Traceback (most recent call last):
  File "/mnt/aaa22500-1d14-4161-b361-89d4e7d74008/Apps/advisor-crm/venv/lib/python3.13/site-packages/django/core/handlers/exception.py", line 55, in inner
    response = get_response(request)
  File "/mnt/aaa22500-1d14-4161-b361-89d4e7d74008/Apps/advisor-crm/venv/lib/python3.13/site-packages/django/core/handlers/base.py", line 220, in _get_response
    response = response.render()
  File "/mnt/aaa22500-1d14-4161-b361-89d4e7d74008/Apps/advisor-crm/venv/lib/python3.13/site-packages/django/template/response.py", line 114, in render
    self.content = self.rendered_content
                   ^^^^^^^^^^^^^^^^^^^^^
  File "/mnt/aaa22500-1d14-4161-b361-89d4e7d74008/Apps/advisor-crm/venv/lib/python3.13/site-packages/django/template/response.py", line 92, in rendered_content
    return template.render(context, self._request)
           ~~~~~~~~~~~~~~~^^^^^^^^^^^^^^^^^^^^^^^^
  File "/mnt/aaa22500-1d14-4161-b361-89d4e7d74008/Apps/advisor-crm/venv/lib/python3.13/site-packages/django/template/backends/django.py", line 107, in render
    return self.template.render(context)
           ~~~~~~~~~~~~~~~~~~~~^^^^^^^^^
  File "/mnt/aaa22500-1d14-4161-b361-89d4e7d74008/Apps/advisor-crm/venv/lib/python3.13/site-packages/django/template/base.py", line 171, in render
    return self._render(context)
           ~~~~~~~~~~~~^^^^^^^^^
  File "/mnt/aaa22500-1d14-4161-b361-89d4e7d74008/Apps/advisor-crm/venv/lib/python3.13/site-packages/django/template/base.py", line 163, in _render
    return self.nodelist.render(context)
           ~~~~~~~~~~~~~~~~~~~~^^^^^^^^^
  File "/mnt/aaa22500-1d14-4161-b361-89d4e7d74008/Apps/advisor-crm/venv/lib/python3.13/site-packages/django/template/base.py", line 1016, in render
    return SafeString("".join([node.render_annotated(context) for node in self]))
                               ~~~~~~~~~~~~~~~~~~~~~^^^^^^^^^
  File "/mnt/aaa22500-1d14-4161-b361-89d4e7d74008/Apps/advisor-crm/venv/lib/python3.13/site-packages/django/template/base.py", line 977, in render_annotated
    return self.render(context)
           ~~~~~~~~~~~^^^^^^^^^
  File "/mnt/aaa22500-1d14-4161-b361-89d4e7d74008/Apps/advisor-crm/venv/lib/python3.13/site-packages/django/template/loader_tags.py", line 159, in render
    return compiled_parent._render(context)
           ~~~~~~~~~~~~~~~~~~~~~~~^^^^^^^^^
  File "/mnt/aaa22500-1d14-4161-b361-89d4e7d74008/Apps/advisor-crm/venv/lib/python3.13/site-packages/django/template/base.py", line 163, in _render
    return self.nodelist.render(context)
           ~~~~~~~~~~~~~~~~~~~~^^^^^^^^^
  File "/mnt/aaa22500-1d14-4161-b361-89d4e7d74008/Apps/advisor-crm/venv/lib/python3.13/site-packages/django/template/base.py", line 1016, in render
    return SafeString("".join([node.render_annotated(context) for node in self]))
                               ~~~~~~~~~~~~~~~~~~~~~^^^^^^^^^
  File "/mnt/aaa22500-1d14-4161-b361-89d4e7d74008/Apps/advisor-crm/venv/lib/python3.13/site-packages/django/template/base.py", line 977, in render_annotated
    return self.render(context)
           ~~~~~~~~~~~^^^^^^^^^
  File "/mnt/aaa22500-1d14-4161-b361-89d4e7d74008/Apps/advisor-crm/venv/lib/python3.13/site-packages/django/template/defaulttags.py", line 327, in render
    return nodelist.render(context)
           ~~~~~~~~~~~~~~~^^^^^^^^^
  File "/mnt/aaa22500-1d14-4161-b361-89d4e7d74008/Apps/advisor-crm/venv/lib/python3.13/site-packages/django/template/base.py", line 1016, in render
    return SafeString("".join([node.render_annotated(context) for node in self]))
                               ~~~~~~~~~~~~~~~~~~~~~^^^^^^^^^
  File "/mnt/aaa22500-1d14-4161-b361-89d4e7d74008/Apps/advisor-crm/venv/lib/python3.13/site-packages/django/template/base.py", line 977, in render_annotated
    return self.render(context)
           ~~~~~~~~~~~^^^^^^^^^
  File "/mnt/aaa22500-1d14-4161-b361-89d4e7d74008/Apps/advisor-crm/venv/lib/python3.13/site-packages/django/template/loader_tags.py", line 65, in render
    result = block.nodelist.render(context)
  File "/mnt/aaa22500-1d14-4161-b361-89d4e7d74008/Apps/advisor-crm/venv/lib/python3.13/site-packages/django/template/base.py", line 1016, in render
    return SafeString("".join([node.render_annotated(context) for node in self]))
                               ~~~~~~~~~~~~~~~~~~~~~^^^^^^^^^
  File "/mnt/aaa22500-1d14-4161-b361-89d4e7d74008/Apps/advisor-crm/venv/lib/python3.13/site-packages/django/template/base.py", line 977, in render_annotated
    return self.render(context)
           ~~~~~~~~~~~^^^^^^^^^
  File "/mnt/aaa22500-1d14-4161-b361-89d4e7d74008/Apps/advisor-crm/venv/lib/python3.13/site-packages/django/template/defaulttags.py", line 480, in render
    url = reverse(view_name, args=args, kwargs=kwargs, current_app=current_app)
  File "/mnt/aaa22500-1d14-4161-b361-89d4e7d74008/Apps/advisor-crm/venv/lib/python3.13/site-packages/django/urls/base.py", line 98, in reverse
    resolved_url = resolver._reverse_with_prefix(view, prefix, *args, **kwargs)
  File "/mnt/aaa22500-1d14-4161-b361-89d4e7d74008/Apps/advisor-crm/venv/lib/python3.13/site-packages/django/urls/resolvers.py", line 831, in _reverse_with_prefix
    raise NoReverseMatch(msg)
django.urls.exceptions.NoReverseMatch: Reverse for 'application_update' not found. 'application_update' is not a valid view function or pattern name.
Internal Server Error: /applications/18/
Traceback (most recent call last):
  File "/mnt/aaa22500-1d14-4161-b361-89d4e7d74008/Apps/advisor-crm/venv/lib/python3.13/site-packages/django/core/handlers/exception.py", line 55, in inner
    response = get_response(request)
  File "/mnt/aaa22500-1d14-4161-b361-89d4e7d74008/Apps/advisor-crm/venv/lib/python3.13/site-packages/django/core/handlers/base.py", line 220, in _get_response
    response = response.render()
  File "/mnt/aaa22500-1d14-4161-b361-89d4e7d74008/Apps/advisor-crm/venv/lib/python3.13/site-packages/django/template/response.py", line 114, in render
    self.content = self.rendered_content
                   ^^^^^^^^^^^^^^^^^^^^^
  File "/mnt/aaa22500-1d14-4161-b361-89d4e7d74008/Apps/advisor-crm/venv/lib/python3.13/site-packages/django/template/response.py", line 92, in rendered_content
    return template.render(context, self._request)
           ~~~~~~~~~~~~~~~^^^^^^^^^^^^^^^^^^^^^^^^
  File "/mnt/aaa22500-1d14-4161-b361-89d4e7d74008/Apps/advisor-crm/venv/lib/python3.13/site-packages/django/template/backends/django.py", line 107, in render
    return self.template.render(context)
           ~~~~~~~~~~~~~~~~~~~~^^^^^^^^^
  File "/mnt/aaa22500-1d14-4161-b361-89d4e7d74008/Apps/advisor-crm/venv/lib/python3.13/site-packages/django/template/base.py", line 171, in render
    return self._render(context)
           ~~~~~~~~~~~~^^^^^^^^^
  File "/mnt/aaa22500-1d14-4161-b361-89d4e7d74008/Apps/advisor-crm/venv/lib/python3.13/site-packages/django/template/base.py", line 163, in _render
    return self.nodelist.render(context)
           ~~~~~~~~~~~~~~~~~~~~^^^^^^^^^
  File "/mnt/aaa22500-1d14-4161-b361-89d4e7d74008/Apps/advisor-crm/venv/lib/python3.13/site-packages/django/template/base.py", line 1016, in render
    return SafeString("".join([node.render_annotated(context) for node in self]))
                               ~~~~~~~~~~~~~~~~~~~~~^^^^^^^^^
  File "/mnt/aaa22500-1d14-4161-b361-89d4e7d74008/Apps/advisor-crm/venv/lib/python3.13/site-packages/django/template/base.py", line 977, in render_annotated
    return self.render(context)
           ~~~~~~~~~~~^^^^^^^^^
  File "/mnt/aaa22500-1d14-4161-b361-89d4e7d74008/Apps/advisor-crm/venv/lib/python3.13/site-packages/django/template/loader_tags.py", line 159, in render
    return compiled_parent._render(context)
           ~~~~~~~~~~~~~~~~~~~~~~~^^^^^^^^^
  File "/mnt/aaa22500-1d14-4161-b361-89d4e7d74008/Apps/advisor-crm/venv/lib/python3.13/site-packages/django/template/base.py", line 163, in _render
    return self.nodelist.render(context)
           ~~~~~~~~~~~~~~~~~~~~^^^^^^^^^
  File "/mnt/aaa22500-1d14-4161-b361-89d4e7d74008/Apps/advisor-crm/venv/lib/python3.13/site-packages/django/template/base.py", line 1016, in render
    return SafeString("".join([node.render_annotated(context) for node in self]))
                               ~~~~~~~~~~~~~~~~~~~~~^^^^^^^^^
  File "/mnt/aaa22500-1d14-4161-b361-89d4e7d74008/Apps/advisor-crm/venv/lib/python3.13/site-packages/django/template/base.py", line 977, in render_annotated
    return self.render(context)
           ~~~~~~~~~~~^^^^^^^^^
  File "/mnt/aaa22500-1d14-4161-b361-89d4e7d74008/Apps/advisor-crm/venv/lib/python3.13/site-packages/django/template/defaulttags.py", line 327, in render
    return nodelist.render(context)
           ~~~~~~~~~~~~~~~^^^^^^^^^
  File "/mnt/aaa22500-1d14-4161-b361-89d4e7d74008/Apps/advisor-crm/venv/lib/python3.13/site-packages/django/template/base.py", line 1016, in render
    return SafeString("".join([node.render_annotated(context) for node in self]))
                               ~~~~~~~~~~~~~~~~~~~~~^^^^^^^^^
  File "/mnt/aaa22500-1d14-4161-b361-89d4e7d74008/Apps/advisor-crm/venv/lib/python3.13/site-packages/django/template/base.py", line 977, in render_annotated
    return self.render(context)
           ~~~~~~~~~~~^^^^^^^^^
  File "/mnt/aaa22500-1d14-4161-b361-89d4e7d74008/Apps/advisor-crm/venv/lib/python3.13/site-packages/django/template/loader_tags.py", line 65, in render
    result = block.nodelist.render(context)
  File "/mnt/aaa22500-1d14-4161-b361-89d4e7d74008/Apps/advisor-crm/venv/lib/python3.13/site-packages/django/template/base.py", line 1016, in render
    return SafeString("".join([node.render_annotated(context) for node in self]))
                               ~~~~~~~~~~~~~~~~~~~~~^^^^^^^^^
  File "/mnt/aaa22500-1d14-4161-b361-89d4e7d74008/Apps/advisor-crm/venv/lib/python3.13/site-packages/django/template/base.py", line 977, in render_annotated
    return self.render(context)
           ~~~~~~~~~~~^^^^^^^^^
  File "/mnt/aaa22500-1d14-4161-b361-89d4e7d74008/Apps/advisor-crm/venv/lib/python3.13/site-packages/django/template/defaulttags.py", line 480, in render
    url = reverse(view_name, args=args, kwargs=kwargs, current_app=current_app)
  File "/mnt/aaa22500-1d14-4161-b361-89d4e7d74008/Apps/advisor-crm/venv/lib/python3.13/site-packages/django/urls/base.py", line 98, in reverse
    resolved_url = resolver._reverse_with_prefix(view, prefix, *args, **kwargs)
  File "/mnt/aaa22500-1d14-4161-b361-89d4e7d74008/Apps/advisor-crm/venv/lib/python3.13/site-packages/django/urls/resolvers.py", line 831, in _reverse_with_prefix
    raise NoReverseMatch(msg)
django.urls.exceptions.NoReverseMatch: Reverse for 'application_update' not found. 'application_update' is not a valid view function or pattern name.
/mnt/aaa22500-1d14-4161-b361-89d4e7d74008/Apps/advisor-crm/advisor_crm/crm/views.py changed, reloading.
Watching for file changes with StatReloader
Internal Server Error: /applications/add/
Traceback (most recent call last):
  File "/mnt/aaa22500-1d14-4161-b361-89d4e7d74008/Apps/advisor-crm/venv/lib/python3.13/site-packages/django/core/handlers/exception.py", line 55, in inner
    response = get_response(request)
  File "/mnt/aaa22500-1d14-4161-b361-89d4e7d74008/Apps/advisor-crm/venv/lib/python3.13/site-packages/django/core/handlers/base.py", line 197, in _get_response
    response = wrapped_callback(request, *callback_args, **callback_kwargs)
  File "/mnt/aaa22500-1d14-4161-b361-89d4e7d74008/Apps/advisor-crm/venv/lib/python3.13/site-packages/django/contrib/auth/decorators.py", line 59, in _view_wrapper
    return view_func(request, *args, **kwargs)
  File "/mnt/aaa22500-1d14-4161-b361-89d4e7d74008/Apps/advisor-crm/advisor_crm/crm/views.py", line 608, in application_create_view
    return render(request, 'crm/application_form.html', {
        'form': form,
    })
  File "/mnt/aaa22500-1d14-4161-b361-89d4e7d74008/Apps/advisor-crm/venv/lib/python3.13/site-packages/django/shortcuts.py", line 25, in render
    content = loader.render_to_string(template_name, context, request, using=using)
  File "/mnt/aaa22500-1d14-4161-b361-89d4e7d74008/Apps/advisor-crm/venv/lib/python3.13/site-packages/django/template/loader.py", line 61, in render_to_string
    template = get_template(template_name, using=using)
  File "/mnt/aaa22500-1d14-4161-b361-89d4e7d74008/Apps/advisor-crm/venv/lib/python3.13/site-packages/django/template/loader.py", line 15, in get_template
    return engine.get_template(template_name)
           ~~~~~~~~~~~~~~~~~~~^^^^^^^^^^^^^^^
  File "/mnt/aaa22500-1d14-4161-b361-89d4e7d74008/Apps/advisor-crm/venv/lib/python3.13/site-packages/django/template/backends/django.py", line 79, in get_template
    return Template(self.engine.get_template(template_name), self)
                    ~~~~~~~~~~~~~~~~~~~~~~~~^^^^^^^^^^^^^^^
  File "/mnt/aaa22500-1d14-4161-b361-89d4e7d74008/Apps/advisor-crm/venv/lib/python3.13/site-packages/django/template/engine.py", line 177, in get_template
    template, origin = self.find_template(template_name)
                       ~~~~~~~~~~~~~~~~~~^^^^^^^^^^^^^^^
  File "/mnt/aaa22500-1d14-4161-b361-89d4e7d74008/Apps/advisor-crm/venv/lib/python3.13/site-packages/django/template/engine.py", line 159, in find_template
    template = loader.get_template(name, skip=skip)
  File "/mnt/aaa22500-1d14-4161-b361-89d4e7d74008/Apps/advisor-crm/venv/lib/python3.13/site-packages/django/template/loaders/cached.py", line 57, in get_template
    template = super().get_template(template_name, skip)
  File "/mnt/aaa22500-1d14-4161-b361-89d4e7d74008/Apps/advisor-crm/venv/lib/python3.13/site-packages/django/template/loaders/base.py", line 28, in get_template
    return Template(
        contents,
    ...<2 lines>...
        self.engine,
    )
  File "/mnt/aaa22500-1d14-4161-b361-89d4e7d74008/Apps/advisor-crm/venv/lib/python3.13/site-packages/django/template/base.py", line 154, in __init__
    self.nodelist = self.compile_nodelist()
                    ~~~~~~~~~~~~~~~~~~~~~^^
  File "/mnt/aaa22500-1d14-4161-b361-89d4e7d74008/Apps/advisor-crm/venv/lib/python3.13/site-packages/django/template/base.py", line 196, in compile_nodelist
    nodelist = parser.parse()
  File "/mnt/aaa22500-1d14-4161-b361-89d4e7d74008/Apps/advisor-crm/venv/lib/python3.13/site-packages/django/template/base.py", line 518, in parse
    raise self.error(token, e)
  File "/mnt/aaa22500-1d14-4161-b361-89d4e7d74008/Apps/advisor-crm/venv/lib/python3.13/site-packages/django/template/base.py", line 516, in parse
    compiled_result = compile_func(self, token)
  File "/mnt/aaa22500-1d14-4161-b361-89d4e7d74008/Apps/advisor-crm/venv/lib/python3.13/site-packages/django/template/loader_tags.py", line 299, in do_extends
    nodelist = parser.parse()
  File "/mnt/aaa22500-1d14-4161-b361-89d4e7d74008/Apps/advisor-crm/venv/lib/python3.13/site-packages/django/template/base.py", line 518, in parse
    raise self.error(token, e)
  File "/mnt/aaa22500-1d14-4161-b361-89d4e7d74008/Apps/advisor-crm/venv/lib/python3.13/site-packages/django/template/base.py", line 516, in parse
    compiled_result = compile_func(self, token)
  File "/mnt/aaa22500-1d14-4161-b361-89d4e7d74008/Apps/advisor-crm/venv/lib/python3.13/site-packages/django/template/loader_tags.py", line 234, in do_block
    nodelist = parser.parse(("endblock",))
  File "/mnt/aaa22500-1d14-4161-b361-89d4e7d74008/Apps/advisor-crm/venv/lib/python3.13/site-packages/django/template/base.py", line 523, in parse
    self.unclosed_block_tag(parse_until)
    ~~~~~~~~~~~~~~~~~~~~~~~^^^^^^^^^^^^^
  File "/mnt/aaa22500-1d14-4161-b361-89d4e7d74008/Apps/advisor-crm/venv/lib/python3.13/site-packages/django/template/base.py", line 590, in unclosed_block_tag
    raise self.error(token, msg)
django.template.exceptions.TemplateSyntaxError: Unclosed tag on line 3: 'block'. Looking for one of: endblock.
Internal Server Error: /applications/add/
Traceback (most recent call last):
  File "/mnt/aaa22500-1d14-4161-b361-89d4e7d74008/Apps/advisor-crm/venv/lib/python3.13/site-packages/django/core/handlers/exception.py", line 55, in inner
    response = get_response(request)
  File "/mnt/aaa22500-1d14-4161-b361-89d4e7d74008/Apps/advisor-crm/venv/lib/python3.13/site-packages/django/core/handlers/base.py", line 197, in _get_response
    response = wrapped_callback(request, *callback_args, **callback_kwargs)
  File "/mnt/aaa22500-1d14-4161-b361-89d4e7d74008/Apps/advisor-crm/venv/lib/python3.13/site-packages/django/contrib/auth/decorators.py", line 59, in _view_wrapper
    return view_func(request, *args, **kwargs)
  File "/mnt/aaa22500-1d14-4161-b361-89d4e7d74008/Apps/advisor-crm/advisor_crm/crm/views.py", line 608, in application_create_view
    return render(request, 'crm/application_form.html', {
        'form': form,
    })
  File "/mnt/aaa22500-1d14-4161-b361-89d4e7d74008/Apps/advisor-crm/venv/lib/python3.13/site-packages/django/shortcuts.py", line 25, in render
    content = loader.render_to_string(template_name, context, request, using=using)
  File "/mnt/aaa22500-1d14-4161-b361-89d4e7d74008/Apps/advisor-crm/venv/lib/python3.13/site-packages/django/template/loader.py", line 61, in render_to_string
    template = get_template(template_name, using=using)
  File "/mnt/aaa22500-1d14-4161-b361-89d4e7d74008/Apps/advisor-crm/venv/lib/python3.13/site-packages/django/template/loader.py", line 15, in get_template
    return engine.get_template(template_name)
           ~~~~~~~~~~~~~~~~~~~^^^^^^^^^^^^^^^
  File "/mnt/aaa22500-1d14-4161-b361-89d4e7d74008/Apps/advisor-crm/venv/lib/python3.13/site-packages/django/template/backends/django.py", line 79, in get_template
    return Template(self.engine.get_template(template_name), self)
                    ~~~~~~~~~~~~~~~~~~~~~~~~^^^^^^^^^^^^^^^
  File "/mnt/aaa22500-1d14-4161-b361-89d4e7d74008/Apps/advisor-crm/venv/lib/python3.13/site-packages/django/template/engine.py", line 177, in get_template
    template, origin = self.find_template(template_name)
                       ~~~~~~~~~~~~~~~~~~^^^^^^^^^^^^^^^
  File "/mnt/aaa22500-1d14-4161-b361-89d4e7d74008/Apps/advisor-crm/venv/lib/python3.13/site-packages/django/template/engine.py", line 159, in find_template
    template = loader.get_template(name, skip=skip)
  File "/mnt/aaa22500-1d14-4161-b361-89d4e7d74008/Apps/advisor-crm/venv/lib/python3.13/site-packages/django/template/loaders/cached.py", line 57, in get_template
    template = super().get_template(template_name, skip)
  File "/mnt/aaa22500-1d14-4161-b361-89d4e7d74008/Apps/advisor-crm/venv/lib/python3.13/site-packages/django/template/loaders/base.py", line 28, in get_template
    return Template(
        contents,
    ...<2 lines>...
        self.engine,
    )
  File "/mnt/aaa22500-1d14-4161-b361-89d4e7d74008/Apps/advisor-crm/venv/lib/python3.13/site-packages/django/template/base.py", line 154, in __init__
    self.nodelist = self.compile_nodelist()
                    ~~~~~~~~~~~~~~~~~~~~~^^
  File "/mnt/aaa22500-1d14-4161-b361-89d4e7d74008/Apps/advisor-crm/venv/lib/python3.13/site-packages/django/template/base.py", line 196, in compile_nodelist
    nodelist = parser.parse()
  File "/mnt/aaa22500-1d14-4161-b361-89d4e7d74008/Apps/advisor-crm/venv/lib/python3.13/site-packages/django/template/base.py", line 518, in parse
    raise self.error(token, e)
  File "/mnt/aaa22500-1d14-4161-b361-89d4e7d74008/Apps/advisor-crm/venv/lib/python3.13/site-packages/django/template/base.py", line 516, in parse
    compiled_result = compile_func(self, token)
  File "/mnt/aaa22500-1d14-4161-b361-89d4e7d74008/Apps/advisor-crm/venv/lib/python3.13/site-packages/django/template/loader_tags.py", line 299, in do_extends
    nodelist = parser.parse()
  File "/mnt/aaa22500-1d14-4161-b361-89d4e7d74008/Apps/advisor-crm/venv/lib/python3.13/site-packages/django/template/base.py", line 518, in parse
    raise self.error(token, e)
  File "/mnt/aaa22500-1d14-4161-b361-89d4e7d74008/Apps/advisor-crm/venv/lib/python3.13/site-packages/django/template/base.py", line 516, in parse
    compiled_result = compile_func(self, token)
  File "/mnt/aaa22500-1d14-4161-b361-89d4e7d74008/Apps/advisor-crm/venv/lib/python3.13/site-packages/django/template/loader_tags.py", line 234, in do_block
    nodelist = parser.parse(("endblock",))
  File "/mnt/aaa22500-1d14-4161-b361-89d4e7d74008/Apps/advisor-crm/venv/lib/python3.13/site-packages/django/template/base.py", line 523, in parse
    self.unclosed_block_tag(parse_until)
    ~~~~~~~~~~~~~~~~~~~~~~~^^^^^^^^^^^^^
  File "/mnt/aaa22500-1d14-4161-b361-89d4e7d74008/Apps/advisor-crm/venv/lib/python3.13/site-packages/django/template/base.py", line 590, in unclosed_block_tag
    raise self.error(token, msg)
django.template.exceptions.TemplateSyntaxError: Unclosed tag on line 3: 'block'. Looking for one of: endblock.
/mnt/aaa22500-1d14-4161-b361-89d4e7d74008/Apps/advisor-crm/advisor_crm/crm/views.py changed, reloading.
Watching for file changes with StatReloader
/mnt/aaa22500-1d14-4161-b361-89d4e7d74008/Apps/advisor-crm/advisor_crm/crm/models.py changed, reloading.
Watching for file changes with StatReloader
/mnt/aaa22500-1d14-4161-b361-89d4e7d74008/Apps/advisor-crm/advisor_crm/crm/views.py changed, reloading.
Watching for file changes with StatReloader
Internal Server Error: /applications/23/
Traceback (most recent call last):
  File "/mnt/aaa22500-1d14-4161-b361-89d4e7d74008/Apps/advisor-crm/venv/lib/python3.13/site-packages/django/core/handlers/exception.py", line 55, in inner
    response = get_response(request)
  File "/mnt/aaa22500-1d14-4161-b361-89d4e7d74008/Apps/advisor-crm/venv/lib/python3.13/site-packages/django/core/handlers/base.py", line 220, in _get_response
    response = response.render()
  File "/mnt/aaa22500-1d14-4161-b361-89d4e7d74008/Apps/advisor-crm/venv/lib/python3.13/site-packages/django/template/response.py", line 114, in render
    self.content = self.rendered_content
                   ^^^^^^^^^^^^^^^^^^^^^
  File "/mnt/aaa22500-1d14-4161-b361-89d4e7d74008/Apps/advisor-crm/venv/lib/python3.13/site-packages/django/template/response.py", line 92, in rendered_content
    return template.render(context, self._request)
           ~~~~~~~~~~~~~~~^^^^^^^^^^^^^^^^^^^^^^^^
  File "/mnt/aaa22500-1d14-4161-b361-89d4e7d74008/Apps/advisor-crm/venv/lib/python3.13/site-packages/django/template/backends/django.py", line 107, in render
    return self.template.render(context)
           ~~~~~~~~~~~~~~~~~~~~^^^^^^^^^
  File "/mnt/aaa22500-1d14-4161-b361-89d4e7d74008/Apps/advisor-crm/venv/lib/python3.13/site-packages/django/template/base.py", line 171, in render
    return self._render(context)
           ~~~~~~~~~~~~^^^^^^^^^
  File "/mnt/aaa22500-1d14-4161-b361-89d4e7d74008/Apps/advisor-crm/venv/lib/python3.13/site-packages/django/template/base.py", line 163, in _render
    return self.nodelist.render(context)
           ~~~~~~~~~~~~~~~~~~~~^^^^^^^^^
  File "/mnt/aaa22500-1d14-4161-b361-89d4e7d74008/Apps/advisor-crm/venv/lib/python3.13/site-packages/django/template/base.py", line 1016, in render
    return SafeString("".join([node.render_annotated(context) for node in self]))
                               ~~~~~~~~~~~~~~~~~~~~~^^^^^^^^^
  File "/mnt/aaa22500-1d14-4161-b361-89d4e7d74008/Apps/advisor-crm/venv/lib/python3.13/site-packages/django/template/base.py", line 977, in render_annotated
    return self.render(context)
           ~~~~~~~~~~~^^^^^^^^^
  File "/mnt/aaa22500-1d14-4161-b361-89d4e7d74008/Apps/advisor-crm/venv/lib/python3.13/site-packages/django/template/loader_tags.py", line 159, in render
    return compiled_parent._render(context)
           ~~~~~~~~~~~~~~~~~~~~~~~^^^^^^^^^
  File "/mnt/aaa22500-1d14-4161-b361-89d4e7d74008/Apps/advisor-crm/venv/lib/python3.13/site-packages/django/template/base.py", line 163, in _render
    return self.nodelist.render(context)
           ~~~~~~~~~~~~~~~~~~~~^^^^^^^^^
  File "/mnt/aaa22500-1d14-4161-b361-89d4e7d74008/Apps/advisor-crm/venv/lib/python3.13/site-packages/django/template/base.py", line 1016, in render
    return SafeString("".join([node.render_annotated(context) for node in self]))
                               ~~~~~~~~~~~~~~~~~~~~~^^^^^^^^^
  File "/mnt/aaa22500-1d14-4161-b361-89d4e7d74008/Apps/advisor-crm/venv/lib/python3.13/site-packages/django/template/base.py", line 977, in render_annotated
    return self.render(context)
           ~~~~~~~~~~~^^^^^^^^^
  File "/mnt/aaa22500-1d14-4161-b361-89d4e7d74008/Apps/advisor-crm/venv/lib/python3.13/site-packages/django/template/defaulttags.py", line 327, in render
    return nodelist.render(context)
           ~~~~~~~~~~~~~~~^^^^^^^^^
  File "/mnt/aaa22500-1d14-4161-b361-89d4e7d74008/Apps/advisor-crm/venv/lib/python3.13/site-packages/django/template/base.py", line 1016, in render
    return SafeString("".join([node.render_annotated(context) for node in self]))
                               ~~~~~~~~~~~~~~~~~~~~~^^^^^^^^^
  File "/mnt/aaa22500-1d14-4161-b361-89d4e7d74008/Apps/advisor-crm/venv/lib/python3.13/site-packages/django/template/base.py", line 977, in render_annotated
    return self.render(context)
           ~~~~~~~~~~~^^^^^^^^^
  File "/mnt/aaa22500-1d14-4161-b361-89d4e7d74008/Apps/advisor-crm/venv/lib/python3.13/site-packages/django/template/loader_tags.py", line 65, in render
    result = block.nodelist.render(context)
  File "/mnt/aaa22500-1d14-4161-b361-89d4e7d74008/Apps/advisor-crm/venv/lib/python3.13/site-packages/django/template/base.py", line 1016, in render
    return SafeString("".join([node.render_annotated(context) for node in self]))
                               ~~~~~~~~~~~~~~~~~~~~~^^^^^^^^^
  File "/mnt/aaa22500-1d14-4161-b361-89d4e7d74008/Apps/advisor-crm/venv/lib/python3.13/site-packages/django/template/base.py", line 977, in render_annotated
    return self.render(context)
           ~~~~~~~~~~~^^^^^^^^^
  File "/mnt/aaa22500-1d14-4161-b361-89d4e7d74008/Apps/advisor-crm/venv/lib/python3.13/site-packages/django/template/defaulttags.py", line 480, in render
    url = reverse(view_name, args=args, kwargs=kwargs, current_app=current_app)
  File "/mnt/aaa22500-1d14-4161-b361-89d4e7d74008/Apps/advisor-crm/venv/lib/python3.13/site-packages/django/urls/base.py", line 98, in reverse
    resolved_url = resolver._reverse_with_prefix(view, prefix, *args, **kwargs)
  File "/mnt/aaa22500-1d14-4161-b361-89d4e7d74008/Apps/advisor-crm/venv/lib/python3.13/site-packages/django/urls/resolvers.py", line 831, in _reverse_with_prefix
    raise NoReverseMatch(msg)
django.urls.exceptions.NoReverseMatch: Reverse for 'application_update' not found. 'application_update' is not a valid view function or pattern name.
/mnt/aaa22500-1d14-4161-b361-89d4e7d74008/Apps/advisor-crm/advisor_crm/crm/urls.py changed, reloading.
Watching for file changes with StatReloader
/mnt/aaa22500-1d14-4161-b361-89d4e7d74008/Apps/advisor-crm/advisor_crm/crm/views.py changed, reloading.
Watching for file changes with StatReloader
/mnt/aaa22500-1d14-4161-b361-89d4e7d74008/Apps/advisor-crm/advisor_crm/crm/views.py changed, reloading.
Watching for file changes with StatReloader
/mnt/aaa22500-1d14-4161-b361-89d4e7d74008/Apps/advisor-crm/advisor_crm/crm/urls.py changed, reloading.
Watching for file changes with StatReloader
Watching for file changes with StatReloader
/mnt/aaa22500-1d14-4161-b361-89d4e7d74008/Apps/advisor-crm/advisor_crm/crm/views.py changed, reloading.
Watching for file changes with StatReloader
Watching for file changes with StatReloader
/mnt/aaa22500-1d14-4161-b361-89d4e7d74008/Apps/advisor-crm/advisor_crm/crm/views.py changed, reloading.
Watching for file changes with StatReloader
/mnt/aaa22500-1d14-4161-b361-89d4e7d74008/Apps/advisor-crm/advisor_crm/crm/views.py changed, reloading.
Watching for file changes with StatReloader
Internal Server Error: /reports/
Traceback (most recent call last):
  File "/mnt/aaa22500-1d14-4161-b361-89d4e7d74008/Apps/advisor-crm/venv/lib/python3.13/site-packages/django/core/handlers/exception.py", line 55, in inner
    response = get_response(request)
  File "/mnt/aaa22500-1d14-4161-b361-89d4e7d74008/Apps/advisor-crm/venv/lib/python3.13/site-packages/django/core/handlers/base.py", line 197, in _get_response
    response = wrapped_callback(request, *callback_args, **callback_kwargs)
  File "/mnt/aaa22500-1d14-4161-b361-89d4e7d74008/Apps/advisor-crm/venv/lib/python3.13/site-packages/django/contrib/auth/decorators.py", line 59, in _view_wrapper
    return view_func(request, *args, **kwargs)
  File "/mnt/aaa22500-1d14-4161-b361-89d4e7d74008/Apps/advisor-crm/advisor_crm/crm/views.py", line 917, in reports_view
    avg_commission = commissions.aggregate(Avg('commission_amount'))['commission_amount__avg'] or 0
                                           ^^^
NameError: name 'Avg' is not defined
/mnt/aaa22500-1d14-4161-b361-89d4e7d74008/Apps/advisor-crm/advisor_crm/crm/views.py changed, reloading.
Watching for file changes with StatReloader
Watching for file changes with StatReloader
Not Found: /favicon.ico
Not Found: /mortgages/INS_20250825210103_b1c77d/
Not Found: /mortgages/INS_20250825210103_b1c77d/
Not Found: /mortgages/INS_20250825210118_82f699/
/mnt/aaa22500-1d14-4161-b361-89d4e7d74008/Apps/advisor-crm/advisor_crm/crm/urls.py changed, reloading.
Watching for file changes with StatReloader
/mnt/aaa22500-1d14-4161-b361-89d4e7d74008/Apps/advisor-crm/advisor_crm/crm/views.py changed, reloading.
Watching for file changes with StatReloader
Not Found: /mortgages/INS_20250825210118_82f699/
Not Found: /mortgages/INS_20250825210118_82f699/
Internal Server Error: /mortgages/create/
Traceback (most recent call last):
  File "/mnt/aaa22500-1d14-4161-b361-89d4e7d74008/Apps/advisor-crm/venv/lib/python3.13/site-packages/django/template/base.py", line 510, in parse
    compile_func = self.tags[command]
                   ~~~~~~~~~^^^^^^^^^
KeyError: 'endblock'

During handling of the above exception, another exception occurred:

Traceback (most recent call last):
  File "/mnt/aaa22500-1d14-4161-b361-89d4e7d74008/Apps/advisor-crm/venv/lib/python3.13/site-packages/django/core/handlers/exception.py", line 55, in inner
    response = get_response(request)
  File "/mnt/aaa22500-1d14-4161-b361-89d4e7d74008/Apps/advisor-crm/venv/lib/python3.13/site-packages/django/core/handlers/base.py", line 220, in _get_response
    response = response.render()
  File "/mnt/aaa22500-1d14-4161-b361-89d4e7d74008/Apps/advisor-crm/venv/lib/python3.13/site-packages/django/template/response.py", line 114, in render
    self.content = self.rendered_content
                   ^^^^^^^^^^^^^^^^^^^^^
  File "/mnt/aaa22500-1d14-4161-b361-89d4e7d74008/Apps/advisor-crm/venv/lib/python3.13/site-packages/django/template/response.py", line 90, in rendered_content
    template = self.resolve_template(self.template_name)
  File "/mnt/aaa22500-1d14-4161-b361-89d4e7d74008/Apps/advisor-crm/venv/lib/python3.13/site-packages/django/template/response.py", line 72, in resolve_template
    return select_template(template, using=self.using)
  File "/mnt/aaa22500-1d14-4161-b361-89d4e7d74008/Apps/advisor-crm/venv/lib/python3.13/site-packages/django/template/loader.py", line 42, in select_template
    return engine.get_template(template_name)
           ~~~~~~~~~~~~~~~~~~~^^^^^^^^^^^^^^^
  File "/mnt/aaa22500-1d14-4161-b361-89d4e7d74008/Apps/advisor-crm/venv/lib/python3.13/site-packages/django/template/backends/django.py", line 79, in get_template
    return Template(self.engine.get_template(template_name), self)
                    ~~~~~~~~~~~~~~~~~~~~~~~~^^^^^^^^^^^^^^^
  File "/mnt/aaa22500-1d14-4161-b361-89d4e7d74008/Apps/advisor-crm/venv/lib/python3.13/site-packages/django/template/engine.py", line 177, in get_template
    template, origin = self.find_template(template_name)
                       ~~~~~~~~~~~~~~~~~~^^^^^^^^^^^^^^^
  File "/mnt/aaa22500-1d14-4161-b361-89d4e7d74008/Apps/advisor-crm/venv/lib/python3.13/site-packages/django/template/engine.py", line 159, in find_template
    template = loader.get_template(name, skip=skip)
  File "/mnt/aaa22500-1d14-4161-b361-89d4e7d74008/Apps/advisor-crm/venv/lib/python3.13/site-packages/django/template/loaders/cached.py", line 57, in get_template
    template = super().get_template(template_name, skip)
  File "/mnt/aaa22500-1d14-4161-b361-89d4e7d74008/Apps/advisor-crm/venv/lib/python3.13/site-packages/django/template/loaders/base.py", line 28, in get_template
    return Template(
        contents,
    ...<2 lines>...
        self.engine,
    )
  File "/mnt/aaa22500-1d14-4161-b361-89d4e7d74008/Apps/advisor-crm/venv/lib/python3.13/site-packages/django/template/base.py", line 154, in __init__
    self.nodelist = self.compile_nodelist()
                    ~~~~~~~~~~~~~~~~~~~~~^^
  File "/mnt/aaa22500-1d14-4161-b361-89d4e7d74008/Apps/advisor-crm/venv/lib/python3.13/site-packages/django/template/base.py", line 196, in compile_nodelist
    nodelist = parser.parse()
  File "/mnt/aaa22500-1d14-4161-b361-89d4e7d74008/Apps/advisor-crm/venv/lib/python3.13/site-packages/django/template/base.py", line 518, in parse
    raise self.error(token, e)
  File "/mnt/aaa22500-1d14-4161-b361-89d4e7d74008/Apps/advisor-crm/venv/lib/python3.13/site-packages/django/template/base.py", line 516, in parse
    compiled_result = compile_func(self, token)
  File "/mnt/aaa22500-1d14-4161-b361-89d4e7d74008/Apps/advisor-crm/venv/lib/python3.13/site-packages/django/template/loader_tags.py", line 299, in do_extends
    nodelist = parser.parse()
  File "/mnt/aaa22500-1d14-4161-b361-89d4e7d74008/Apps/advisor-crm/venv/lib/python3.13/site-packages/django/template/base.py", line 512, in parse
    self.invalid_block_tag(token, command, parse_until)
    ~~~~~~~~~~~~~~~~~~~~~~^^^^^^^^^^^^^^^^^^^^^^^^^^^^^
  File "/mnt/aaa22500-1d14-4161-b361-89d4e7d74008/Apps/advisor-crm/venv/lib/python3.13/site-packages/django/template/base.py", line 577, in invalid_block_tag
    raise self.error(
    ...<3 lines>...
    )
django.template.exceptions.TemplateSyntaxError: Invalid block tag on line 10: 'endblock'. Did you forget to register or load this tag?
Internal Server Error: /mortgages/create/
Traceback (most recent call last):
  File "/mnt/aaa22500-1d14-4161-b361-89d4e7d74008/Apps/advisor-crm/venv/lib/python3.13/site-packages/django/template/base.py", line 510, in parse
    compile_func = self.tags[command]
                   ~~~~~~~~~^^^^^^^^^
KeyError: 'endblock'

During handling of the above exception, another exception occurred:

Traceback (most recent call last):
  File "/mnt/aaa22500-1d14-4161-b361-89d4e7d74008/Apps/advisor-crm/venv/lib/python3.13/site-packages/django/core/handlers/exception.py", line 55, in inner
    response = get_response(request)
  File "/mnt/aaa22500-1d14-4161-b361-89d4e7d74008/Apps/advisor-crm/venv/lib/python3.13/site-packages/django/core/handlers/base.py", line 220, in _get_response
    response = response.render()
  File "/mnt/aaa22500-1d14-4161-b361-89d4e7d74008/Apps/advisor-crm/venv/lib/python3.13/site-packages/django/template/response.py", line 114, in render
    self.content = self.rendered_content
                   ^^^^^^^^^^^^^^^^^^^^^
  File "/mnt/aaa22500-1d14-4161-b361-89d4e7d74008/Apps/advisor-crm/venv/lib/python3.13/site-packages/django/template/response.py", line 90, in rendered_content
    template = self.resolve_template(self.template_name)
  File "/mnt/aaa22500-1d14-4161-b361-89d4e7d74008/Apps/advisor-crm/venv/lib/python3.13/site-packages/django/template/response.py", line 72, in resolve_template
    return select_template(template, using=self.using)
  File "/mnt/aaa22500-1d14-4161-b361-89d4e7d74008/Apps/advisor-crm/venv/lib/python3.13/site-packages/django/template/loader.py", line 42, in select_template
    return engine.get_template(template_name)
           ~~~~~~~~~~~~~~~~~~~^^^^^^^^^^^^^^^
  File "/mnt/aaa22500-1d14-4161-b361-89d4e7d74008/Apps/advisor-crm/venv/lib/python3.13/site-packages/django/template/backends/django.py", line 79, in get_template
    return Template(self.engine.get_template(template_name), self)
                    ~~~~~~~~~~~~~~~~~~~~~~~~^^^^^^^^^^^^^^^
  File "/mnt/aaa22500-1d14-4161-b361-89d4e7d74008/Apps/advisor-crm/venv/lib/python3.13/site-packages/django/template/engine.py", line 177, in get_template
    template, origin = self.find_template(template_name)
                       ~~~~~~~~~~~~~~~~~~^^^^^^^^^^^^^^^
  File "/mnt/aaa22500-1d14-4161-b361-89d4e7d74008/Apps/advisor-crm/venv/lib/python3.13/site-packages/django/template/engine.py", line 159, in find_template
    template = loader.get_template(name, skip=skip)
  File "/mnt/aaa22500-1d14-4161-b361-89d4e7d74008/Apps/advisor-crm/venv/lib/python3.13/site-packages/django/template/loaders/cached.py", line 57, in get_template
    template = super().get_template(template_name, skip)
  File "/mnt/aaa22500-1d14-4161-b361-89d4e7d74008/Apps/advisor-crm/venv/lib/python3.13/site-packages/django/template/loaders/base.py", line 28, in get_template
    return Template(
        contents,
    ...<2 lines>...
        self.engine,
    )
  File "/mnt/aaa22500-1d14-4161-b361-89d4e7d74008/Apps/advisor-crm/venv/lib/python3.13/site-packages/django/template/base.py", line 154, in __init__
    self.nodelist = self.compile_nodelist()
                    ~~~~~~~~~~~~~~~~~~~~~^^
  File "/mnt/aaa22500-1d14-4161-b361-89d4e7d74008/Apps/advisor-crm/venv/lib/python3.13/site-packages/django/template/base.py", line 196, in compile_nodelist
    nodelist = parser.parse()
  File "/mnt/aaa22500-1d14-4161-b361-89d4e7d74008/Apps/advisor-crm/venv/lib/python3.13/site-packages/django/template/base.py", line 518, in parse
    raise self.error(token, e)
  File "/mnt/aaa22500-1d14-4161-b361-89d4e7d74008/Apps/advisor-crm/venv/lib/python3.13/site-packages/django/template/base.py", line 516, in parse
    compiled_result = compile_func(self, token)
  File "/mnt/aaa22500-1d14-4161-b361-89d4e7d74008/Apps/advisor-crm/venv/lib/python3.13/site-packages/django/template/loader_tags.py", line 299, in do_extends
    nodelist = parser.parse()
  File "/mnt/aaa22500-1d14-4161-b361-89d4e7d74008/Apps/advisor-crm/venv/lib/python3.13/site-packages/django/template/base.py", line 512, in parse
    self.invalid_block_tag(token, command, parse_until)
    ~~~~~~~~~~~~~~~~~~~~~~^^^^^^^^^^^^^^^^^^^^^^^^^^^^^
  File "/mnt/aaa22500-1d14-4161-b361-89d4e7d74008/Apps/advisor-crm/venv/lib/python3.13/site-packages/django/template/base.py", line 577, in invalid_block_tag
    raise self.error(
    ...<3 lines>...
    )
django.template.exceptions.TemplateSyntaxError: Invalid block tag on line 10: 'endblock'. Did you forget to register or load this tag?
Watching for file changes with StatReloader
/mnt/aaa22500-1d14-4161-b361-89d4e7d74008/Apps/advisor-crm/advisor_crm/crm/views.py changed, reloading.
Watching for file changes with StatReloader
/mnt/aaa22500-1d14-4161-b361-89d4e7d74008/Apps/advisor-crm/advisor_crm/crm/views.py changed, reloading.
Watching for file changes with StatReloader
/mnt/aaa22500-1d14-4161-b361-89d4e7d74008/Apps/advisor-crm/advisor_crm/crm/views.py changed, reloading.
Watching for file changes with StatReloader
/mnt/aaa22500-1d14-4161-b361-89d4e7d74008/Apps/advisor-crm/advisor_crm/crm/urls.py changed, reloading.
Watching for file changes with StatReloader
/mnt/aaa22500-1d14-4161-b361-89d4e7d74008/Apps/advisor-crm/advisor_crm/crm/models.py changed, reloading.
Watching for file changes with StatReloader
Watching for file changes with StatReloader
Watching for file changes with StatReloader
/mnt/aaa22500-1d14-4161-b361-89d4e7d74008/Apps/advisor-crm/advisor_crm/crm/forms.py changed, reloading.
Watching for file changes with StatReloader
/mnt/aaa22500-1d14-4161-b361-89d4e7d74008/Apps/advisor-crm/advisor_crm/crm/models.py changed, reloading.
Watching for file changes with StatReloader
/mnt/aaa22500-1d14-4161-b361-89d4e7d74008/Apps/advisor-crm/advisor_crm/crm/templatetags/custom_filters.py changed, reloading.
Watching for file changes with StatReloader
Watching for file changes with StatReloader
Internal Server Error: /dashboard/
Traceback (most recent call last):
  File "/mnt/aaa22500-1d14-4161-b361-89d4e7d74008/Apps/advisor-crm/venv/lib/python3.13/site-packages/django/core/handlers/exception.py", line 55, in inner
    response = get_response(request)
  File "/mnt/aaa22500-1d14-4161-b361-89d4e7d74008/Apps/advisor-crm/venv/lib/python3.13/site-packages/django/core/handlers/base.py", line 197, in _get_response
    response = wrapped_callback(request, *callback_args, **callback_kwargs)
  File "/mnt/aaa22500-1d14-4161-b361-89d4e7d74008/Apps/advisor-crm/venv/lib/python3.13/site-packages/django/contrib/auth/decorators.py", line 59, in _view_wrapper
    return view_func(request, *args, **kwargs)
  File "/mnt/aaa22500-1d14-4161-b361-89d4e7d74008/Apps/advisor-crm/advisor_crm/crm/views.py", line 93, in dashboard
    return render(request, 'crm/dashboard.html', context)
  File "/mnt/aaa22500-1d14-4161-b361-89d4e7d74008/Apps/advisor-crm/venv/lib/python3.13/site-packages/django/shortcuts.py", line 25, in render
    content = loader.render_to_string(template_name, context, request, using=using)
  File "/mnt/aaa22500-1d14-4161-b361-89d4e7d74008/Apps/advisor-crm/venv/lib/python3.13/site-packages/django/template/loader.py", line 62, in render_to_string
    return template.render(context, request)
           ~~~~~~~~~~~~~~~^^^^^^^^^^^^^^^^^^
  File "/mnt/aaa22500-1d14-4161-b361-89d4e7d74008/Apps/advisor-crm/venv/lib/python3.13/site-packages/django/template/backends/django.py", line 107, in render
    return self.template.render(context)
           ~~~~~~~~~~~~~~~~~~~~^^^^^^^^^
  File "/mnt/aaa22500-1d14-4161-b361-89d4e7d74008/Apps/advisor-crm/venv/lib/python3.13/site-packages/django/template/base.py", line 171, in render
    return self._render(context)
           ~~~~~~~~~~~~^^^^^^^^^
  File "/mnt/aaa22500-1d14-4161-b361-89d4e7d74008/Apps/advisor-crm/venv/lib/python3.13/site-packages/django/template/base.py", line 163, in _render
    return self.nodelist.render(context)
           ~~~~~~~~~~~~~~~~~~~~^^^^^^^^^
  File "/mnt/aaa22500-1d14-4161-b361-89d4e7d74008/Apps/advisor-crm/venv/lib/python3.13/site-packages/django/template/base.py", line 1016, in render
    return SafeString("".join([node.render_annotated(context) for node in self]))
                               ~~~~~~~~~~~~~~~~~~~~~^^^^^^^^^
  File "/mnt/aaa22500-1d14-4161-b361-89d4e7d74008/Apps/advisor-crm/venv/lib/python3.13/site-packages/django/template/base.py", line 977, in render_annotated
    return self.render(context)
           ~~~~~~~~~~~^^^^^^^^^
  File "/mnt/aaa22500-1d14-4161-b361-89d4e7d74008/Apps/advisor-crm/venv/lib/python3.13/site-packages/django/template/loader_tags.py", line 134, in render
    compiled_parent = self.get_parent(context)
  File "/mnt/aaa22500-1d14-4161-b361-89d4e7d74008/Apps/advisor-crm/venv/lib/python3.13/site-packages/django/template/loader_tags.py", line 131, in get_parent
    return self.find_template(parent, context)
           ~~~~~~~~~~~~~~~~~~^^^^^^^^^^^^^^^^^
  File "/mnt/aaa22500-1d14-4161-b361-89d4e7d74008/Apps/advisor-crm/venv/lib/python3.13/site-packages/django/template/loader_tags.py", line 109, in find_template
    template, origin = context.template.engine.find_template(
                       ~~~~~~~~~~~~~~~~~~~~~~~~~~~~~~~~~~~~~^
        template_name,
        ^^^^^^^^^^^^^^
        skip=history,
        ^^^^^^^^^^^^^
    )
    ^
  File "/mnt/aaa22500-1d14-4161-b361-89d4e7d74008/Apps/advisor-crm/venv/lib/python3.13/site-packages/django/template/engine.py", line 159, in find_template
    template = loader.get_template(name, skip=skip)
  File "/mnt/aaa22500-1d14-4161-b361-89d4e7d74008/Apps/advisor-crm/venv/lib/python3.13/site-packages/django/template/loaders/cached.py", line 57, in get_template
    template = super().get_template(template_name, skip)
  File "/mnt/aaa22500-1d14-4161-b361-89d4e7d74008/Apps/advisor-crm/venv/lib/python3.13/site-packages/django/template/loaders/base.py", line 28, in get_template
    return Template(
        contents,
    ...<2 lines>...
        self.engine,
    )
  File "/mnt/aaa22500-1d14-4161-b361-89d4e7d74008/Apps/advisor-crm/venv/lib/python3.13/site-packages/django/template/base.py", line 154, in __init__
    self.nodelist = self.compile_nodelist()
                    ~~~~~~~~~~~~~~~~~~~~~^^
  File "/mnt/aaa22500-1d14-4161-b361-89d4e7d74008/Apps/advisor-crm/venv/lib/python3.13/site-packages/django/template/base.py", line 196, in compile_nodelist
    nodelist = parser.parse()
  File "/mnt/aaa22500-1d14-4161-b361-89d4e7d74008/Apps/advisor-crm/venv/lib/python3.13/site-packages/django/template/base.py", line 518, in parse
    raise self.error(token, e)
  File "/mnt/aaa22500-1d14-4161-b361-89d4e7d74008/Apps/advisor-crm/venv/lib/python3.13/site-packages/django/template/base.py", line 516, in parse
    compiled_result = compile_func(self, token)
  File "/mnt/aaa22500-1d14-4161-b361-89d4e7d74008/Apps/advisor-crm/venv/lib/python3.13/site-packages/django/template/defaulttags.py", line 962, in do_if
    nodelist = parser.parse(("elif", "else", "endif"))
  File "/mnt/aaa22500-1d14-4161-b361-89d4e7d74008/Apps/advisor-crm/venv/lib/python3.13/site-packages/django/template/base.py", line 518, in parse
    raise self.error(token, e)
  File "/mnt/aaa22500-1d14-4161-b361-89d4e7d74008/Apps/advisor-crm/venv/lib/python3.13/site-packages/django/template/base.py", line 516, in parse
    compiled_result = compile_func(self, token)
  File "/mnt/aaa22500-1d14-4161-b361-89d4e7d74008/Apps/advisor-crm/venv/lib/python3.13/site-packages/django/template/loader_tags.py", line 234, in do_block
    nodelist = parser.parse(("endblock",))
  File "/mnt/aaa22500-1d14-4161-b361-89d4e7d74008/Apps/advisor-crm/venv/lib/python3.13/site-packages/django/template/base.py", line 489, in parse
    raise self.error(token, e)
  File "/mnt/aaa22500-1d14-4161-b361-89d4e7d74008/Apps/advisor-crm/venv/lib/python3.13/site-packages/django/template/base.py", line 487, in parse
    filter_expression = self.compile_filter(token.contents)
  File "/mnt/aaa22500-1d14-4161-b361-89d4e7d74008/Apps/advisor-crm/venv/lib/python3.13/site-packages/django/template/base.py", line 609, in compile_filter
    return FilterExpression(token, self)
  File "/mnt/aaa22500-1d14-4161-b361-89d4e7d74008/Apps/advisor-crm/venv/lib/python3.13/site-packages/django/template/base.py", line 705, in __init__
    filter_func = parser.find_filter(filter_name)
  File "/mnt/aaa22500-1d14-4161-b361-89d4e7d74008/Apps/advisor-crm/venv/lib/python3.13/site-packages/django/template/base.py", line 615, in find_filter
    raise TemplateSyntaxError("Invalid filter: '%s'" % filter_name)
django.template.exceptions.TemplateSyntaxError: Invalid filter: 'format_name'
Internal Server Error: /dashboard/
Traceback (most recent call last):
  File "/mnt/aaa22500-1d14-4161-b361-89d4e7d74008/Apps/advisor-crm/venv/lib/python3.13/site-packages/django/core/handlers/exception.py", line 55, in inner
    response = get_response(request)
  File "/mnt/aaa22500-1d14-4161-b361-89d4e7d74008/Apps/advisor-crm/venv/lib/python3.13/site-packages/django/core/handlers/base.py", line 197, in _get_response
    response = wrapped_callback(request, *callback_args, **callback_kwargs)
  File "/mnt/aaa22500-1d14-4161-b361-89d4e7d74008/Apps/advisor-crm/venv/lib/python3.13/site-packages/django/contrib/auth/decorators.py", line 59, in _view_wrapper
    return view_func(request, *args, **kwargs)
  File "/mnt/aaa22500-1d14-4161-b361-89d4e7d74008/Apps/advisor-crm/advisor_crm/crm/views.py", line 93, in dashboard
    return render(request, 'crm/dashboard.html', context)
  File "/mnt/aaa22500-1d14-4161-b361-89d4e7d74008/Apps/advisor-crm/venv/lib/python3.13/site-packages/django/shortcuts.py", line 25, in render
    content = loader.render_to_string(template_name, context, request, using=using)
  File "/mnt/aaa22500-1d14-4161-b361-89d4e7d74008/Apps/advisor-crm/venv/lib/python3.13/site-packages/django/template/loader.py", line 62, in render_to_string
    return template.render(context, request)
           ~~~~~~~~~~~~~~~^^^^^^^^^^^^^^^^^^
  File "/mnt/aaa22500-1d14-4161-b361-89d4e7d74008/Apps/advisor-crm/venv/lib/python3.13/site-packages/django/template/backends/django.py", line 107, in render
    return self.template.render(context)
           ~~~~~~~~~~~~~~~~~~~~^^^^^^^^^
  File "/mnt/aaa22500-1d14-4161-b361-89d4e7d74008/Apps/advisor-crm/venv/lib/python3.13/site-packages/django/template/base.py", line 171, in render
    return self._render(context)
           ~~~~~~~~~~~~^^^^^^^^^
  File "/mnt/aaa22500-1d14-4161-b361-89d4e7d74008/Apps/advisor-crm/venv/lib/python3.13/site-packages/django/template/base.py", line 163, in _render
    return self.nodelist.render(context)
           ~~~~~~~~~~~~~~~~~~~~^^^^^^^^^
  File "/mnt/aaa22500-1d14-4161-b361-89d4e7d74008/Apps/advisor-crm/venv/lib/python3.13/site-packages/django/template/base.py", line 1016, in render
    return SafeString("".join([node.render_annotated(context) for node in self]))
                               ~~~~~~~~~~~~~~~~~~~~~^^^^^^^^^
  File "/mnt/aaa22500-1d14-4161-b361-89d4e7d74008/Apps/advisor-crm/venv/lib/python3.13/site-packages/django/template/base.py", line 977, in render_annotated
    return self.render(context)
           ~~~~~~~~~~~^^^^^^^^^
  File "/mnt/aaa22500-1d14-4161-b361-89d4e7d74008/Apps/advisor-crm/venv/lib/python3.13/site-packages/django/template/loader_tags.py", line 134, in render
    compiled_parent = self.get_parent(context)
  File "/mnt/aaa22500-1d14-4161-b361-89d4e7d74008/Apps/advisor-crm/venv/lib/python3.13/site-packages/django/template/loader_tags.py", line 131, in get_parent
    return self.find_template(parent, context)
           ~~~~~~~~~~~~~~~~~~^^^^^^^^^^^^^^^^^
  File "/mnt/aaa22500-1d14-4161-b361-89d4e7d74008/Apps/advisor-crm/venv/lib/python3.13/site-packages/django/template/loader_tags.py", line 109, in find_template
    template, origin = context.template.engine.find_template(
                       ~~~~~~~~~~~~~~~~~~~~~~~~~~~~~~~~~~~~~^
        template_name,
        ^^^^^^^^^^^^^^
        skip=history,
        ^^^^^^^^^^^^^
    )
    ^
  File "/mnt/aaa22500-1d14-4161-b361-89d4e7d74008/Apps/advisor-crm/venv/lib/python3.13/site-packages/django/template/engine.py", line 159, in find_template
    template = loader.get_template(name, skip=skip)
  File "/mnt/aaa22500-1d14-4161-b361-89d4e7d74008/Apps/advisor-crm/venv/lib/python3.13/site-packages/django/template/loaders/cached.py", line 57, in get_template
    template = super().get_template(template_name, skip)
  File "/mnt/aaa22500-1d14-4161-b361-89d4e7d74008/Apps/advisor-crm/venv/lib/python3.13/site-packages/django/template/loaders/base.py", line 28, in get_template
    return Template(
        contents,
    ...<2 lines>...
        self.engine,
    )
  File "/mnt/aaa22500-1d14-4161-b361-89d4e7d74008/Apps/advisor-crm/venv/lib/python3.13/site-packages/django/template/base.py", line 154, in __init__
    self.nodelist = self.compile_nodelist()
                    ~~~~~~~~~~~~~~~~~~~~~^^
  File "/mnt/aaa22500-1d14-4161-b361-89d4e7d74008/Apps/advisor-crm/venv/lib/python3.13/site-packages/django/template/base.py", line 196, in compile_nodelist
    nodelist = parser.parse()
  File "/mnt/aaa22500-1d14-4161-b361-89d4e7d74008/Apps/advisor-crm/venv/lib/python3.13/site-packages/django/template/base.py", line 518, in parse
    raise self.error(token, e)
  File "/mnt/aaa22500-1d14-4161-b361-89d4e7d74008/Apps/advisor-crm/venv/lib/python3.13/site-packages/django/template/base.py", line 516, in parse
    compiled_result = compile_func(self, token)
  File "/mnt/aaa22500-1d14-4161-b361-89d4e7d74008/Apps/advisor-crm/venv/lib/python3.13/site-packages/django/template/defaulttags.py", line 962, in do_if
    nodelist = parser.parse(("elif", "else", "endif"))
  File "/mnt/aaa22500-1d14-4161-b361-89d4e7d74008/Apps/advisor-crm/venv/lib/python3.13/site-packages/django/template/base.py", line 518, in parse
    raise self.error(token, e)
  File "/mnt/aaa22500-1d14-4161-b361-89d4e7d74008/Apps/advisor-crm/venv/lib/python3.13/site-packages/django/template/base.py", line 516, in parse
    compiled_result = compile_func(self, token)
  File "/mnt/aaa22500-1d14-4161-b361-89d4e7d74008/Apps/advisor-crm/venv/lib/python3.13/site-packages/django/template/loader_tags.py", line 234, in do_block
    nodelist = parser.parse(("endblock",))
  File "/mnt/aaa22500-1d14-4161-b361-89d4e7d74008/Apps/advisor-crm/venv/lib/python3.13/site-packages/django/template/base.py", line 489, in parse
    raise self.error(token, e)
  File "/mnt/aaa22500-1d14-4161-b361-89d4e7d74008/Apps/advisor-crm/venv/lib/python3.13/site-packages/django/template/base.py", line 487, in parse
    filter_expression = self.compile_filter(token.contents)
  File "/mnt/aaa22500-1d14-4161-b361-89d4e7d74008/Apps/advisor-crm/venv/lib/python3.13/site-packages/django/template/base.py", line 609, in compile_filter
    return FilterExpression(token, self)
  File "/mnt/aaa22500-1d14-4161-b361-89d4e7d74008/Apps/advisor-crm/venv/lib/python3.13/site-packages/django/template/base.py", line 705, in __init__
    filter_func = parser.find_filter(filter_name)
  File "/mnt/aaa22500-1d14-4161-b361-89d4e7d74008/Apps/advisor-crm/venv/lib/python3.13/site-packages/django/template/base.py", line 615, in find_filter
    raise TemplateSyntaxError("Invalid filter: '%s'" % filter_name)
django.template.exceptions.TemplateSyntaxError: Invalid filter: 'format_name'
Internal Server Error: /login/
Traceback (most recent call last):
  File "/mnt/aaa22500-1d14-4161-b361-89d4e7d74008/Apps/advisor-crm/venv/lib/python3.13/site-packages/django/core/handlers/exception.py", line 55, in inner
    response = get_response(request)
  File "/mnt/aaa22500-1d14-4161-b361-89d4e7d74008/Apps/advisor-crm/venv/lib/python3.13/site-packages/django/core/handlers/base.py", line 220, in _get_response
    response = response.render()
  File "/mnt/aaa22500-1d14-4161-b361-89d4e7d74008/Apps/advisor-crm/venv/lib/python3.13/site-packages/django/template/response.py", line 114, in render
    self.content = self.rendered_content
                   ^^^^^^^^^^^^^^^^^^^^^
  File "/mnt/aaa22500-1d14-4161-b361-89d4e7d74008/Apps/advisor-crm/venv/lib/python3.13/site-packages/django/template/response.py", line 92, in rendered_content
    return template.render(context, self._request)
           ~~~~~~~~~~~~~~~^^^^^^^^^^^^^^^^^^^^^^^^
  File "/mnt/aaa22500-1d14-4161-b361-89d4e7d74008/Apps/advisor-crm/venv/lib/python3.13/site-packages/django/template/backends/django.py", line 107, in render
    return self.template.render(context)
           ~~~~~~~~~~~~~~~~~~~~^^^^^^^^^
  File "/mnt/aaa22500-1d14-4161-b361-89d4e7d74008/Apps/advisor-crm/venv/lib/python3.13/site-packages/django/template/base.py", line 171, in render
    return self._render(context)
           ~~~~~~~~~~~~^^^^^^^^^
  File "/mnt/aaa22500-1d14-4161-b361-89d4e7d74008/Apps/advisor-crm/venv/lib/python3.13/site-packages/django/template/base.py", line 163, in _render
    return self.nodelist.render(context)
           ~~~~~~~~~~~~~~~~~~~~^^^^^^^^^
  File "/mnt/aaa22500-1d14-4161-b361-89d4e7d74008/Apps/advisor-crm/venv/lib/python3.13/site-packages/django/template/base.py", line 1016, in render
    return SafeString("".join([node.render_annotated(context) for node in self]))
                               ~~~~~~~~~~~~~~~~~~~~~^^^^^^^^^
  File "/mnt/aaa22500-1d14-4161-b361-89d4e7d74008/Apps/advisor-crm/venv/lib/python3.13/site-packages/django/template/base.py", line 977, in render_annotated
    return self.render(context)
           ~~~~~~~~~~~^^^^^^^^^
  File "/mnt/aaa22500-1d14-4161-b361-89d4e7d74008/Apps/advisor-crm/venv/lib/python3.13/site-packages/django/template/loader_tags.py", line 134, in render
    compiled_parent = self.get_parent(context)
  File "/mnt/aaa22500-1d14-4161-b361-89d4e7d74008/Apps/advisor-crm/venv/lib/python3.13/site-packages/django/template/loader_tags.py", line 131, in get_parent
    return self.find_template(parent, context)
           ~~~~~~~~~~~~~~~~~~^^^^^^^^^^^^^^^^^
  File "/mnt/aaa22500-1d14-4161-b361-89d4e7d74008/Apps/advisor-crm/venv/lib/python3.13/site-packages/django/template/loader_tags.py", line 109, in find_template
    template, origin = context.template.engine.find_template(
                       ~~~~~~~~~~~~~~~~~~~~~~~~~~~~~~~~~~~~~^
        template_name,
        ^^^^^^^^^^^^^^
        skip=history,
        ^^^^^^^^^^^^^
    )
    ^
  File "/mnt/aaa22500-1d14-4161-b361-89d4e7d74008/Apps/advisor-crm/venv/lib/python3.13/site-packages/django/template/engine.py", line 159, in find_template
    template = loader.get_template(name, skip=skip)
  File "/mnt/aaa22500-1d14-4161-b361-89d4e7d74008/Apps/advisor-crm/venv/lib/python3.13/site-packages/django/template/loaders/cached.py", line 57, in get_template
    template = super().get_template(template_name, skip)
  File "/mnt/aaa22500-1d14-4161-b361-89d4e7d74008/Apps/advisor-crm/venv/lib/python3.13/site-packages/django/template/loaders/base.py", line 28, in get_template
    return Template(
        contents,
    ...<2 lines>...
        self.engine,
    )
  File "/mnt/aaa22500-1d14-4161-b361-89d4e7d74008/Apps/advisor-crm/venv/lib/python3.13/site-packages/django/template/base.py", line 154, in __init__
    self.nodelist = self.compile_nodelist()
                    ~~~~~~~~~~~~~~~~~~~~~^^
  File "/mnt/aaa22500-1d14-4161-b361-89d4e7d74008/Apps/advisor-crm/venv/lib/python3.13/site-packages/django/template/base.py", line 196, in compile_nodelist
    nodelist = parser.parse()
  File "/mnt/aaa22500-1d14-4161-b361-89d4e7d74008/Apps/advisor-crm/venv/lib/python3.13/site-packages/django/template/base.py", line 518, in parse
    raise self.error(token, e)
  File "/mnt/aaa22500-1d14-4161-b361-89d4e7d74008/Apps/advisor-crm/venv/lib/python3.13/site-packages/django/template/base.py", line 516, in parse
    compiled_result = compile_func(self, token)
  File "/mnt/aaa22500-1d14-4161-b361-89d4e7d74008/Apps/advisor-crm/venv/lib/python3.13/site-packages/django/template/defaulttags.py", line 962, in do_if
    nodelist = parser.parse(("elif", "else", "endif"))
  File "/mnt/aaa22500-1d14-4161-b361-89d4e7d74008/Apps/advisor-crm/venv/lib/python3.13/site-packages/django/template/base.py", line 518, in parse
    raise self.error(token, e)
  File "/mnt/aaa22500-1d14-4161-b361-89d4e7d74008/Apps/advisor-crm/venv/lib/python3.13/site-packages/django/template/base.py", line 516, in parse
    compiled_result = compile_func(self, token)
  File "/mnt/aaa22500-1d14-4161-b361-89d4e7d74008/Apps/advisor-crm/venv/lib/python3.13/site-packages/django/template/loader_tags.py", line 234, in do_block
    nodelist = parser.parse(("endblock",))
  File "/mnt/aaa22500-1d14-4161-b361-89d4e7d74008/Apps/advisor-crm/venv/lib/python3.13/site-packages/django/template/base.py", line 489, in parse
    raise self.error(token, e)
  File "/mnt/aaa22500-1d14-4161-b361-89d4e7d74008/Apps/advisor-crm/venv/lib/python3.13/site-packages/django/template/base.py", line 487, in parse
    filter_expression = self.compile_filter(token.contents)
  File "/mnt/aaa22500-1d14-4161-b361-89d4e7d74008/Apps/advisor-crm/venv/lib/python3.13/site-packages/django/template/base.py", line 609, in compile_filter
    return FilterExpression(token, self)
  File "/mnt/aaa22500-1d14-4161-b361-89d4e7d74008/Apps/advisor-crm/venv/lib/python3.13/site-packages/django/template/base.py", line 705, in __init__
    filter_func = parser.find_filter(filter_name)
  File "/mnt/aaa22500-1d14-4161-b361-89d4e7d74008/Apps/advisor-crm/venv/lib/python3.13/site-packages/django/template/base.py", line 615, in find_filter
    raise TemplateSyntaxError("Invalid filter: '%s'" % filter_name)
django.template.exceptions.TemplateSyntaxError: Invalid filter: 'format_name'
Internal Server Error: /customers/
Traceback (most recent call last):
  File "/mnt/aaa22500-1d14-4161-b361-89d4e7d74008/Apps/advisor-crm/venv/lib/python3.13/site-packages/django/core/handlers/exception.py", line 55, in inner
    response = get_response(request)
  File "/mnt/aaa22500-1d14-4161-b361-89d4e7d74008/Apps/advisor-crm/venv/lib/python3.13/site-packages/django/core/handlers/base.py", line 220, in _get_response
    response = response.render()
  File "/mnt/aaa22500-1d14-4161-b361-89d4e7d74008/Apps/advisor-crm/venv/lib/python3.13/site-packages/django/template/response.py", line 114, in render
    self.content = self.rendered_content
                   ^^^^^^^^^^^^^^^^^^^^^
  File "/mnt/aaa22500-1d14-4161-b361-89d4e7d74008/Apps/advisor-crm/venv/lib/python3.13/site-packages/django/template/response.py", line 92, in rendered_content
    return template.render(context, self._request)
           ~~~~~~~~~~~~~~~^^^^^^^^^^^^^^^^^^^^^^^^
  File "/mnt/aaa22500-1d14-4161-b361-89d4e7d74008/Apps/advisor-crm/venv/lib/python3.13/site-packages/django/template/backends/django.py", line 107, in render
    return self.template.render(context)
           ~~~~~~~~~~~~~~~~~~~~^^^^^^^^^
  File "/mnt/aaa22500-1d14-4161-b361-89d4e7d74008/Apps/advisor-crm/venv/lib/python3.13/site-packages/django/template/base.py", line 171, in render
    return self._render(context)
           ~~~~~~~~~~~~^^^^^^^^^
  File "/mnt/aaa22500-1d14-4161-b361-89d4e7d74008/Apps/advisor-crm/venv/lib/python3.13/site-packages/django/template/base.py", line 163, in _render
    return self.nodelist.render(context)
           ~~~~~~~~~~~~~~~~~~~~^^^^^^^^^
  File "/mnt/aaa22500-1d14-4161-b361-89d4e7d74008/Apps/advisor-crm/venv/lib/python3.13/site-packages/django/template/base.py", line 1016, in render
    return SafeString("".join([node.render_annotated(context) for node in self]))
                               ~~~~~~~~~~~~~~~~~~~~~^^^^^^^^^
  File "/mnt/aaa22500-1d14-4161-b361-89d4e7d74008/Apps/advisor-crm/venv/lib/python3.13/site-packages/django/template/base.py", line 977, in render_annotated
    return self.render(context)
           ~~~~~~~~~~~^^^^^^^^^
  File "/mnt/aaa22500-1d14-4161-b361-89d4e7d74008/Apps/advisor-crm/venv/lib/python3.13/site-packages/django/template/loader_tags.py", line 134, in render
    compiled_parent = self.get_parent(context)
  File "/mnt/aaa22500-1d14-4161-b361-89d4e7d74008/Apps/advisor-crm/venv/lib/python3.13/site-packages/django/template/loader_tags.py", line 131, in get_parent
    return self.find_template(parent, context)
           ~~~~~~~~~~~~~~~~~~^^^^^^^^^^^^^^^^^
  File "/mnt/aaa22500-1d14-4161-b361-89d4e7d74008/Apps/advisor-crm/venv/lib/python3.13/site-packages/django/template/loader_tags.py", line 109, in find_template
    template, origin = context.template.engine.find_template(
                       ~~~~~~~~~~~~~~~~~~~~~~~~~~~~~~~~~~~~~^
        template_name,
        ^^^^^^^^^^^^^^
        skip=history,
        ^^^^^^^^^^^^^
    )
    ^
  File "/mnt/aaa22500-1d14-4161-b361-89d4e7d74008/Apps/advisor-crm/venv/lib/python3.13/site-packages/django/template/engine.py", line 159, in find_template
    template = loader.get_template(name, skip=skip)
  File "/mnt/aaa22500-1d14-4161-b361-89d4e7d74008/Apps/advisor-crm/venv/lib/python3.13/site-packages/django/template/loaders/cached.py", line 57, in get_template
    template = super().get_template(template_name, skip)
  File "/mnt/aaa22500-1d14-4161-b361-89d4e7d74008/Apps/advisor-crm/venv/lib/python3.13/site-packages/django/template/loaders/base.py", line 28, in get_template
    return Template(
        contents,
    ...<2 lines>...
        self.engine,
    )
  File "/mnt/aaa22500-1d14-4161-b361-89d4e7d74008/Apps/advisor-crm/venv/lib/python3.13/site-packages/django/template/base.py", line 154, in __init__
    self.nodelist = self.compile_nodelist()
                    ~~~~~~~~~~~~~~~~~~~~~^^
  File "/mnt/aaa22500-1d14-4161-b361-89d4e7d74008/Apps/advisor-crm/venv/lib/python3.13/site-packages/django/template/base.py", line 196, in compile_nodelist
    nodelist = parser.parse()
  File "/mnt/aaa22500-1d14-4161-b361-89d4e7d74008/Apps/advisor-crm/venv/lib/python3.13/site-packages/django/template/base.py", line 518, in parse
    raise self.error(token, e)
  File "/mnt/aaa22500-1d14-4161-b361-89d4e7d74008/Apps/advisor-crm/venv/lib/python3.13/site-packages/django/template/base.py", line 516, in parse
    compiled_result = compile_func(self, token)
  File "/mnt/aaa22500-1d14-4161-b361-89d4e7d74008/Apps/advisor-crm/venv/lib/python3.13/site-packages/django/template/defaulttags.py", line 962, in do_if
    nodelist = parser.parse(("elif", "else", "endif"))
  File "/mnt/aaa22500-1d14-4161-b361-89d4e7d74008/Apps/advisor-crm/venv/lib/python3.13/site-packages/django/template/base.py", line 518, in parse
    raise self.error(token, e)
  File "/mnt/aaa22500-1d14-4161-b361-89d4e7d74008/Apps/advisor-crm/venv/lib/python3.13/site-packages/django/template/base.py", line 516, in parse
    compiled_result = compile_func(self, token)
  File "/mnt/aaa22500-1d14-4161-b361-89d4e7d74008/Apps/advisor-crm/venv/lib/python3.13/site-packages/django/template/loader_tags.py", line 234, in do_block
    nodelist = parser.parse(("endblock",))
  File "/mnt/aaa22500-1d14-4161-b361-89d4e7d74008/Apps/advisor-crm/venv/lib/python3.13/site-packages/django/template/base.py", line 489, in parse
    raise self.error(token, e)
  File "/mnt/aaa22500-1d14-4161-b361-89d4e7d74008/Apps/advisor-crm/venv/lib/python3.13/site-packages/django/template/base.py", line 487, in parse
    filter_expression = self.compile_filter(token.contents)
  File "/mnt/aaa22500-1d14-4161-b361-89d4e7d74008/Apps/advisor-crm/venv/lib/python3.13/site-packages/django/template/base.py", line 609, in compile_filter
    return FilterExpression(token, self)
  File "/mnt/aaa22500-1d14-4161-b361-89d4e7d74008/Apps/advisor-crm/venv/lib/python3.13/site-packages/django/template/base.py", line 705, in __init__
    filter_func = parser.find_filter(filter_name)
  File "/mnt/aaa22500-1d14-4161-b361-89d4e7d74008/Apps/advisor-crm/venv/lib/python3.13/site-packages/django/template/base.py", line 615, in find_filter
    raise TemplateSyntaxError("Invalid filter: '%s'" % filter_name)
django.template.exceptions.TemplateSyntaxError: Invalid filter: 'format_name'
Internal Server Error: /customers/
Traceback (most recent call last):
  File "/mnt/aaa22500-1d14-4161-b361-89d4e7d74008/Apps/advisor-crm/venv/lib/python3.13/site-packages/django/core/handlers/exception.py", line 55, in inner
    response = get_response(request)
  File "/mnt/aaa22500-1d14-4161-b361-89d4e7d74008/Apps/advisor-crm/venv/lib/python3.13/site-packages/django/core/handlers/base.py", line 220, in _get_response
    response = response.render()
  File "/mnt/aaa22500-1d14-4161-b361-89d4e7d74008/Apps/advisor-crm/venv/lib/python3.13/site-packages/django/template/response.py", line 114, in render
    self.content = self.rendered_content
                   ^^^^^^^^^^^^^^^^^^^^^
  File "/mnt/aaa22500-1d14-4161-b361-89d4e7d74008/Apps/advisor-crm/venv/lib/python3.13/site-packages/django/template/response.py", line 92, in rendered_content
    return template.render(context, self._request)
           ~~~~~~~~~~~~~~~^^^^^^^^^^^^^^^^^^^^^^^^
  File "/mnt/aaa22500-1d14-4161-b361-89d4e7d74008/Apps/advisor-crm/venv/lib/python3.13/site-packages/django/template/backends/django.py", line 107, in render
    return self.template.render(context)
           ~~~~~~~~~~~~~~~~~~~~^^^^^^^^^
  File "/mnt/aaa22500-1d14-4161-b361-89d4e7d74008/Apps/advisor-crm/venv/lib/python3.13/site-packages/django/template/base.py", line 171, in render
    return self._render(context)
           ~~~~~~~~~~~~^^^^^^^^^
  File "/mnt/aaa22500-1d14-4161-b361-89d4e7d74008/Apps/advisor-crm/venv/lib/python3.13/site-packages/django/template/base.py", line 163, in _render
    return self.nodelist.render(context)
           ~~~~~~~~~~~~~~~~~~~~^^^^^^^^^
  File "/mnt/aaa22500-1d14-4161-b361-89d4e7d74008/Apps/advisor-crm/venv/lib/python3.13/site-packages/django/template/base.py", line 1016, in render
    return SafeString("".join([node.render_annotated(context) for node in self]))
                               ~~~~~~~~~~~~~~~~~~~~~^^^^^^^^^
  File "/mnt/aaa22500-1d14-4161-b361-89d4e7d74008/Apps/advisor-crm/venv/lib/python3.13/site-packages/django/template/base.py", line 977, in render_annotated
    return self.render(context)
           ~~~~~~~~~~~^^^^^^^^^
  File "/mnt/aaa22500-1d14-4161-b361-89d4e7d74008/Apps/advisor-crm/venv/lib/python3.13/site-packages/django/template/loader_tags.py", line 134, in render
    compiled_parent = self.get_parent(context)
  File "/mnt/aaa22500-1d14-4161-b361-89d4e7d74008/Apps/advisor-crm/venv/lib/python3.13/site-packages/django/template/loader_tags.py", line 131, in get_parent
    return self.find_template(parent, context)
           ~~~~~~~~~~~~~~~~~~^^^^^^^^^^^^^^^^^
  File "/mnt/aaa22500-1d14-4161-b361-89d4e7d74008/Apps/advisor-crm/venv/lib/python3.13/site-packages/django/template/loader_tags.py", line 109, in find_template
    template, origin = context.template.engine.find_template(
                       ~~~~~~~~~~~~~~~~~~~~~~~~~~~~~~~~~~~~~^
        template_name,
        ^^^^^^^^^^^^^^
        skip=history,
        ^^^^^^^^^^^^^
    )
    ^
  File "/mnt/aaa22500-1d14-4161-b361-89d4e7d74008/Apps/advisor-crm/venv/lib/python3.13/site-packages/django/template/engine.py", line 159, in find_template
    template = loader.get_template(name, skip=skip)
  File "/mnt/aaa22500-1d14-4161-b361-89d4e7d74008/Apps/advisor-crm/venv/lib/python3.13/site-packages/django/template/loaders/cached.py", line 57, in get_template
    template = super().get_template(template_name, skip)
  File "/mnt/aaa22500-1d14-4161-b361-89d4e7d74008/Apps/advisor-crm/venv/lib/python3.13/site-packages/django/template/loaders/base.py", line 28, in get_template
    return Template(
        contents,
    ...<2 lines>...
        self.engine,
    )
  File "/mnt/aaa22500-1d14-4161-b361-89d4e7d74008/Apps/advisor-crm/venv/lib/python3.13/site-packages/django/template/base.py", line 154, in __init__
    self.nodelist = self.compile_nodelist()
                    ~~~~~~~~~~~~~~~~~~~~~^^
  File "/mnt/aaa22500-1d14-4161-b361-89d4e7d74008/Apps/advisor-crm/venv/lib/python3.13/site-packages/django/template/base.py", line 196, in compile_nodelist
    nodelist = parser.parse()
  File "/mnt/aaa22500-1d14-4161-b361-89d4e7d74008/Apps/advisor-crm/venv/lib/python3.13/site-packages/django/template/base.py", line 518, in parse
    raise self.error(token, e)
  File "/mnt/aaa22500-1d14-4161-b361-89d4e7d74008/Apps/advisor-crm/venv/lib/python3.13/site-packages/django/template/base.py", line 516, in parse
    compiled_result = compile_func(self, token)
  File "/mnt/aaa22500-1d14-4161-b361-89d4e7d74008/Apps/advisor-crm/venv/lib/python3.13/site-packages/django/template/defaulttags.py", line 962, in do_if
    nodelist = parser.parse(("elif", "else", "endif"))
  File "/mnt/aaa22500-1d14-4161-b361-89d4e7d74008/Apps/advisor-crm/venv/lib/python3.13/site-packages/django/template/base.py", line 518, in parse
    raise self.error(token, e)
  File "/mnt/aaa22500-1d14-4161-b361-89d4e7d74008/Apps/advisor-crm/venv/lib/python3.13/site-packages/django/template/base.py", line 516, in parse
    compiled_result = compile_func(self, token)
  File "/mnt/aaa22500-1d14-4161-b361-89d4e7d74008/Apps/advisor-crm/venv/lib/python3.13/site-packages/django/template/loader_tags.py", line 234, in do_block
    nodelist = parser.parse(("endblock",))
  File "/mnt/aaa22500-1d14-4161-b361-89d4e7d74008/Apps/advisor-crm/venv/lib/python3.13/site-packages/django/template/base.py", line 489, in parse
    raise self.error(token, e)
  File "/mnt/aaa22500-1d14-4161-b361-89d4e7d74008/Apps/advisor-crm/venv/lib/python3.13/site-packages/django/template/base.py", line 487, in parse
    filter_expression = self.compile_filter(token.contents)
  File "/mnt/aaa22500-1d14-4161-b361-89d4e7d74008/Apps/advisor-crm/venv/lib/python3.13/site-packages/django/template/base.py", line 609, in compile_filter
    return FilterExpression(token, self)
  File "/mnt/aaa22500-1d14-4161-b361-89d4e7d74008/Apps/advisor-crm/venv/lib/python3.13/site-packages/django/template/base.py", line 705, in __init__
    filter_func = parser.find_filter(filter_name)
  File "/mnt/aaa22500-1d14-4161-b361-89d4e7d74008/Apps/advisor-crm/venv/lib/python3.13/site-packages/django/template/base.py", line 615, in find_filter
    raise TemplateSyntaxError("Invalid filter: '%s'" % filter_name)
django.template.exceptions.TemplateSyntaxError: Invalid filter: 'format_name'
Internal Server Error: /dashboard/
Traceback (most recent call last):
  File "/mnt/aaa22500-1d14-4161-b361-89d4e7d74008/Apps/advisor-crm/venv/lib/python3.13/site-packages/django/core/handlers/exception.py", line 55, in inner
    response = get_response(request)
  File "/mnt/aaa22500-1d14-4161-b361-89d4e7d74008/Apps/advisor-crm/venv/lib/python3.13/site-packages/django/core/handlers/base.py", line 197, in _get_response
    response = wrapped_callback(request, *callback_args, **callback_kwargs)
  File "/mnt/aaa22500-1d14-4161-b361-89d4e7d74008/Apps/advisor-crm/venv/lib/python3.13/site-packages/django/contrib/auth/decorators.py", line 59, in _view_wrapper
    return view_func(request, *args, **kwargs)
  File "/mnt/aaa22500-1d14-4161-b361-89d4e7d74008/Apps/advisor-crm/advisor_crm/crm/views.py", line 93, in dashboard
    return render(request, 'crm/dashboard.html', context)
  File "/mnt/aaa22500-1d14-4161-b361-89d4e7d74008/Apps/advisor-crm/venv/lib/python3.13/site-packages/django/shortcuts.py", line 25, in render
    content = loader.render_to_string(template_name, context, request, using=using)
  File "/mnt/aaa22500-1d14-4161-b361-89d4e7d74008/Apps/advisor-crm/venv/lib/python3.13/site-packages/django/template/loader.py", line 62, in render_to_string
    return template.render(context, request)
           ~~~~~~~~~~~~~~~^^^^^^^^^^^^^^^^^^
  File "/mnt/aaa22500-1d14-4161-b361-89d4e7d74008/Apps/advisor-crm/venv/lib/python3.13/site-packages/django/template/backends/django.py", line 107, in render
    return self.template.render(context)
           ~~~~~~~~~~~~~~~~~~~~^^^^^^^^^
  File "/mnt/aaa22500-1d14-4161-b361-89d4e7d74008/Apps/advisor-crm/venv/lib/python3.13/site-packages/django/template/base.py", line 171, in render
    return self._render(context)
           ~~~~~~~~~~~~^^^^^^^^^
  File "/mnt/aaa22500-1d14-4161-b361-89d4e7d74008/Apps/advisor-crm/venv/lib/python3.13/site-packages/django/template/base.py", line 163, in _render
    return self.nodelist.render(context)
           ~~~~~~~~~~~~~~~~~~~~^^^^^^^^^
  File "/mnt/aaa22500-1d14-4161-b361-89d4e7d74008/Apps/advisor-crm/venv/lib/python3.13/site-packages/django/template/base.py", line 1016, in render
    return SafeString("".join([node.render_annotated(context) for node in self]))
                               ~~~~~~~~~~~~~~~~~~~~~^^^^^^^^^
  File "/mnt/aaa22500-1d14-4161-b361-89d4e7d74008/Apps/advisor-crm/venv/lib/python3.13/site-packages/django/template/base.py", line 977, in render_annotated
    return self.render(context)
           ~~~~~~~~~~~^^^^^^^^^
  File "/mnt/aaa22500-1d14-4161-b361-89d4e7d74008/Apps/advisor-crm/venv/lib/python3.13/site-packages/django/template/loader_tags.py", line 134, in render
    compiled_parent = self.get_parent(context)
  File "/mnt/aaa22500-1d14-4161-b361-89d4e7d74008/Apps/advisor-crm/venv/lib/python3.13/site-packages/django/template/loader_tags.py", line 131, in get_parent
    return self.find_template(parent, context)
           ~~~~~~~~~~~~~~~~~~^^^^^^^^^^^^^^^^^
  File "/mnt/aaa22500-1d14-4161-b361-89d4e7d74008/Apps/advisor-crm/venv/lib/python3.13/site-packages/django/template/loader_tags.py", line 109, in find_template
    template, origin = context.template.engine.find_template(
                       ~~~~~~~~~~~~~~~~~~~~~~~~~~~~~~~~~~~~~^
        template_name,
        ^^^^^^^^^^^^^^
        skip=history,
        ^^^^^^^^^^^^^
    )
    ^
  File "/mnt/aaa22500-1d14-4161-b361-89d4e7d74008/Apps/advisor-crm/venv/lib/python3.13/site-packages/django/template/engine.py", line 159, in find_template
    template = loader.get_template(name, skip=skip)
  File "/mnt/aaa22500-1d14-4161-b361-89d4e7d74008/Apps/advisor-crm/venv/lib/python3.13/site-packages/django/template/loaders/cached.py", line 57, in get_template
    template = super().get_template(template_name, skip)
  File "/mnt/aaa22500-1d14-4161-b361-89d4e7d74008/Apps/advisor-crm/venv/lib/python3.13/site-packages/django/template/loaders/base.py", line 28, in get_template
    return Template(
        contents,
    ...<2 lines>...
        self.engine,
    )
  File "/mnt/aaa22500-1d14-4161-b361-89d4e7d74008/Apps/advisor-crm/venv/lib/python3.13/site-packages/django/template/base.py", line 154, in __init__
    self.nodelist = self.compile_nodelist()
                    ~~~~~~~~~~~~~~~~~~~~~^^
  File "/mnt/aaa22500-1d14-4161-b361-89d4e7d74008/Apps/advisor-crm/venv/lib/python3.13/site-packages/django/template/base.py", line 196, in compile_nodelist
    nodelist = parser.parse()
  File "/mnt/aaa22500-1d14-4161-b361-89d4e7d74008/Apps/advisor-crm/venv/lib/python3.13/site-packages/django/template/base.py", line 518, in parse
    raise self.error(token, e)
  File "/mnt/aaa22500-1d14-4161-b361-89d4e7d74008/Apps/advisor-crm/venv/lib/python3.13/site-packages/django/template/base.py", line 516, in parse
    compiled_result = compile_func(self, token)
  File "/mnt/aaa22500-1d14-4161-b361-89d4e7d74008/Apps/advisor-crm/venv/lib/python3.13/site-packages/django/template/defaulttags.py", line 962, in do_if
    nodelist = parser.parse(("elif", "else", "endif"))
  File "/mnt/aaa22500-1d14-4161-b361-89d4e7d74008/Apps/advisor-crm/venv/lib/python3.13/site-packages/django/template/base.py", line 518, in parse
    raise self.error(token, e)
  File "/mnt/aaa22500-1d14-4161-b361-89d4e7d74008/Apps/advisor-crm/venv/lib/python3.13/site-packages/django/template/base.py", line 516, in parse
    compiled_result = compile_func(self, token)
  File "/mnt/aaa22500-1d14-4161-b361-89d4e7d74008/Apps/advisor-crm/venv/lib/python3.13/site-packages/django/template/defaulttags.py", line 962, in do_if
    nodelist = parser.parse(("elif", "else", "endif"))
  File "/mnt/aaa22500-1d14-4161-b361-89d4e7d74008/Apps/advisor-crm/venv/lib/python3.13/site-packages/django/template/base.py", line 489, in parse
    raise self.error(token, e)
  File "/mnt/aaa22500-1d14-4161-b361-89d4e7d74008/Apps/advisor-crm/venv/lib/python3.13/site-packages/django/template/base.py", line 487, in parse
    filter_expression = self.compile_filter(token.contents)
  File "/mnt/aaa22500-1d14-4161-b361-89d4e7d74008/Apps/advisor-crm/venv/lib/python3.13/site-packages/django/template/base.py", line 609, in compile_filter
    return FilterExpression(token, self)
  File "/mnt/aaa22500-1d14-4161-b361-89d4e7d74008/Apps/advisor-crm/venv/lib/python3.13/site-packages/django/template/base.py", line 705, in __init__
    filter_func = parser.find_filter(filter_name)
  File "/mnt/aaa22500-1d14-4161-b361-89d4e7d74008/Apps/advisor-crm/venv/lib/python3.13/site-packages/django/template/base.py", line 615, in find_filter
    raise TemplateSyntaxError("Invalid filter: '%s'" % filter_name)
django.template.exceptions.TemplateSyntaxError: Invalid filter: 'format_name'
Internal Server Error: /dashboard/
Traceback (most recent call last):
  File "/mnt/aaa22500-1d14-4161-b361-89d4e7d74008/Apps/advisor-crm/venv/lib/python3.13/site-packages/django/core/handlers/exception.py", line 55, in inner
    response = get_response(request)
  File "/mnt/aaa22500-1d14-4161-b361-89d4e7d74008/Apps/advisor-crm/venv/lib/python3.13/site-packages/django/core/handlers/base.py", line 197, in _get_response
    response = wrapped_callback(request, *callback_args, **callback_kwargs)
  File "/mnt/aaa22500-1d14-4161-b361-89d4e7d74008/Apps/advisor-crm/venv/lib/python3.13/site-packages/django/contrib/auth/decorators.py", line 59, in _view_wrapper
    return view_func(request, *args, **kwargs)
  File "/mnt/aaa22500-1d14-4161-b361-89d4e7d74008/Apps/advisor-crm/advisor_crm/crm/views.py", line 93, in dashboard
    return render(request, 'crm/dashboard.html', context)
  File "/mnt/aaa22500-1d14-4161-b361-89d4e7d74008/Apps/advisor-crm/venv/lib/python3.13/site-packages/django/shortcuts.py", line 25, in render
    content = loader.render_to_string(template_name, context, request, using=using)
  File "/mnt/aaa22500-1d14-4161-b361-89d4e7d74008/Apps/advisor-crm/venv/lib/python3.13/site-packages/django/template/loader.py", line 62, in render_to_string
    return template.render(context, request)
           ~~~~~~~~~~~~~~~^^^^^^^^^^^^^^^^^^
  File "/mnt/aaa22500-1d14-4161-b361-89d4e7d74008/Apps/advisor-crm/venv/lib/python3.13/site-packages/django/template/backends/django.py", line 107, in render
    return self.template.render(context)
           ~~~~~~~~~~~~~~~~~~~~^^^^^^^^^
  File "/mnt/aaa22500-1d14-4161-b361-89d4e7d74008/Apps/advisor-crm/venv/lib/python3.13/site-packages/django/template/base.py", line 171, in render
    return self._render(context)
           ~~~~~~~~~~~~^^^^^^^^^
  File "/mnt/aaa22500-1d14-4161-b361-89d4e7d74008/Apps/advisor-crm/venv/lib/python3.13/site-packages/django/template/base.py", line 163, in _render
    return self.nodelist.render(context)
           ~~~~~~~~~~~~~~~~~~~~^^^^^^^^^
  File "/mnt/aaa22500-1d14-4161-b361-89d4e7d74008/Apps/advisor-crm/venv/lib/python3.13/site-packages/django/template/base.py", line 1016, in render
    return SafeString("".join([node.render_annotated(context) for node in self]))
                               ~~~~~~~~~~~~~~~~~~~~~^^^^^^^^^
  File "/mnt/aaa22500-1d14-4161-b361-89d4e7d74008/Apps/advisor-crm/venv/lib/python3.13/site-packages/django/template/base.py", line 977, in render_annotated
    return self.render(context)
           ~~~~~~~~~~~^^^^^^^^^
  File "/mnt/aaa22500-1d14-4161-b361-89d4e7d74008/Apps/advisor-crm/venv/lib/python3.13/site-packages/django/template/loader_tags.py", line 134, in render
    compiled_parent = self.get_parent(context)
  File "/mnt/aaa22500-1d14-4161-b361-89d4e7d74008/Apps/advisor-crm/venv/lib/python3.13/site-packages/django/template/loader_tags.py", line 131, in get_parent
    return self.find_template(parent, context)
           ~~~~~~~~~~~~~~~~~~^^^^^^^^^^^^^^^^^
  File "/mnt/aaa22500-1d14-4161-b361-89d4e7d74008/Apps/advisor-crm/venv/lib/python3.13/site-packages/django/template/loader_tags.py", line 109, in find_template
    template, origin = context.template.engine.find_template(
                       ~~~~~~~~~~~~~~~~~~~~~~~~~~~~~~~~~~~~~^
        template_name,
        ^^^^^^^^^^^^^^
        skip=history,
        ^^^^^^^^^^^^^
    )
    ^
  File "/mnt/aaa22500-1d14-4161-b361-89d4e7d74008/Apps/advisor-crm/venv/lib/python3.13/site-packages/django/template/engine.py", line 159, in find_template
    template = loader.get_template(name, skip=skip)
  File "/mnt/aaa22500-1d14-4161-b361-89d4e7d74008/Apps/advisor-crm/venv/lib/python3.13/site-packages/django/template/loaders/cached.py", line 57, in get_template
    template = super().get_template(template_name, skip)
  File "/mnt/aaa22500-1d14-4161-b361-89d4e7d74008/Apps/advisor-crm/venv/lib/python3.13/site-packages/django/template/loaders/base.py", line 28, in get_template
    return Template(
        contents,
    ...<2 lines>...
        self.engine,
    )
  File "/mnt/aaa22500-1d14-4161-b361-89d4e7d74008/Apps/advisor-crm/venv/lib/python3.13/site-packages/django/template/base.py", line 154, in __init__
    self.nodelist = self.compile_nodelist()
                    ~~~~~~~~~~~~~~~~~~~~~^^
  File "/mnt/aaa22500-1d14-4161-b361-89d4e7d74008/Apps/advisor-crm/venv/lib/python3.13/site-packages/django/template/base.py", line 196, in compile_nodelist
    nodelist = parser.parse()
  File "/mnt/aaa22500-1d14-4161-b361-89d4e7d74008/Apps/advisor-crm/venv/lib/python3.13/site-packages/django/template/base.py", line 518, in parse
    raise self.error(token, e)
  File "/mnt/aaa22500-1d14-4161-b361-89d4e7d74008/Apps/advisor-crm/venv/lib/python3.13/site-packages/django/template/base.py", line 516, in parse
    compiled_result = compile_func(self, token)
  File "/mnt/aaa22500-1d14-4161-b361-89d4e7d74008/Apps/advisor-crm/venv/lib/python3.13/site-packages/django/template/defaulttags.py", line 962, in do_if
    nodelist = parser.parse(("elif", "else", "endif"))
  File "/mnt/aaa22500-1d14-4161-b361-89d4e7d74008/Apps/advisor-crm/venv/lib/python3.13/site-packages/django/template/base.py", line 518, in parse
    raise self.error(token, e)
  File "/mnt/aaa22500-1d14-4161-b361-89d4e7d74008/Apps/advisor-crm/venv/lib/python3.13/site-packages/django/template/base.py", line 516, in parse
    compiled_result = compile_func(self, token)
  File "/mnt/aaa22500-1d14-4161-b361-89d4e7d74008/Apps/advisor-crm/venv/lib/python3.13/site-packages/django/template/defaulttags.py", line 962, in do_if
    nodelist = parser.parse(("elif", "else", "endif"))
  File "/mnt/aaa22500-1d14-4161-b361-89d4e7d74008/Apps/advisor-crm/venv/lib/python3.13/site-packages/django/template/base.py", line 489, in parse
    raise self.error(token, e)
  File "/mnt/aaa22500-1d14-4161-b361-89d4e7d74008/Apps/advisor-crm/venv/lib/python3.13/site-packages/django/template/base.py", line 487, in parse
    filter_expression = self.compile_filter(token.contents)
  File "/mnt/aaa22500-1d14-4161-b361-89d4e7d74008/Apps/advisor-crm/venv/lib/python3.13/site-packages/django/template/base.py", line 609, in compile_filter
    return FilterExpression(token, self)
  File "/mnt/aaa22500-1d14-4161-b361-89d4e7d74008/Apps/advisor-crm/venv/lib/python3.13/site-packages/django/template/base.py", line 705, in __init__
    filter_func = parser.find_filter(filter_name)
  File "/mnt/aaa22500-1d14-4161-b361-89d4e7d74008/Apps/advisor-crm/venv/lib/python3.13/site-packages/django/template/base.py", line 615, in find_filter
    raise TemplateSyntaxError("Invalid filter: '%s'" % filter_name)
django.template.exceptions.TemplateSyntaxError: Invalid filter: 'format_name'
Internal Server Error: /dashboard/
Traceback (most recent call last):
  File "/mnt/aaa22500-1d14-4161-b361-89d4e7d74008/Apps/advisor-crm/venv/lib/python3.13/site-packages/django/core/handlers/exception.py", line 55, in inner
    response = get_response(request)
  File "/mnt/aaa22500-1d14-4161-b361-89d4e7d74008/Apps/advisor-crm/venv/lib/python3.13/site-packages/django/core/handlers/base.py", line 197, in _get_response
    response = wrapped_callback(request, *callback_args, **callback_kwargs)
  File "/mnt/aaa22500-1d14-4161-b361-89d4e7d74008/Apps/advisor-crm/venv/lib/python3.13/site-packages/django/contrib/auth/decorators.py", line 59, in _view_wrapper
    return view_func(request, *args, **kwargs)
  File "/mnt/aaa22500-1d14-4161-b361-89d4e7d74008/Apps/advisor-crm/advisor_crm/crm/views.py", line 93, in dashboard
    return render(request, 'crm/dashboard.html', context)
  File "/mnt/aaa22500-1d14-4161-b361-89d4e7d74008/Apps/advisor-crm/venv/lib/python3.13/site-packages/django/shortcuts.py", line 25, in render
    content = loader.render_to_string(template_name, context, request, using=using)
  File "/mnt/aaa22500-1d14-4161-b361-89d4e7d74008/Apps/advisor-crm/venv/lib/python3.13/site-packages/django/template/loader.py", line 62, in render_to_string
    return template.render(context, request)
           ~~~~~~~~~~~~~~~^^^^^^^^^^^^^^^^^^
  File "/mnt/aaa22500-1d14-4161-b361-89d4e7d74008/Apps/advisor-crm/venv/lib/python3.13/site-packages/django/template/backends/django.py", line 107, in render
    return self.template.render(context)
           ~~~~~~~~~~~~~~~~~~~~^^^^^^^^^
  File "/mnt/aaa22500-1d14-4161-b361-89d4e7d74008/Apps/advisor-crm/venv/lib/python3.13/site-packages/django/template/base.py", line 171, in render
    return self._render(context)
           ~~~~~~~~~~~~^^^^^^^^^
  File "/mnt/aaa22500-1d14-4161-b361-89d4e7d74008/Apps/advisor-crm/venv/lib/python3.13/site-packages/django/template/base.py", line 163, in _render
    return self.nodelist.render(context)
           ~~~~~~~~~~~~~~~~~~~~^^^^^^^^^
  File "/mnt/aaa22500-1d14-4161-b361-89d4e7d74008/Apps/advisor-crm/venv/lib/python3.13/site-packages/django/template/base.py", line 1016, in render
    return SafeString("".join([node.render_annotated(context) for node in self]))
                               ~~~~~~~~~~~~~~~~~~~~~^^^^^^^^^
  File "/mnt/aaa22500-1d14-4161-b361-89d4e7d74008/Apps/advisor-crm/venv/lib/python3.13/site-packages/django/template/base.py", line 977, in render_annotated
    return self.render(context)
           ~~~~~~~~~~~^^^^^^^^^
  File "/mnt/aaa22500-1d14-4161-b361-89d4e7d74008/Apps/advisor-crm/venv/lib/python3.13/site-packages/django/template/loader_tags.py", line 134, in render
    compiled_parent = self.get_parent(context)
  File "/mnt/aaa22500-1d14-4161-b361-89d4e7d74008/Apps/advisor-crm/venv/lib/python3.13/site-packages/django/template/loader_tags.py", line 131, in get_parent
    return self.find_template(parent, context)
           ~~~~~~~~~~~~~~~~~~^^^^^^^^^^^^^^^^^
  File "/mnt/aaa22500-1d14-4161-b361-89d4e7d74008/Apps/advisor-crm/venv/lib/python3.13/site-packages/django/template/loader_tags.py", line 109, in find_template
    template, origin = context.template.engine.find_template(
                       ~~~~~~~~~~~~~~~~~~~~~~~~~~~~~~~~~~~~~^
        template_name,
        ^^^^^^^^^^^^^^
        skip=history,
        ^^^^^^^^^^^^^
    )
    ^
  File "/mnt/aaa22500-1d14-4161-b361-89d4e7d74008/Apps/advisor-crm/venv/lib/python3.13/site-packages/django/template/engine.py", line 159, in find_template
    template = loader.get_template(name, skip=skip)
  File "/mnt/aaa22500-1d14-4161-b361-89d4e7d74008/Apps/advisor-crm/venv/lib/python3.13/site-packages/django/template/loaders/cached.py", line 57, in get_template
    template = super().get_template(template_name, skip)
  File "/mnt/aaa22500-1d14-4161-b361-89d4e7d74008/Apps/advisor-crm/venv/lib/python3.13/site-packages/django/template/loaders/base.py", line 28, in get_template
    return Template(
        contents,
    ...<2 lines>...
        self.engine,
    )
  File "/mnt/aaa22500-1d14-4161-b361-89d4e7d74008/Apps/advisor-crm/venv/lib/python3.13/site-packages/django/template/base.py", line 154, in __init__
    self.nodelist = self.compile_nodelist()
                    ~~~~~~~~~~~~~~~~~~~~~^^
  File "/mnt/aaa22500-1d14-4161-b361-89d4e7d74008/Apps/advisor-crm/venv/lib/python3.13/site-packages/django/template/base.py", line 196, in compile_nodelist
    nodelist = parser.parse()
  File "/mnt/aaa22500-1d14-4161-b361-89d4e7d74008/Apps/advisor-crm/venv/lib/python3.13/site-packages/django/template/base.py", line 518, in parse
    raise self.error(token, e)
  File "/mnt/aaa22500-1d14-4161-b361-89d4e7d74008/Apps/advisor-crm/venv/lib/python3.13/site-packages/django/template/base.py", line 516, in parse
    compiled_result = compile_func(self, token)
  File "/mnt/aaa22500-1d14-4161-b361-89d4e7d74008/Apps/advisor-crm/venv/lib/python3.13/site-packages/django/template/defaulttags.py", line 962, in do_if
    nodelist = parser.parse(("elif", "else", "endif"))
  File "/mnt/aaa22500-1d14-4161-b361-89d4e7d74008/Apps/advisor-crm/venv/lib/python3.13/site-packages/django/template/base.py", line 518, in parse
    raise self.error(token, e)
  File "/mnt/aaa22500-1d14-4161-b361-89d4e7d74008/Apps/advisor-crm/venv/lib/python3.13/site-packages/django/template/base.py", line 516, in parse
    compiled_result = compile_func(self, token)
  File "/mnt/aaa22500-1d14-4161-b361-89d4e7d74008/Apps/advisor-crm/venv/lib/python3.13/site-packages/django/template/defaulttags.py", line 962, in do_if
    nodelist = parser.parse(("elif", "else", "endif"))
  File "/mnt/aaa22500-1d14-4161-b361-89d4e7d74008/Apps/advisor-crm/venv/lib/python3.13/site-packages/django/template/base.py", line 489, in parse
    raise self.error(token, e)
  File "/mnt/aaa22500-1d14-4161-b361-89d4e7d74008/Apps/advisor-crm/venv/lib/python3.13/site-packages/django/template/base.py", line 487, in parse
    filter_expression = self.compile_filter(token.contents)
  File "/mnt/aaa22500-1d14-4161-b361-89d4e7d74008/Apps/advisor-crm/venv/lib/python3.13/site-packages/django/template/base.py", line 609, in compile_filter
    return FilterExpression(token, self)
  File "/mnt/aaa22500-1d14-4161-b361-89d4e7d74008/Apps/advisor-crm/venv/lib/python3.13/site-packages/django/template/base.py", line 705, in __init__
    filter_func = parser.find_filter(filter_name)
  File "/mnt/aaa22500-1d14-4161-b361-89d4e7d74008/Apps/advisor-crm/venv/lib/python3.13/site-packages/django/template/base.py", line 615, in find_filter
    raise TemplateSyntaxError("Invalid filter: '%s'" % filter_name)
django.template.exceptions.TemplateSyntaxError: Invalid filter: 'format_name'
Internal Server Error: /dashboard/
Traceback (most recent call last):
  File "/mnt/aaa22500-1d14-4161-b361-89d4e7d74008/Apps/advisor-crm/venv/lib/python3.13/site-packages/django/core/handlers/exception.py", line 55, in inner
    response = get_response(request)
  File "/mnt/aaa22500-1d14-4161-b361-89d4e7d74008/Apps/advisor-crm/venv/lib/python3.13/site-packages/django/core/handlers/base.py", line 197, in _get_response
    response = wrapped_callback(request, *callback_args, **callback_kwargs)
  File "/mnt/aaa22500-1d14-4161-b361-89d4e7d74008/Apps/advisor-crm/venv/lib/python3.13/site-packages/django/contrib/auth/decorators.py", line 59, in _view_wrapper
    return view_func(request, *args, **kwargs)
  File "/mnt/aaa22500-1d14-4161-b361-89d4e7d74008/Apps/advisor-crm/advisor_crm/crm/views.py", line 93, in dashboard
    return render(request, 'crm/dashboard.html', context)
  File "/mnt/aaa22500-1d14-4161-b361-89d4e7d74008/Apps/advisor-crm/venv/lib/python3.13/site-packages/django/shortcuts.py", line 25, in render
    content = loader.render_to_string(template_name, context, request, using=using)
  File "/mnt/aaa22500-1d14-4161-b361-89d4e7d74008/Apps/advisor-crm/venv/lib/python3.13/site-packages/django/template/loader.py", line 62, in render_to_string
    return template.render(context, request)
           ~~~~~~~~~~~~~~~^^^^^^^^^^^^^^^^^^
  File "/mnt/aaa22500-1d14-4161-b361-89d4e7d74008/Apps/advisor-crm/venv/lib/python3.13/site-packages/django/template/backends/django.py", line 107, in render
    return self.template.render(context)
           ~~~~~~~~~~~~~~~~~~~~^^^^^^^^^
  File "/mnt/aaa22500-1d14-4161-b361-89d4e7d74008/Apps/advisor-crm/venv/lib/python3.13/site-packages/django/template/base.py", line 171, in render
    return self._render(context)
           ~~~~~~~~~~~~^^^^^^^^^
  File "/mnt/aaa22500-1d14-4161-b361-89d4e7d74008/Apps/advisor-crm/venv/lib/python3.13/site-packages/django/template/base.py", line 163, in _render
    return self.nodelist.render(context)
           ~~~~~~~~~~~~~~~~~~~~^^^^^^^^^
  File "/mnt/aaa22500-1d14-4161-b361-89d4e7d74008/Apps/advisor-crm/venv/lib/python3.13/site-packages/django/template/base.py", line 1016, in render
    return SafeString("".join([node.render_annotated(context) for node in self]))
                               ~~~~~~~~~~~~~~~~~~~~~^^^^^^^^^
  File "/mnt/aaa22500-1d14-4161-b361-89d4e7d74008/Apps/advisor-crm/venv/lib/python3.13/site-packages/django/template/base.py", line 977, in render_annotated
    return self.render(context)
           ~~~~~~~~~~~^^^^^^^^^
  File "/mnt/aaa22500-1d14-4161-b361-89d4e7d74008/Apps/advisor-crm/venv/lib/python3.13/site-packages/django/template/loader_tags.py", line 134, in render
    compiled_parent = self.get_parent(context)
  File "/mnt/aaa22500-1d14-4161-b361-89d4e7d74008/Apps/advisor-crm/venv/lib/python3.13/site-packages/django/template/loader_tags.py", line 131, in get_parent
    return self.find_template(parent, context)
           ~~~~~~~~~~~~~~~~~~^^^^^^^^^^^^^^^^^
  File "/mnt/aaa22500-1d14-4161-b361-89d4e7d74008/Apps/advisor-crm/venv/lib/python3.13/site-packages/django/template/loader_tags.py", line 109, in find_template
    template, origin = context.template.engine.find_template(
                       ~~~~~~~~~~~~~~~~~~~~~~~~~~~~~~~~~~~~~^
        template_name,
        ^^^^^^^^^^^^^^
        skip=history,
        ^^^^^^^^^^^^^
    )
    ^
  File "/mnt/aaa22500-1d14-4161-b361-89d4e7d74008/Apps/advisor-crm/venv/lib/python3.13/site-packages/django/template/engine.py", line 159, in find_template
    template = loader.get_template(name, skip=skip)
  File "/mnt/aaa22500-1d14-4161-b361-89d4e7d74008/Apps/advisor-crm/venv/lib/python3.13/site-packages/django/template/loaders/cached.py", line 57, in get_template
    template = super().get_template(template_name, skip)
  File "/mnt/aaa22500-1d14-4161-b361-89d4e7d74008/Apps/advisor-crm/venv/lib/python3.13/site-packages/django/template/loaders/base.py", line 28, in get_template
    return Template(
        contents,
    ...<2 lines>...
        self.engine,
    )
  File "/mnt/aaa22500-1d14-4161-b361-89d4e7d74008/Apps/advisor-crm/venv/lib/python3.13/site-packages/django/template/base.py", line 154, in __init__
    self.nodelist = self.compile_nodelist()
                    ~~~~~~~~~~~~~~~~~~~~~^^
  File "/mnt/aaa22500-1d14-4161-b361-89d4e7d74008/Apps/advisor-crm/venv/lib/python3.13/site-packages/django/template/base.py", line 196, in compile_nodelist
    nodelist = parser.parse()
  File "/mnt/aaa22500-1d14-4161-b361-89d4e7d74008/Apps/advisor-crm/venv/lib/python3.13/site-packages/django/template/base.py", line 518, in parse
    raise self.error(token, e)
  File "/mnt/aaa22500-1d14-4161-b361-89d4e7d74008/Apps/advisor-crm/venv/lib/python3.13/site-packages/django/template/base.py", line 516, in parse
    compiled_result = compile_func(self, token)
  File "/mnt/aaa22500-1d14-4161-b361-89d4e7d74008/Apps/advisor-crm/venv/lib/python3.13/site-packages/django/template/defaulttags.py", line 962, in do_if
    nodelist = parser.parse(("elif", "else", "endif"))
  File "/mnt/aaa22500-1d14-4161-b361-89d4e7d74008/Apps/advisor-crm/venv/lib/python3.13/site-packages/django/template/base.py", line 518, in parse
    raise self.error(token, e)
  File "/mnt/aaa22500-1d14-4161-b361-89d4e7d74008/Apps/advisor-crm/venv/lib/python3.13/site-packages/django/template/base.py", line 516, in parse
    compiled_result = compile_func(self, token)
  File "/mnt/aaa22500-1d14-4161-b361-89d4e7d74008/Apps/advisor-crm/venv/lib/python3.13/site-packages/django/template/defaulttags.py", line 962, in do_if
    nodelist = parser.parse(("elif", "else", "endif"))
  File "/mnt/aaa22500-1d14-4161-b361-89d4e7d74008/Apps/advisor-crm/venv/lib/python3.13/site-packages/django/template/base.py", line 489, in parse
    raise self.error(token, e)
  File "/mnt/aaa22500-1d14-4161-b361-89d4e7d74008/Apps/advisor-crm/venv/lib/python3.13/site-packages/django/template/base.py", line 487, in parse
    filter_expression = self.compile_filter(token.contents)
  File "/mnt/aaa22500-1d14-4161-b361-89d4e7d74008/Apps/advisor-crm/venv/lib/python3.13/site-packages/django/template/base.py", line 609, in compile_filter
    return FilterExpression(token, self)
  File "/mnt/aaa22500-1d14-4161-b361-89d4e7d74008/Apps/advisor-crm/venv/lib/python3.13/site-packages/django/template/base.py", line 705, in __init__
    filter_func = parser.find_filter(filter_name)
  File "/mnt/aaa22500-1d14-4161-b361-89d4e7d74008/Apps/advisor-crm/venv/lib/python3.13/site-packages/django/template/base.py", line 615, in find_filter
    raise TemplateSyntaxError("Invalid filter: '%s'" % filter_name)
django.template.exceptions.TemplateSyntaxError: Invalid filter: 'format_name'
